# https://github.com/mikedh/trimesh
v -3.16618662 -1.56348277 -2.49242222
v -3.11970103 -1.59567940 -2.50856337
v -3.14547788 -1.55563889 -2.53681786
v -3.17280472 -1.56426071 -2.42219916
v -3.13367424 -1.60197982 -2.44362822
v -3.17248589 -1.56349790 -2.34582735
v -3.13563438 -1.60136742 -2.36795275
v -3.17165214 -1.56320228 -2.27001269
v -3.13462827 -1.60063498 -2.29161737
v -3.17150925 -1.56322171 -2.19497341
v -3.13416471 -1.60054197 -2.21634497
v -3.17157062 -1.56325154 -2.12004014
v -3.13418711 -1.60059426 -2.14141908
v -3.17158894 -1.56325224 -2.04505044
v -3.13423331 -1.60060690 -2.06645262
v -3.17158505 -1.56325019 -1.97004636
v -3.13423438 -1.60060368 -1.99144985
v -3.17158390 -1.56325018 -1.89504567
v -3.13423120 -1.60060288 -1.91644755
v -3.17158414 -1.56325028 -1.82004589
v -3.13423121 -1.60060308 -1.84144771
v -3.17158418 -1.56325027 -1.74504591
v -3.13423136 -1.60060310 -1.76644781
v -3.17158417 -1.56325027 -1.67004590
v -3.13423135 -1.60060309 -1.69144780
v -3.17158417 -1.56325027 -1.59504590
v -3.13423134 -1.60060309 -1.61644779
v -3.17158417 -1.56325027 -1.52004590
v -3.13423134 -1.60060309 -1.54144779
v -3.17158417 -1.56325027 -1.44504590
v -3.13423134 -1.60060309 -1.46644779
v -3.17158417 -1.56325027 -1.37004590
v -3.13423134 -1.60060309 -1.39144779
v -3.17158417 -1.56325027 -1.29504591
v -3.13423134 -1.60060309 -1.31644779
v -3.17158417 -1.56325027 -1.22004591
v -3.13423134 -1.60060309 -1.24144779
v -3.17158417 -1.56325027 -1.14504591
v -3.13423134 -1.60060309 -1.16644779
v -3.17158417 -1.56325026 -1.07004590
v -3.13423135 -1.60060308 -1.09144779
v -3.17158417 -1.56325026 -0.99504590
v -3.13423135 -1.60060309 -1.01644780
v -3.17158417 -1.56325030 -0.92004594
v -3.13423132 -1.60060317 -0.94144784
v -3.17158411 -1.56325035 -0.84504600
v -3.13423122 -1.60060316 -0.86644785
v -3.17158402 -1.56325025 -0.77004593
v -3.13423124 -1.60060278 -0.79144746
v -3.17158405 -1.56325002 -0.69504552
v -3.13423173 -1.60060224 -0.71644653
v -3.17158429 -1.56324986 -0.62004485
v -3.13423270 -1.60060228 -0.64144580
v -3.17158464 -1.56324991 -0.54504412
v -3.13423357 -1.60060274 -0.56644591
v -3.17158498 -1.56324998 -0.47004325
v -3.13423417 -1.60060253 -0.49144576
v -3.17158538 -1.56324994 -0.39504198
v -3.13423520 -1.60060141 -0.41644387
v -3.17158598 -1.56324971 -0.32004047
v -3.13423706 -1.60060033 -0.34144099
v -3.17158674 -1.56324913 -0.24503917
v -3.13423885 -1.60059975 -0.26643960
v -3.17158757 -1.56324815 -0.17003807
v -3.13423939 -1.60059876 -0.19144037
v -3.17158845 -1.56324685 -0.09503661
v -3.13423907 -1.60059654 -0.11644074
v -3.17158945 -1.56324536 -0.02003433
v -3.13423971 -1.60059417 -0.04143840
v -3.17159067 -1.56324399 0.05496820
v -3.13424193 -1.60059380 0.03356337
v -3.17159188 -1.56324299 0.12996933
v -3.13424306 -1.60059608 0.10855709
v -3.17159247 -1.56324232 0.20496813
v -3.13423909 -1.60060048 0.18353968
v -3.17159222 -1.56324192 0.27996558
v -3.13422880 -1.60060701 0.25851624
v -3.17159185 -1.56324219 0.35496322
v -3.13421505 -1.60061574 0.33349428
v -3.17159203 -1.56324336 0.42996146
v -3.13420260 -1.60062574 0.40847892
v -3.17159244 -1.56324451 0.50496025
v -3.13419575 -1.60063386 0.48347373
v -3.17159257 -1.56324440 0.57996026
v -3.13419643 -1.60063504 0.55848068
v -3.17159267 -1.56324324 0.65496198
v -3.13420363 -1.60062706 0.63349769
v -3.17159306 -1.56324231 0.72996453
v -3.13421498 -1.60061374 0.70851935
v -3.17159318 -1.56324214 0.80496665
v -3.13422794 -1.60060078 0.78354054
v -3.17159257 -1.56324241 0.87996814
v -3.13423940 -1.60059212 0.85855714
v -3.17159184 -1.56324298 0.95496889
v -3.13424590 -1.60059032 0.93356378
v -3.17159159 -1.56324384 1.02996783
v -3.13424541 -1.60059494 1.00855614
v -3.17159123 -1.56324475 1.10496445
v -3.13423850 -1.60060162 1.08353790
v -3.17159016 -1.56324546 1.17996055
v -3.13422824 -1.60060570 1.15852069
v -3.17158921 -1.56324596 1.25495877
v -3.13421945 -1.60060518 1.23351523
v -3.17158934 -1.56324622 1.32996004
v -3.13421755 -1.60060077 1.30852512
v -3.17159016 -1.56324612 1.40496328
v -3.13422527 -1.60059582 1.38354542
v -3.17159059 -1.56324576 1.47996632
v -3.13423817 -1.60059403 1.45856259
v -3.17159042 -1.56324552 1.55496696
v -3.13424571 -1.60059659 1.53356189
v -3.17158997 -1.56324580 1.62996445
v -3.13424067 -1.60060272 1.60854110
v -3.17158936 -1.56324655 1.70496033
v -3.13422618 -1.60061053 1.68351410
v -3.17158909 -1.56324726 1.77995661
v -3.13421207 -1.60061628 1.75849783
v -3.17158847 -1.56324867 1.85495564
v -3.13420462 -1.60061724 1.83349949
v -3.17158499 -1.56325322 1.92996771
v -3.13419954 -1.60061773 1.90852056
v -3.17159182 -1.56324834 2.00499052
v -3.13421080 -1.60061701 1.98355720
v -3.17163465 -1.56319612 2.07991709
v -3.13431435 -1.60056323 2.05854727
v -3.17162808 -1.56315651 2.15460753
v -3.13445678 -1.60042473 2.13335381
v -3.17139562 -1.56342653 2.22958704
v -3.13404076 -1.60056814 2.20816491
v -3.17133465 -1.56400977 2.30664787
v -3.13250915 -1.60173528 2.28422992
v -3.17244855 -1.56360401 2.38650458
v -3.13164429 -1.60330050 2.36292799
v -3.17262885 -1.56052354 2.46202798
v -3.13590658 -1.60123190 2.44016885
v -3.16172752 -1.55581119 2.51480194
v -3.14466705 -1.59092156 2.49675345
v -3.12665049 -1.57381530 2.53185238
v -3.17285040 -1.50005373 -2.50848957
v -3.13691524 -1.50005690 -2.54701491
v -3.18390699 -1.50065135 -2.44361624
v -3.18447064 -1.50013987 -2.36796766
v -3.18334926 -1.49977664 -2.29162790
v -3.18297241 -1.49974330 -2.21634631
v -3.18301272 -1.49977918 -2.14141808
v -3.18305379 -1.49978701 -2.06645236
v -3.18305371 -1.49978460 -1.99144991
v -3.18305083 -1.49978404 -1.91644757
v -3.18305088 -1.49978418 -1.84144770
v -3.18305102 -1.49978420 -1.76644781
v -3.18305101 -1.49978419 -1.69144780
v -3.18305100 -1.49978420 -1.61644779
v -3.18305100 -1.49978420 -1.54144780
v -3.18305100 -1.49978420 -1.46644780
v -3.18305100 -1.49978420 -1.39144780
v -3.18305100 -1.49978420 -1.31644780
v -3.18305100 -1.49978420 -1.24144780
v -3.18305100 -1.49978420 -1.16644779
v -3.18305100 -1.49978420 -1.09144779
v -3.18305100 -1.49978419 -1.01644779
v -3.18305101 -1.49978419 -0.94144779
v -3.18305101 -1.49978420 -0.86644780
v -3.18305100 -1.49978424 -0.79144785
v -3.18305095 -1.49978425 -0.71644791
v -3.18305088 -1.49978421 -0.64144791
v -3.18305084 -1.49978418 -0.56644783
v -3.18305082 -1.49978421 -0.49144778
v -3.18305075 -1.49978431 -0.41644783
v -3.18305065 -1.49978440 -0.34144791
v -3.18305058 -1.49978443 -0.26644788
v -3.18305061 -1.49978445 -0.19144774
v -3.18305069 -1.49978450 -0.11644765
v -3.18305070 -1.49978449 -0.04144761
v -3.18305065 -1.49978429 0.03355275
v -3.18305081 -1.49978390 0.10855387
v -3.18305145 -1.49978333 0.18355573
v -3.18305252 -1.49978253 0.25855786
v -3.18305382 -1.49978156 0.33355986
v -3.18305507 -1.49978066 0.40856129
v -3.18305587 -1.49978014 0.48356167
v -3.18305588 -1.49978019 0.55856080
v -3.18305515 -1.49978085 0.63355908
v -3.18305400 -1.49978198 0.70855709
v -3.18305273 -1.49978322 0.78355513
v -3.18305151 -1.49978411 0.85855360
v -3.18305069 -1.49978435 0.93355311
v -3.18305066 -1.49978404 1.00855394
v -3.18305135 -1.49978357 1.08355539
v -3.18305225 -1.49978330 1.15855645
v -3.18305288 -1.49978339 1.23355655
v -3.18305296 -1.49978382 1.30855565
v -3.18305238 -1.49978428 1.38355418
v -3.18305136 -1.49978440 1.45855314
v -3.18305072 -1.49978409 1.53355355
v -3.18305118 -1.49978347 1.60855539
v -3.18305243 -1.49978277 1.68355745
v -3.18305329 -1.49978237 1.75855802
v -3.18305423 -1.49978287 1.83355681
v -3.18305844 -1.49978324 1.90856017
v -3.18305908 -1.49977878 1.98357465
v -3.18302159 -1.49977410 2.05854960
v -3.18293413 -1.49981642 2.13335989
v -3.18300806 -1.49993814 2.20818125
v -3.18387357 -1.49981391 2.28414752
v -3.18582796 -1.49857796 2.36253040
v -3.18559119 -1.49650096 2.44046806
v -3.17206833 -1.49921985 2.50601065
v -3.13136971 -1.52101360 2.54274051
v -3.17081791 -1.42460256 -2.50890585
v -3.13221104 -1.42456820 -2.54638625
v -3.18372198 -1.42454090 -2.44556658
v -3.18435607 -1.42425758 -2.37029150
v -3.18284080 -1.42399464 -2.29351221
v -3.18221114 -1.42394509 -2.21794272
v -3.18220793 -1.42397615 -2.14298505
v -3.18227059 -1.42398917 -2.06804666
v -3.18227882 -1.42398759 -1.99305092
v -3.18227460 -1.42398644 -1.91804682
v -3.18227400 -1.42398654 -1.84304646
v -3.18227424 -1.42398660 -1.76804667
v -3.18227425 -1.42398659 -1.69304668
v -3.18227424 -1.42398659 -1.61804667
v -3.18227424 -1.42398659 -1.54304667
v -3.18227424 -1.42398658 -1.46804667
v -3.18227424 -1.42398658 -1.39304666
v -3.18227424 -1.42398658 -1.31804665
v -3.18227425 -1.42398658 -1.24304664
v -3.18227425 -1.42398657 -1.16804663
v -3.18227426 -1.42398657 -1.09304663
v -3.18227426 -1.42398657 -1.01804662
v -3.18227426 -1.42398656 -0.94304662
v -3.18227427 -1.42398656 -0.86804661
v -3.18227427 -1.42398656 -0.79304661
v -3.18227427 -1.42398657 -0.71804662
v -3.18227427 -1.42398658 -0.64304666
v -3.18227425 -1.42398659 -0.56804671
v -3.18227422 -1.42398659 -0.49304677
v -3.18227419 -1.42398659 -0.41804684
v -3.18227415 -1.42398660 -0.34304695
v -3.18227410 -1.42398663 -0.26804708
v -3.18227404 -1.42398668 -0.19304718
v -3.18227398 -1.42398676 -0.11804727
v -3.18227391 -1.42398688 -0.04304742
v -3.18227381 -1.42398699 0.03195238
v -3.18227370 -1.42398707 0.10695224
v -3.18227363 -1.42398711 0.18195232
v -3.18227367 -1.42398711 0.25695264
v -3.18227381 -1.42398705 0.33195309
v -3.18227398 -1.42398692 0.40695350
v -3.18227409 -1.42398675 0.48195376
v -3.18227411 -1.42398663 0.55695383
v -3.18227405 -1.42398668 0.63195366
v -3.18227393 -1.42398687 0.70695329
v -3.18227377 -1.42398709 0.78195285
v -3.18227363 -1.42398723 0.85695245
v -3.18227356 -1.42398725 0.93195220
v -3.18227356 -1.42398717 1.00695218
v -3.18227363 -1.42398704 1.08195246
v -3.18227378 -1.42398692 1.15695292
v -3.18227396 -1.42398686 1.23195332
v -3.18227408 -1.42398687 1.30695342
v -3.18227405 -1.42398691 1.38195315
v -3.18227388 -1.42398694 1.45695270
v -3.18227371 -1.42398694 1.53195239
v -3.18227372 -1.42398689 1.60695252
v -3.18227388 -1.42398674 1.68195301
v -3.18227361 -1.42398668 1.75695313
v -3.18227345 -1.42398743 1.83195302
v -3.18227926 -1.42398694 1.90695755
v -3.18228894 -1.42397690 1.98196739
v -3.18224814 -1.42397095 2.05693925
v -3.18209764 -1.42405351 2.13180006
v -3.18209979 -1.42424463 2.20672781
v -3.18311479 -1.42402710 2.28254059
v -3.18560857 -1.42227646 2.35995657
v -3.18630110 -1.41936934 2.43632757
v -3.17417993 -1.42196123 2.50170444
v -3.13449449 -1.44546484 2.54251759
v -3.17052610 -1.34670479 -2.50652354
v -3.13257814 -1.34665575 -2.54390573
v -3.18273814 -1.34673275 -2.44322167
v -3.18266757 -1.34663177 -2.36773580
v -3.18062936 -1.34651957 -2.29057853
v -3.17977051 -1.34649597 -2.21477174
v -3.17973266 -1.34652036 -2.13977781
v -3.17981669 -1.34653345 -2.06486510
v -3.17983541 -1.34653283 -1.98987964
v -3.17983061 -1.34653137 -1.91487439
v -3.17982902 -1.34653136 -1.83987310
v -3.17982929 -1.34653145 -1.76487338
v -3.17982936 -1.34653145 -1.68987343
v -3.17982935 -1.34653144 -1.61487341
v -3.17982935 -1.34653143 -1.53987340
v -3.17982936 -1.34653143 -1.46487338
v -3.17982937 -1.34653142 -1.38987337
v -3.17982938 -1.34653142 -1.31487337
v -3.17982938 -1.34653142 -1.23987339
v -3.17982937 -1.34653142 -1.16487342
v -3.17982936 -1.34653143 -1.08987345
v -3.17982935 -1.34653143 -1.01487346
v -3.17982935 -1.34653144 -0.93987346
v -3.17982936 -1.34653144 -0.86487345
v -3.17982937 -1.34653143 -0.78987345
v -3.17982938 -1.34653142 -0.71487345
v -3.17982938 -1.34653142 -0.63987345
v -3.17982939 -1.34653141 -0.56487345
v -3.17982939 -1.34653141 -0.48987345
v -3.17982940 -1.34653141 -0.41487346
v -3.17982940 -1.34653140 -0.33987346
v -3.17982940 -1.34653140 -0.26487346
v -3.17982941 -1.34653139 -0.18987346
v -3.17982940 -1.34653140 -0.11487347
v -3.17982940 -1.34653140 -0.03987348
v -3.17982939 -1.34653141 0.03512650
v -3.17982939 -1.34653143 0.11012646
v -3.17982937 -1.34653146 0.18512636
v -3.17982931 -1.34653151 0.26012622
v -3.17982923 -1.34653157 0.33512606
v -3.17982914 -1.34653165 0.41012592
v -3.17982905 -1.34653171 0.48512582
v -3.17982899 -1.34653173 0.56012580
v -3.17982899 -1.34653172 0.63512586
v -3.17982904 -1.34653168 0.71012599
v -3.17982912 -1.34653161 0.78512613
v -3.17982921 -1.34653152 0.86012627
v -3.17982930 -1.34653146 0.93512637
v -3.17982936 -1.34653144 1.01012641
v -3.17982937 -1.34653145 1.08512635
v -3.17982932 -1.34653147 1.16012627
v -3.17982927 -1.34653149 1.23512622
v -3.17982923 -1.34653148 1.31012622
v -3.17982923 -1.34653146 1.38512627
v -3.17982926 -1.34653143 1.46012635
v -3.17982932 -1.34653142 1.53512639
v -3.17982938 -1.34653144 1.61012638
v -3.17982936 -1.34653143 1.68512628
v -3.17982884 -1.34653151 1.76012572
v -3.17982833 -1.34653241 1.83512531
v -3.17983348 -1.34653231 1.91013045
v -3.17984447 -1.34652175 1.98514049
v -3.17981062 -1.34651111 2.06010696
v -3.17965871 -1.34659215 2.13496485
v -3.17961985 -1.34681257 2.20993719
v -3.18057065 -1.34665383 2.28584903
v -3.18306409 -1.34487730 2.36319548
v -3.18395845 -1.34160847 2.43884812
v -3.17265211 -1.34324288 2.50252586
v -3.13494693 -1.36558113 2.54135770
v -3.17137711 -1.27054906 -2.50551796
v -3.13395750 -1.27053092 -2.54290898
v -3.18290569 -1.27058382 -2.44208249
v -3.18221238 -1.27058479 -2.36635832
v -3.17979336 -1.27056650 -2.28896089
v -3.17880143 -1.27056994 -2.21302487
v -3.17876243 -1.27058787 -2.13801822
v -3.17887091 -1.27059692 -2.06312953
v -3.17889970 -1.27059644 -1.98815462
v -3.17889454 -1.27059505 -1.91314870
v -3.17889184 -1.27059494 -1.83814627
v -3.17889206 -1.27059505 -1.76314652
v -3.17889221 -1.27059504 -1.68814663
v -3.17889220 -1.27059503 -1.61314660
v -3.17889221 -1.27059503 -1.53814659
v -3.17889222 -1.27059504 -1.46314661
v -3.17889221 -1.27059507 -1.38814669
v -3.17889217 -1.27059511 -1.31314682
v -3.17889211 -1.27059516 -1.23814697
v -3.17889203 -1.27059522 -1.16314711
v -3.17889196 -1.27059528 -1.08814723
v -3.17889188 -1.27059533 -1.01314733
v -3.17889182 -1.27059537 -0.93814740
v -3.17889179 -1.27059541 -0.86314744
v -3.17889177 -1.27059545 -0.78814745
v -3.17889176 -1.27059547 -0.71314746
v -3.17889176 -1.27059548 -0.63814746
v -3.17889176 -1.27059548 -0.56314747
v -3.17889177 -1.27059548 -0.48814748
v -3.17889178 -1.27059547 -0.41314748
v -3.17889178 -1.27059546 -0.33814747
v -3.17889179 -1.27059545 -0.26314747
v -3.17889179 -1.27059545 -0.18814746
v -3.17889179 -1.27059545 -0.11314745
v -3.17889180 -1.27059544 -0.03814744
v -3.17889180 -1.27059543 0.03685257
v -3.17889181 -1.27059543 0.11185258
v -3.17889182 -1.27059542 0.18685259
v -3.17889182 -1.27059542 0.26185258
v -3.17889181 -1.27059542 0.33685255
v -3.17889180 -1.27059543 0.41185252
v -3.17889179 -1.27059544 0.48685248
v -3.17889178 -1.27059545 0.56185246
v -3.17889178 -1.27059546 0.63685246
v -3.17889178 -1.27059546 0.71185248
v -3.17889179 -1.27059544 0.78685250
v -3.17889180 -1.27059543 0.86185254
v -3.17889182 -1.27059541 0.93685257
v -3.17889182 -1.27059541 1.01185259
v -3.17889183 -1.27059542 1.08685259
v -3.17889182 -1.27059543 1.16185257
v -3.17889181 -1.27059544 1.23685253
v -3.17889179 -1.27059544 1.31185251
v -3.17889179 -1.27059544 1.38685250
v -3.17889179 -1.27059543 1.46185252
v -3.17889180 -1.27059543 1.53685255
v -3.17889184 -1.27059543 1.61185260
v -3.17889185 -1.27059539 1.68685260
v -3.17889139 -1.27059543 1.76185211
v -3.17889098 -1.27059629 1.83685168
v -3.17889607 -1.27059624 1.91185685
v -3.17890658 -1.27058604 1.98686735
v -3.17887349 -1.27057508 2.06183357
v -3.17872641 -1.27065257 2.13668638
v -3.17868946 -1.27087048 2.21165493
v -3.17962172 -1.27072986 2.28760019
v -3.18206333 -1.26900980 2.36504688
v -3.18286083 -1.26578174 2.44075451
v -3.17151962 -1.26715988 2.50401783
v -3.13440033 -1.28848659 2.54137666
v -3.17176697 -1.19558577 -2.50554618
v -3.13444639 -1.19552735 -2.54291267
v -3.18315205 -1.19559785 -2.44207625
v -3.18229578 -1.19560521 -2.36627374
v -3.17977870 -1.19561010 -2.28880240
v -3.17877642 -1.19561863 -2.21283801
v -3.17876772 -1.19562844 -2.13784499
v -3.17890037 -1.19563236 -2.06297708
v -3.17893618 -1.19563147 -1.98800980
v -3.17893011 -1.19563038 -1.91300305
v -3.17892631 -1.19563028 -1.83799946
v -3.17892645 -1.19563038 -1.76299963
v -3.17892670 -1.19563039 -1.68799983
v -3.17892670 -1.19563041 -1.61299987
v -3.17892667 -1.19563045 -1.53799999
v -3.17892659 -1.19563054 -1.46300023
v -3.17892646 -1.19563065 -1.38800052
v -3.17892629 -1.19563075 -1.31300076
v -3.17892615 -1.19563081 -1.23800077
v -3.17892614 -1.19563086 -1.16300052
v -3.17892625 -1.19563087 -1.08800013
v -3.17892640 -1.19563082 -1.01299983
v -3.17892646 -1.19563072 -0.93799973
v -3.17892640 -1.19563064 -0.86299976
v -3.17892625 -1.19563066 -0.78799980
v -3.17892612 -1.19563078 -0.71299981
v -3.17892602 -1.19563091 -0.63799977
v -3.17892595 -1.19563101 -0.56299974
v -3.17892588 -1.19563109 -0.48799972
v -3.17892585 -1.19563117 -0.41299974
v -3.17892585 -1.19563121 -0.33799976
v -3.17892586 -1.19563122 -0.26299978
v -3.17892587 -1.19563120 -0.18799979
v -3.17892587 -1.19563119 -0.11299979
v -3.17892587 -1.19563119 -0.03799979
v -3.17892587 -1.19563119 0.03700021
v -3.17892587 -1.19563119 0.11200021
v -3.17892587 -1.19563119 0.18700021
v -3.17892587 -1.19563119 0.26200022
v -3.17892587 -1.19563118 0.33700023
v -3.17892588 -1.19563118 0.41200024
v -3.17892588 -1.19563118 0.48700025
v -3.17892589 -1.19563117 0.56200025
v -3.17892589 -1.19563117 0.63700026
v -3.17892589 -1.19563117 0.71200025
v -3.17892589 -1.19563117 0.78700025
v -3.17892588 -1.19563118 0.86200024
v -3.17892588 -1.19563118 0.93700023
v -3.17892587 -1.19563119 1.01200022
v -3.17892587 -1.19563119 1.08700022
v -3.17892587 -1.19563119 1.16200022
v -3.17892587 -1.19563119 1.23700023
v -3.17892587 -1.19563119 1.31200023
v -3.17892588 -1.19563119 1.38700023
v -3.17892588 -1.19563119 1.46200023
v -3.17892587 -1.19563119 1.53700022
v -3.17892590 -1.19563119 1.61200024
v -3.17892590 -1.19563114 1.68700025
v -3.17892545 -1.19563117 1.76199981
v -3.17892510 -1.19563202 1.83699947
v -3.17893031 -1.19563191 1.91200472
v -3.17894084 -1.19562166 1.98701531
v -3.17890740 -1.19561091 2.06198185
v -3.17876052 -1.19568829 2.13683423
v -3.17872631 -1.19590376 2.21179819
v -3.17966267 -1.19575915 2.28773668
v -3.18210349 -1.19404837 2.36520144
v -3.18286912 -1.19087837 2.44100413
v -3.17140417 -1.19234036 2.50440639
v -3.13415169 -1.21347551 2.54157756
v -3.17168832 -1.12077241 -2.50570258
v -3.13435894 -1.12068205 -2.54304981
v -3.18311982 -1.12077601 -2.44223842
v -3.18230876 -1.12077225 -2.36643649
v -3.17983440 -1.12077311 -2.28897044
v -3.17887531 -1.12077600 -2.21302119
v -3.17889985 -1.12077873 -2.13804767
v -3.17904785 -1.12077917 -2.06319275
v -3.17908589 -1.12077814 -1.98822859
v -3.17907817 -1.12077747 -1.91322051
v -3.17907347 -1.12077745 -1.83821597
v -3.17907358 -1.12077756 -1.76321613
v -3.17907389 -1.12077764 -1.68821656
v -3.17907382 -1.12077772 -1.61321682
v -3.17907365 -1.12077782 -1.53821710
v -3.17907345 -1.12077791 -1.46321728
v -3.17907328 -1.12077790 -1.38821713
v -3.17907327 -1.12077766 -1.31321635
v -3.17907361 -1.12077717 -1.23821483
v -3.17907434 -1.12077653 -1.16321284
v -3.17907532 -1.12077582 -1.08821086
v -3.17907638 -1.12077513 -1.01320920
v -3.17907735 -1.12077452 -0.93820798
v -3.17907806 -1.12077393 -0.86320727
v -3.17907840 -1.12077334 -0.78820697
v -3.17907851 -1.12077292 -0.71320685
v -3.17907856 -1.12077275 -0.63820674
v -3.17907859 -1.12077271 -0.56320660
v -3.17907854 -1.12077269 -0.48820645
v -3.17907840 -1.12077274 -0.41320631
v -3.17907824 -1.12077290 -0.33820623
v -3.17907816 -1.12077309 -0.26320621
v -3.17907816 -1.12077321 -0.18820624
v -3.17907817 -1.12077325 -0.11320626
v -3.17907818 -1.12077324 -0.03820628
v -3.17907818 -1.12077323 0.03679372
v -3.17907818 -1.12077323 0.11179372
v -3.17907818 -1.12077323 0.18679372
v -3.17907818 -1.12077323 0.26179372
v -3.17907818 -1.12077323 0.33679372
v -3.17907818 -1.12077323 0.41179372
v -3.17907818 -1.12077323 0.48679372
v -3.17907818 -1.12077323 0.56179373
v -3.17907817 -1.12077322 0.63679374
v -3.17907817 -1.12077322 0.71179375
v -3.17907817 -1.12077321 0.78679376
v -3.17907816 -1.12077321 0.86179376
v -3.17907816 -1.12077321 0.93679377
v -3.17907815 -1.12077320 1.01179377
v -3.17907815 -1.12077320 1.08679377
v -3.17907815 -1.12077320 1.16179377
v -3.17907815 -1.12077320 1.23679376
v -3.17907816 -1.12077321 1.31179376
v -3.17907816 -1.12077321 1.38679375
v -3.17907817 -1.12077321 1.46179374
v -3.17907817 -1.12077322 1.53679373
v -3.17907820 -1.12077323 1.61179375
v -3.17907820 -1.12077318 1.68679374
v -3.17907777 -1.12077322 1.76179333
v -3.17907747 -1.12077405 1.83679308
v -3.17908276 -1.12077385 1.91179836
v -3.17909319 -1.12076353 1.98680863
v -3.17905923 -1.12075297 2.06177431
v -3.17891121 -1.12083114 2.13662564
v -3.17887572 -1.12104769 2.21158814
v -3.17981195 -1.12090244 2.28752187
v -3.18225641 -1.11918728 2.36497620
v -3.18303151 -1.11602185 2.44078138
v -3.17155432 -1.11754030 2.50425746
v -3.13419383 -1.13876909 2.54156875
v -3.17158666 -1.04582694 -2.50574106
v -3.13424775 -1.04573768 -2.54308602
v -3.18304779 -1.04582334 -2.44227786
v -3.18227154 -1.04581428 -2.36648083
v -3.17982941 -1.04581267 -2.28902495
v -3.17889531 -1.04581263 -2.21308780
v -3.17893368 -1.04581246 -2.13812370
v -3.17908514 -1.04581186 -2.06327273
v -3.17912164 -1.04581120 -1.98830819
v -3.17911218 -1.04581095 -1.91329871
v -3.17910694 -1.04581104 -1.83829367
v -3.17910706 -1.04581123 -1.76329408
v -3.17910730 -1.04581140 -1.68829486
v -3.17910705 -1.04581143 -1.61329517
v -3.17910681 -1.04581123 -1.53829481
v -3.17910690 -1.04581080 -1.46329343
v -3.17910759 -1.04580993 -1.38829084
v -3.17910909 -1.04580846 -1.31328708
v -3.17911132 -1.04580677 -1.23828303
v -3.17911361 -1.04580530 -1.16328064
v -3.17911490 -1.04580397 -1.08828112
v -3.17911481 -1.04580286 -1.01328325
v -3.17911422 -1.04580259 -0.93828472
v -3.17911445 -1.04580321 -0.86328457
v -3.17911591 -1.04580354 -0.78828372
v -3.17911784 -1.04580259 -0.71328326
v -3.17911941 -1.04580087 -0.63828347
v -3.17912054 -1.04579938 -0.56328401
v -3.17912150 -1.04579824 -0.48828446
v -3.17912223 -1.04579715 -0.41328456
v -3.17912251 -1.04579625 -0.33828430
v -3.17912240 -1.04579585 -0.26328391
v -3.17912220 -1.04579591 -0.18828361
v -3.17912211 -1.04579612 -0.11328348
v -3.17912212 -1.04579627 -0.03828346
v -3.17912214 -1.04579631 0.03671652
v -3.17912215 -1.04579631 0.11171651
v -3.17912215 -1.04579630 0.18671650
v -3.17912215 -1.04579630 0.26171650
v -3.17912215 -1.04579630 0.33671650
v -3.17912215 -1.04579630 0.41171651
v -3.17912214 -1.04579630 0.48671652
v -3.17912214 -1.04579629 0.56171652
v -3.17912214 -1.04579629 0.63671651
v -3.17912214 -1.04579629 0.71171648
v -3.17912215 -1.04579631 0.78671645
v -3.17912216 -1.04579632 0.86171642
v -3.17912216 -1.04579632 0.93671641
v -3.17912217 -1.04579632 1.01171641
v -3.17912217 -1.04579632 1.08671642
v -3.17912217 -1.04579632 1.16171642
v -3.17912217 -1.04579632 1.23671641
v -3.17912217 -1.04579632 1.31171641
v -3.17912217 -1.04579632 1.38671642
v -3.17912216 -1.04579632 1.46171644
v -3.17912214 -1.04579631 1.53671647
v -3.17912215 -1.04579629 1.61171652
v -3.17912215 -1.04579624 1.68671655
v -3.17912177 -1.04579628 1.76171619
v -3.17912157 -1.04579705 1.83671597
v -3.17912675 -1.04579680 1.91172095
v -3.17913648 -1.04578672 1.98673018
v -3.17910117 -1.04577703 2.06169441
v -3.17895169 -1.04585660 2.13654514
v -3.17891507 -1.04607459 2.21150913
v -3.17985028 -1.04593044 2.28744611
v -3.18229368 -1.04421491 2.36490123
v -3.18307120 -1.04104558 2.44069798
v -3.17160402 -1.04256658 2.50416781
v -3.13423453 -1.06383931 2.54152572
v -3.17157189 -0.97082216 -2.50573195
v -3.13422599 -0.97074037 -2.54307956
v -3.18303891 -0.97081313 -2.44226734
v -3.18226573 -0.97080219 -2.36646964
v -3.17982513 -0.97080104 -2.28901493
v -3.17889167 -0.97080132 -2.21307948
v -3.17892896 -0.97080108 -2.13811603
v -3.17907795 -0.97080076 -2.06326428
v -3.17911223 -0.97080058 -1.98829844
v -3.17910173 -0.97080063 -1.91328823
v -3.17909628 -0.97080085 -1.83828325
v -3.17909635 -0.97080110 -1.76328395
v -3.17909645 -0.97080111 -1.68828457
v -3.17909625 -0.97080040 -1.61328360
v -3.17909671 -0.97079910 -1.53828065
v -3.17909832 -0.97079775 -1.46327636
v -3.17910101 -0.97079611 -1.38827227
v -3.17910427 -0.97079419 -1.31326974
v -3.17910709 -0.97079388 -1.23827111
v -3.17910756 -0.97079673 -1.16328016
v -3.17910365 -0.97080153 -1.08829785
v -3.17909503 -0.97080636 -1.01331936
v -3.17908380 -0.97081085 -0.93833762
v -3.17907393 -0.97081624 -0.86334841
v -3.17906898 -0.97082306 -0.78835223
v -3.17906902 -0.97082870 -0.71335295
v -3.17907071 -0.97083033 -0.63835395
v -3.17907155 -0.97082926 -0.56335591
v -3.17907213 -0.97082836 -0.48835813
v -3.17907380 -0.97082765 -0.41336018
v -3.17907623 -0.97082571 -0.33836173
v -3.17907806 -0.97082281 -0.26336243
v -3.17907865 -0.97082041 -0.18836234
v -3.17907847 -0.97081930 -0.11336191
v -3.17907820 -0.97081915 -0.03836153
v -3.17907813 -0.97081930 0.03663865
v -3.17907817 -0.97081942 0.11163868
v -3.17907820 -0.97081945 0.18663867
v -3.17907820 -0.97081944 0.26163866
v -3.17907819 -0.97081944 0.33663866
v -3.17907819 -0.97081944 0.41163867
v -3.17907820 -0.97081943 0.48663866
v -3.17907822 -0.97081944 0.56163861
v -3.17907826 -0.97081947 0.63663850
v -3.17907831 -0.97081953 0.71163836
v -3.17907837 -0.97081961 0.78663821
v -3.17907844 -0.97081970 0.86163808
v -3.17907850 -0.97081978 0.93663797
v -3.17907855 -0.97081984 1.01163790
v -3.17907860 -0.97081988 1.08663786
v -3.17907864 -0.97081989 1.16163785
v -3.17907864 -0.97081989 1.23663787
v -3.17907861 -0.97081987 1.31163793
v -3.17907854 -0.97081982 1.38663803
v -3.17907846 -0.97081976 1.46163816
v -3.17907837 -0.97081969 1.53663829
v -3.17907831 -0.97081961 1.61163843
v -3.17907826 -0.97081949 1.68663855
v -3.17907794 -0.97081945 1.76163829
v -3.17907781 -0.97082015 1.83663800
v -3.17908254 -0.97081998 1.91164221
v -3.17909094 -0.97081062 1.98665008
v -3.17905463 -0.97080229 2.06161463
v -3.17890714 -0.97088220 2.13647097
v -3.17887719 -0.97109701 2.21144754
v -3.17982256 -0.97094534 2.28740273
v -3.18227620 -0.96921990 2.36487885
v -3.18306062 -0.96604048 2.44069359
v -3.17159650 -0.96754962 2.50416957
v -3.13422653 -0.98881030 2.54152854
v -3.17158198 -0.89581550 -2.50572593
v -3.13423366 -0.89573569 -2.54307620
v -3.18304862 -0.89580601 -2.44226169
v -3.18227314 -0.89579511 -2.36646368
v -3.17982892 -0.89579459 -2.28900837
v -3.17889203 -0.89579539 -2.21307208
v -3.17892659 -0.89579547 -2.13810760
v -3.17907370 -0.89579547 -2.06325491
v -3.17910702 -0.89579560 -1.98828860
v -3.17909622 -0.89579582 -1.91327845
v -3.17909068 -0.89579599 -1.83827359
v -3.17909072 -0.89579589 -1.76327370
v -3.17909117 -0.89579489 -1.68827237
v -3.17909226 -0.89579242 -1.61326795
v -3.17909510 -0.89579000 -1.53826167
v -3.17909918 -0.89579019 -1.46325870
v -3.17910191 -0.89579237 -1.38826529
v -3.17910014 -0.89579588 -1.31328332
v -3.17909155 -0.89580561 -1.23831302
v -3.17907469 -0.89582420 -1.16335493
v -3.17905140 -0.89584610 -1.08840011
v -3.17902866 -0.89586724 -1.01343261
v -3.17901200 -0.89588533 -0.93844999
v -3.17899860 -0.89589431 -0.86346307
v -3.17898347 -0.89589682 -0.78847556
v -3.17896746 -0.89590543 -0.71348307
v -3.17895372 -0.89592154 -0.63848473
v -3.17894237 -0.89593542 -0.56348284
v -3.17893214 -0.89594492 -0.48847920
v -3.17892395 -0.89595472 -0.41347671
v -3.17892026 -0.89596454 -0.33847811
v -3.17892147 -0.89596987 -0.26348272
v -3.17892468 -0.89596933 -0.18848748
v -3.17892677 -0.89596594 -0.11349034
v -3.17892704 -0.89596310 -0.03849127
v -3.17892655 -0.89596187 0.03650882
v -3.17892625 -0.89596171 0.11150911
v -3.17892626 -0.89596185 0.18650924
v -3.17892631 -0.89596192 0.26150925
v -3.17892631 -0.89596192 0.33650925
v -3.17892632 -0.89596191 0.41150924
v -3.17892636 -0.89596192 0.48650918
v -3.17892642 -0.89596197 0.56150905
v -3.17892647 -0.89596204 0.63650894
v -3.17892647 -0.89596209 0.71150903
v -3.17892644 -0.89596205 0.78650935
v -3.17892639 -0.89596191 0.86150979
v -3.17892630 -0.89596176 0.93651014
v -3.17892619 -0.89596168 1.01151029
v -3.17892613 -0.89596171 1.08651026
v -3.17892614 -0.89596180 1.16151018
v -3.17892616 -0.89596185 1.23651017
v -3.17892614 -0.89596183 1.31151026
v -3.17892609 -0.89596177 1.38651034
v -3.17892611 -0.89596174 1.46151025
v -3.17892623 -0.89596180 1.53650996
v -3.17892639 -0.89596193 1.61150956
v -3.17892653 -0.89596204 1.68650920
v -3.17892636 -0.89596213 1.76150871
v -3.17892614 -0.89596278 1.83650828
v -3.17892986 -0.89596268 1.91151186
v -3.17893665 -0.89595411 1.98651964
v -3.17890215 -0.89594625 2.06148946
v -3.17876556 -0.89602196 2.13636055
v -3.17875624 -0.89622377 2.21135687
v -3.17972686 -0.89605153 2.28732683
v -3.18220634 -0.89430243 2.36481081
v -3.18301641 -0.89109798 2.44063666
v -3.17157352 -0.89257819 2.50413563
v -3.13421076 -0.91380070 2.54152400
v -3.17158666 -0.82081346 -2.50572608
v -3.13423701 -0.82073448 -2.54307625
v -3.18305138 -0.82080538 -2.44226175
v -3.18227500 -0.82079516 -2.36646398
v -3.17983009 -0.82079486 -2.28900867
v -3.17889260 -0.82079578 -2.21307224
v -3.17892676 -0.82079595 -2.13810764
v -3.17907365 -0.82079607 -2.06325502
v -3.17910686 -0.82079631 -1.98828889
v -3.17909603 -0.82079635 -1.91327862
v -3.17909062 -0.82079578 -1.83827257
v -3.17909137 -0.82079445 -1.76327005
v -3.17909358 -0.82079189 -1.68826546
v -3.17909738 -0.82078829 -1.61325940
v -3.17910253 -0.82078852 -1.53825749
v -3.17910524 -0.82079890 -1.46327181
v -3.17909850 -0.82081508 -1.38831122
v -3.17907693 -0.82083002 -1.31336679
v -3.17904079 -0.82085404 -1.23842488
v -3.17899396 -0.82089058 -1.16348209
v -3.17894617 -0.82091162 -1.08851220
v -3.17892240 -0.82090941 -1.01346189
v -3.17894867 -0.82091539 -0.93833703
v -3.17901264 -0.82092327 -0.86322569
v -3.17906289 -0.82089101 -0.78818732
v -3.17906272 -0.82083690 -0.71319479
v -3.17902564 -0.82082153 -0.63819985
v -3.17898904 -0.82084850 -0.56318686
v -3.17896755 -0.82087653 -0.48816227
v -3.17894754 -0.82089366 -0.41313569
v -3.17892025 -0.82091705 -0.33811571
v -3.17889598 -0.82095151 -0.26310738
v -3.17888557 -0.82098275 -0.18810921
v -3.17888684 -0.82099901 -0.11311562
v -3.17889106 -0.82100216 -0.03812182
v -3.17889287 -0.82100000 0.03687445
v -3.17889240 -0.82099779 0.11187327
v -3.17889173 -0.82099699 0.18687335
v -3.17889163 -0.82099703 0.26187355
v -3.17889171 -0.82099714 0.33687359
v -3.17889177 -0.82099715 0.41187355
v -3.17889184 -0.82099718 0.48687343
v -3.17889183 -0.82099726 0.56187338
v -3.17889159 -0.82099724 0.63687381
v -3.17889109 -0.82099692 0.71187508
v -3.17889041 -0.82099617 0.78687702
v -3.17888961 -0.82099511 0.86187912
v -3.17888877 -0.82099393 0.93688096
v -3.17888800 -0.82099282 1.01188232
v -3.17888729 -0.82099202 1.08688309
v -3.17888665 -0.82099166 1.16188336
v -3.17888622 -0.82099165 1.23688342
v -3.17888615 -0.82099174 1.31188331
v -3.17888653 -0.82099191 1.38688278
v -3.17888733 -0.82099233 1.46188159
v -3.17888840 -0.82099309 1.53687992
v -3.17888958 -0.82099409 1.61187809
v -3.17889067 -0.82099520 1.68687632
v -3.17889126 -0.82099633 1.76187470
v -3.17889115 -0.82099766 1.83687369
v -3.17889340 -0.82099781 1.91187692
v -3.17889854 -0.82098960 1.98688643
v -3.17886999 -0.82098028 2.06186661
v -3.17875366 -0.82104617 2.13675622
v -3.17876722 -0.82122863 2.21175457
v -3.17973771 -0.82104329 2.28767422
v -3.18218720 -0.81930713 2.36504617
v -3.18296477 -0.81613837 2.44073065
v -3.17151953 -0.81764695 2.50411708
v -3.13418024 -0.83885883 2.54147100
v -3.17158824 -0.74581337 -2.50572717
v -3.13423696 -0.74573634 -2.54306629
v -3.18305124 -0.74580516 -2.44226286
v -3.18227414 -0.74579577 -2.36646445
v -3.17982947 -0.74579554 -2.28900924
v -3.17889229 -0.74579645 -2.21307304
v -3.17892661 -0.74579668 -2.13810873
v -3.17907354 -0.74579675 -2.06325622
v -3.17910681 -0.74579661 -1.98828950
v -3.17909639 -0.74579561 -1.91327733
v -3.17909224 -0.74579329 -1.83826790
v -3.17909539 -0.74579069 -1.76326208
v -3.17910048 -0.74578913 -1.68825880
v -3.17910499 -0.74579008 -1.61326422
v -3.17910418 -0.74580217 -1.53828760
v -3.17908987 -0.74583480 -1.46334178
v -3.17905490 -0.74586981 -1.38842274
v -3.17900350 -0.74587723 -1.31347860
v -3.17895657 -0.74587921 -1.23845224
v -3.17893733 -0.74590206 -1.16335922
v -3.17895396 -0.74585805 -1.08821392
v -3.17901758 -0.74567715 -1.01292253
v -3.17916309 -0.74548855 -0.93745411
v -3.17939985 -0.74542340 -0.86200258
v -3.17965316 -0.74539169 -0.78676307
v -3.17981179 -0.74525321 -0.71171510
v -3.17984318 -0.74507363 -0.63672482
v -3.17983089 -0.74499944 -0.56171431
v -3.17986243 -0.74500326 -0.48669245
v -3.17991959 -0.74497870 -0.41167918
v -3.17993592 -0.74492454 -0.33666009
v -3.17989985 -0.74490457 -0.26162117
v -3.17984969 -0.74493996 -0.18657591
v -3.17981855 -0.74499610 -0.11154388
v -3.17981278 -0.74503739 -0.03653058
v -3.17981965 -0.74505580 0.03846928
v -3.17982488 -0.74505912 0.11346478
v -3.17982506 -0.74505714 0.18846215
v -3.17982399 -0.74505571 0.26346178
v -3.17982376 -0.74505559 0.33846194
v -3.17982394 -0.74505574 0.41346194
v -3.17982402 -0.74505582 0.48846183
v -3.17982367 -0.74505582 0.56346214
v -3.17982276 -0.74505545 0.63846358
v -3.17982172 -0.74505446 0.71346582
v -3.17982100 -0.74505327 0.78846705
v -3.17982054 -0.74505269 0.86346588
v -3.17982027 -0.74505299 0.93846321
v -3.17982045 -0.74505346 1.01346111
v -3.17982097 -0.74505318 1.08846066
v -3.17982096 -0.74505208 1.16346145
v -3.17981996 -0.74505089 1.23846253
v -3.17981902 -0.74505026 1.31346292
v -3.17981944 -0.74505048 1.38846190
v -3.17982090 -0.74505143 1.46346001
v -3.17982197 -0.74505252 1.53845901
v -3.17982205 -0.74505297 1.61346000
v -3.17982169 -0.74505272 1.68846221
v -3.17982129 -0.74505261 1.76346417
v -3.17982082 -0.74505348 1.83846523
v -3.17982232 -0.74505398 1.91346788
v -3.17982756 -0.74504713 1.98847612
v -3.17980998 -0.74503751 2.06346296
v -3.17971985 -0.74509386 2.13836192
v -3.17973455 -0.74526379 2.21332082
v -3.18060617 -0.74510770 2.28908865
v -3.18282984 -0.74349900 2.36619718
v -3.18331926 -0.74056424 2.44155146
v -3.17163619 -0.74236052 2.50457160
v -3.13418783 -0.76382063 2.54159652
v -3.17158939 -0.67081765 -2.50572302
v -3.13423552 -0.67073708 -2.54304333
v -3.18305295 -0.67080414 -2.44226519
v -3.18227429 -0.67079520 -2.36646541
v -3.17982885 -0.67079598 -2.28900988
v -3.17889168 -0.67079702 -2.21307396
v -3.17892598 -0.67079707 -2.13810962
v -3.17907292 -0.67079647 -2.06325604
v -3.17910686 -0.67079513 -1.98828670
v -3.17909825 -0.67079261 -1.91327109
v -3.17909691 -0.67078923 -1.83825976
v -3.17910260 -0.67078921 -1.76325823
v -3.17910689 -0.67079735 -1.68827238
v -3.17910194 -0.67081330 -1.61331101
v -3.17907788 -0.67084387 -1.53837372
v -3.17902720 -0.67089821 -1.46345647
v -3.17895443 -0.67092919 -1.38852717
v -3.17889328 -0.67085034 -1.31346016
v -3.17891392 -0.67070645 -1.23811197
v -3.17908614 -0.67063217 -1.16255325
v -3.17941461 -0.67049760 -1.08699547
v -3.17981820 -0.67001480 -1.01140303
v -3.18020726 -0.66942159 -0.93570937
v -3.18051376 -0.66905310 -0.86021073
v -3.18074287 -0.66897194 -0.78502473
v -3.18098067 -0.66909525 -0.70994865
v -3.18120447 -0.66896740 -0.63492266
v -3.18138436 -0.66863445 -0.55992363
v -3.18161238 -0.66847076 -0.48496273
v -3.18189806 -0.66836745 -0.41011545
v -3.18214809 -0.66814969 -0.33531060
v -3.18230464 -0.66784866 -0.26039726
v -3.18235606 -0.66761126 -0.18534769
v -3.18232510 -0.66751571 -0.11024707
v -3.18227214 -0.66752156 -0.03515920
v -3.18225009 -0.66756040 0.03989502
v -3.18225889 -0.66759194 0.11491347
v -3.18226931 -0.66760335 0.18991254
v -3.18227056 -0.66760262 0.26490957
v -3.18226915 -0.66760085 0.33990887
v -3.18226897 -0.66760068 0.41490886
v -3.18226903 -0.66760087 0.48990887
v -3.18226812 -0.66760072 0.56490967
v -3.18226672 -0.66759991 0.63991171
v -3.18226714 -0.66759886 0.71491186
v -3.18227093 -0.66759974 0.78990403
v -3.18227711 -0.66760509 0.86488588
v -3.18228411 -0.66761523 0.93986252
v -3.18229132 -0.66762774 1.01484188
v -3.18229893 -0.66763881 1.08982890
v -3.18230657 -0.66764506 1.16482399
v -3.18231199 -0.66764580 1.23982410
v -3.18231368 -0.66764384 1.31482506
v -3.18231350 -0.66764255 1.38982492
v -3.18231238 -0.66764230 1.46482630
v -3.18230758 -0.66764048 1.53983401
v -3.18229785 -0.66763475 1.61484937
v -3.18228594 -0.66762524 1.68986887
v -3.18227509 -0.66761392 1.76488810
v -3.18226761 -0.66760365 1.83990319
v -3.18226681 -0.66759697 1.91491076
v -3.18227528 -0.66759096 1.98991208
v -3.18227523 -0.66758773 2.06489189
v -3.18221830 -0.66764440 2.13978367
v -3.18220853 -0.66781694 2.21466544
v -3.18285586 -0.66773600 2.29021187
v -3.18464217 -0.66636069 2.36708164
v -3.18462571 -0.66379363 2.44241584
v -3.17243722 -0.66602818 2.50552948
v -3.13454232 -0.68803252 2.54238159
v -3.17157253 -0.59583689 -2.50570350
v -3.13420643 -0.59573586 -2.54302656
v -3.18305026 -0.59581020 -2.44226469
v -3.18227667 -0.59579382 -2.36646659
v -3.17982963 -0.59579547 -2.28900960
v -3.17889116 -0.59579739 -2.21307329
v -3.17892563 -0.59579651 -2.13810780
v -3.17907344 -0.59579404 -2.06325154
v -3.17910920 -0.59579156 -1.98827924
v -3.17910311 -0.59579033 -1.91326486
v -3.17910253 -0.59579177 -1.83826461
v -3.17910284 -0.59580389 -1.76328790
v -3.17909109 -0.59583415 -1.68834147
v -3.17905737 -0.59586903 -1.61342045
v -3.17899786 -0.59589668 -1.53848092
v -3.17892784 -0.59592917 -1.46347333
v -3.17888590 -0.59589578 -1.38836027
v -3.17893027 -0.59561375 -1.31299859
v -3.17915277 -0.59511590 -1.23715952
v -3.17966008 -0.59487319 -1.16103875
v -3.18042907 -0.59478398 -1.08526431
v -3.18130286 -0.59418348 -1.00986664
v -3.18202139 -0.59338890 -0.93443166
v -3.18230109 -0.59391615 -0.86041761
v -3.18141064 -0.59310115 -0.78783319
v -3.18027329 -0.59309596 -0.71371423
v -3.18019039 -0.59493398 -0.63839183
v -3.18062871 -0.59480710 -0.56332535
v -3.18121205 -0.59432643 -0.48835336
v -3.18164105 -0.59412951 -0.41367289
v -3.18187726 -0.59404454 -0.33925025
v -3.18228992 -0.59373369 -0.26476113
v -3.18283673 -0.59306896 -0.19000030
v -3.18317590 -0.59238701 -0.11507745
v -3.18322428 -0.59197834 -0.04009919
v -3.18312673 -0.59181626 0.03495000
v -3.18306957 -0.59180337 0.11002330
v -3.18307928 -0.59183701 0.18505776
v -3.18309504 -0.59185415 0.26006146
v -3.18309676 -0.59185421 0.33505933
v -3.18309524 -0.59185247 0.41005855
v -3.18309483 -0.59185237 0.48505855
v -3.18309337 -0.59185213 0.56005970
v -3.18309235 -0.59185118 0.63506144
v -3.18309807 -0.59185144 0.71005611
v -3.18311239 -0.59185749 0.78503359
v -3.18312884 -0.59187192 0.85999846
v -3.18314338 -0.59189045 0.93496896
v -3.18315610 -0.59190755 1.00995318
v -3.18316440 -0.59192422 1.08494409
v -3.18317073 -0.59194233 1.15993643
v -3.18318341 -0.59195712 1.23493001
v -3.18320050 -0.59196422 1.30992304
v -3.18321082 -0.59196636 1.38491671
v -3.18320752 -0.59196586 1.45992055
v -3.18319048 -0.59195882 1.53494205
v -3.18316642 -0.59194329 1.60997287
v -3.18314468 -0.59192515 1.68499737
v -3.18312738 -0.59190863 1.76001315
v -3.18311378 -0.59188993 1.83502764
v -3.18310908 -0.59186875 1.91003703
v -3.18311769 -0.59185392 1.98503249
v -3.18312898 -0.59185593 2.06000966
v -3.18310360 -0.59191541 2.13491773
v -3.18306627 -0.59208303 2.20975571
v -3.18341979 -0.59206606 2.28507829
v -3.18468710 -0.59091493 2.36183234
v -3.18468253 -0.58855054 2.43806977
v -3.17311617 -0.59041656 2.50347318
v -3.13534261 -0.61172451 2.54268461
v -3.17153749 -0.52084748 -2.50567153
v -3.13420586 -0.52067909 -2.54306764
v -3.18302008 -0.52083494 -2.44225035
v -3.18227166 -0.52079947 -2.36646097
v -3.17983545 -0.52079162 -2.28900215
v -3.17889586 -0.52079327 -2.21306463
v -3.17892964 -0.52079160 -2.13809759
v -3.17907973 -0.52078705 -2.06323905
v -3.17911790 -0.52078646 -1.98826941
v -3.17911050 -0.52079503 -1.91327205
v -3.17909946 -0.52081143 -1.83830667
v -3.17907542 -0.52084188 -1.76337151
v -3.17902691 -0.52089440 -1.68845468
v -3.17895448 -0.52092576 -1.61352178
v -3.17887997 -0.52086989 -1.53845493
v -3.17887440 -0.52076004 -1.46312670
v -3.17905218 -0.52058362 -1.38756062
v -3.17948427 -0.52006011 -1.31177879
v -3.18014042 -0.51918715 -1.23566801
v -3.18091576 -0.51866100 -1.15946465
v -3.18176727 -0.51986636 -1.08512494
v -3.18189987 -0.51911660 -1.01258958
v -3.18177576 -0.51828363 -0.93872562
v -3.18147446 -0.52135604 -0.86428462
v -3.18085925 -0.53182757 -0.80242279
v -3.17262008 -0.51581360 -0.73550023
v -3.17039208 -0.52783572 -0.65695062
v -3.17044448 -0.53014446 -0.58195798
v -3.17136753 -0.52958758 -0.50682148
v -3.17187024 -0.52909791 -0.43196908
v -3.17031123 -0.52927642 -0.35723698
v -3.16920978 -0.53056143 -0.28247454
v -3.17019169 -0.53125954 -0.20789568
v -3.17119514 -0.53037800 -0.13348002
v -3.17187510 -0.52947675 -0.05925748
v -3.17197820 -0.52883747 0.01516974
v -3.17176700 -0.52848172 0.09004308
v -3.17166569 -0.52840947 0.16509031
v -3.17168038 -0.52844058 0.24012383
v -3.17169875 -0.52845789 0.31512908
v -3.17169956 -0.52845741 0.39012796
v -3.17169772 -0.52845595 0.46512740
v -3.17169555 -0.52845550 0.54012848
v -3.17169548 -0.52845491 0.61512976
v -3.17170931 -0.52845737 0.69011951
v -3.17173450 -0.52846831 0.76508810
v -3.17174075 -0.52848431 0.84007006
v -3.17171617 -0.52848295 0.91513050
v -3.17168835 -0.52844089 0.99026923
v -3.17166208 -0.52837104 1.06540273
v -3.17161306 -0.52831886 1.14047032
v -3.17156256 -0.52831121 1.21548235
v -3.17155829 -0.52833317 1.29046639
v -3.17158977 -0.52835825 1.36544118
v -3.17160367 -0.52837253 1.44043212
v -3.17158156 -0.52837029 1.51545232
v -3.17156277 -0.52835742 1.59046542
v -3.17158998 -0.52835958 1.66541572
v -3.17164854 -0.52839768 1.74030560
v -3.17169730 -0.52845468 1.81519525
v -3.17172961 -0.52849177 1.89012154
v -3.17174942 -0.52849770 1.96507877
v -3.17174014 -0.52849626 2.04007820
v -3.17168986 -0.52852592 2.11510947
v -3.17161294 -0.52861839 2.19009356
v -3.17169902 -0.52854946 2.26533577
v -3.17241799 -0.52749246 2.34193162
v -3.17301498 -0.52512490 2.41943888
v -3.16668008 -0.52553521 2.48954433
v -3.13446427 -0.54154909 2.53620720
v -3.17169671 -0.44567495 -2.50569668
v -3.13459675 -0.44536119 -2.54327188
v -3.18300916 -0.44581709 -2.44224358
v -3.18223466 -0.44581869 -2.36645827
v -3.17983174 -0.44579267 -2.28899660
v -3.17890843 -0.44578284 -2.21305728
v -3.17894010 -0.44578144 -2.13809339
v -3.17908810 -0.44578123 -2.06324035
v -3.17912540 -0.44579245 -1.98828492
v -3.17910862 -0.44582265 -1.91332092
v -3.17907201 -0.44585573 -1.83839828
v -3.17900992 -0.44587974 -1.76346850
v -3.17893545 -0.44590769 -1.68846910
v -3.17888724 -0.44587385 -1.61335667
v -3.17891283 -0.44561681 -1.53799416
v -3.17911162 -0.44516794 -1.46218093
v -3.17967143 -0.44483464 -1.38610777
v -3.18066894 -0.44426053 -1.31021858
v -3.18189074 -0.44322665 -1.23443924
v -3.18288198 -0.44369342 -1.15981282
v -3.18231340 -0.44510317 -1.08734473
v -3.18135429 -0.45561905 -1.02667701
v -3.17213926 -0.43837965 -0.95998883
v -3.17011774 -0.45397873 -0.88174227
v -3.16582595 -0.46496819 -0.80101855
v -3.14981351 -0.45678604 -0.74194851
v -3.14689293 -0.47403993 -0.68781683
v -3.14470682 -0.48011083 -0.61767687
v -3.14533252 -0.48027311 -0.54305055
v -3.14613090 -0.47920232 -0.46785555
v -3.14373565 -0.47920222 -0.39305719
v -3.13115561 -0.47944847 -0.31380272
v -3.13341064 -0.48952719 -0.23669190
v -3.13302470 -0.49100187 -0.16227718
v -3.13324869 -0.49156991 -0.08856818
v -3.13454979 -0.49194120 -0.01556653
v -3.13455356 -0.49134609 0.05842196
v -3.13418782 -0.49091259 0.13317987
v -3.13407951 -0.49083643 0.20819239
v -3.13410598 -0.49086763 0.28321364
v -3.13412153 -0.49087965 0.35821768
v -3.13412013 -0.49087801 0.43321711
v -3.13411660 -0.49087667 0.50821752
v -3.13411658 -0.49087656 0.58321889
v -3.13413773 -0.49088089 0.65820823
v -3.13417015 -0.49089252 0.73317684
v -3.13412627 -0.49089634 0.80820325
v -3.13395560 -0.49084492 0.88344924
v -3.13376738 -0.49068500 0.95892730
v -3.13366850 -0.49042184 1.03439604
v -3.13358241 -0.49014147 1.10964567
v -3.13340123 -0.48995287 1.18470753
v -3.13321133 -0.48989831 1.25970728
v -3.13315253 -0.48992501 1.33470583
v -3.13317350 -0.48995516 1.40971812
v -3.13316075 -0.48995847 1.48473933
v -3.13317107 -0.48996354 1.55969299
v -3.13334479 -0.49003159 1.63446757
v -3.13364717 -0.49019921 1.70908095
v -3.13390257 -0.49044364 1.78369099
v -3.13405706 -0.49070153 1.85840618
v -3.13414777 -0.49089075 1.93323331
v -3.13412072 -0.49095904 2.00822071
v -3.13394853 -0.49092795 2.08344974
v -3.13374585 -0.49084647 2.15880235
v -3.13365005 -0.49057165 2.23422767
v -3.13389636 -0.48944430 2.31057231
v -3.13460856 -0.48708694 2.38849349
v -3.13391680 -0.48670403 2.46296884
v -3.12628000 -0.49706342 2.51589335
v -3.17237362 -0.37019129 -2.50581364
v -3.13538062 -0.36986763 -2.54353461
v -3.18329466 -0.37057617 -2.44229310
v -3.18222050 -0.37080346 -2.36651239
v -3.17976105 -0.37083353 -2.28906322
v -3.17888078 -0.37080291 -2.21312017
v -3.17893049 -0.37079156 -2.13815687
v -3.17906565 -0.37080473 -2.06331879
v -3.17908357 -0.37084546 -1.98838829
v -3.17904583 -0.37090719 -1.91345024
v -3.17898735 -0.37093350 -1.83851850
v -3.17892173 -0.37086718 -1.76345892
v -3.17891321 -0.37074816 -1.68813554
v -3.17907592 -0.37056072 -1.61257446
v -3.17947819 -0.37004608 -1.53679977
v -3.18010727 -0.36922526 -1.46072020
v -3.18096619 -0.36866700 -1.38459006
v -3.18214609 -0.36944163 -1.31024850
v -3.18266552 -0.36805001 -1.23725225
v -3.18253371 -0.36908602 -1.16323280
v -3.18206915 -0.38232197 -1.10014038
v -3.16967401 -0.37270913 -1.02875739
v -3.13108098 -0.36106592 -0.96352672
v -3.14307733 -0.39857792 -0.91165750
v -3.13019194 -0.40635513 -0.83918297
v -3.12370294 -0.42094139 -0.76652176
v -3.17243112 -0.29562087 -2.50555648
v -3.13345740 -0.29624535 -2.54259154
v -3.18403190 -0.29523240 -2.44220156
v -3.18255494 -0.29563144 -2.36650833
v -3.17967180 -0.29591118 -2.28919445
v -3.17870977 -0.29593019 -2.21330580
v -3.17881705 -0.29589048 -2.13831405
v -3.17897513 -0.29589593 -2.06344912
v -3.17896440 -0.29595553 -1.98852190
v -3.17888769 -0.29602992 -1.91357059
v -3.17883086 -0.29599240 -1.83852338
v -3.17886321 -0.29571553 -1.76314883
v -3.17909780 -0.29528418 -1.68726196
v -3.17969297 -0.29496271 -1.61113962
v -3.18068550 -0.29435552 -1.53525367
v -3.18187509 -0.29330140 -1.45951147
v -3.18293023 -0.29374558 -1.38494776
v -3.18270320 -0.29484245 -1.31241011
v -3.18211595 -0.30471728 -1.25138885
v -3.17150676 -0.28777427 -1.18285342
v -3.16732495 -0.31233520 -1.09804344
v -3.14881262 -0.30551723 -1.04247640
v -3.13493468 -0.32234619 -1.00626778
v -3.16639318 -0.22747149 -2.50410543
v -3.12049106 -0.23027675 -2.53661282
v -3.18359539 -0.22107438 -2.44177514
v -3.18366063 -0.22022610 -2.36592668
v -3.18014815 -0.22074359 -2.28884234
v -3.17860692 -0.22102053 -2.21321927
v -3.17861273 -0.22101816 -2.13824728
v -3.17888125 -0.22098910 -2.06324826
v -3.17896351 -0.22099269 -1.98822017
v -3.17891050 -0.22095706 -1.91319908
v -3.17888288 -0.22072071 -1.83797649
v -3.17908171 -0.22012314 -1.76223012
v -3.17968353 -0.21938803 -1.68589678
v -3.18071184 -0.21902817 -1.60953254
v -3.18207173 -0.21986799 -1.53514175
v -3.18264773 -0.21834098 -1.46218526
v -3.18254829 -0.21919273 -1.38816819
v -3.18231020 -0.23220411 -1.32502821
v -3.17026503 -0.22194147 -1.25273905
v -3.12977577 -0.21051046 -1.18839326
v -3.12795719 -0.24944922 -1.13240374
v -3.12179187 -0.27125783 -1.06824082
v -3.14743685 -0.18292232 -2.50299175
v -3.13994556 -0.12927094 -2.47996511
v -3.17591775 -0.14869586 -2.44451871
v -3.18483421 -0.14454921 -2.36523937
v -3.18213124 -0.14465666 -2.28737811
v -3.17966734 -0.14532471 -2.21183749
v -3.17898917 -0.14555403 -2.13708206
v -3.17916626 -0.14560404 -2.06202153
v -3.17951507 -0.14559044 -1.98683595
v -3.17978730 -0.14532691 -1.91174085
v -3.17996650 -0.14462084 -1.83643914
v -3.18028963 -0.14361184 -1.76059534
v -3.18101386 -0.14271939 -1.68438317
v -3.18206978 -0.14355990 -1.60948793
v -3.18225216 -0.14511243 -1.53689011
v -3.18200024 -0.15519136 -1.47599733
v -3.17144949 -0.13791686 -1.40738212
v -3.16745260 -0.16203923 -1.32212033
v -3.14928699 -0.15476302 -1.26534312
v -3.13572258 -0.17128386 -1.22884141
v -3.17225317 -0.06974016 -2.43301173
v -3.13425175 -0.06434864 -2.46968489
v -3.18403480 -0.06889713 -2.36728306
v -3.18416958 -0.06767076 -2.28741577
v -3.18256655 -0.06830204 -2.20959924
v -3.18126562 -0.06865110 -2.13451181
v -3.18072331 -0.06895705 -2.05985817
v -3.18084267 -0.06917267 -1.98506139
v -3.18150475 -0.06914273 -1.91017140
v -3.18228509 -0.06811414 -1.83508401
v -3.18285002 -0.06640913 -1.75944619
v -3.18330987 -0.06640968 -1.68465865
v -3.18278762 -0.06774643 -1.61168141
v -3.18173843 -0.07967313 -1.54949314
v -3.17026257 -0.07078269 -1.47741084
v -3.12952503 -0.06112724 -1.41303130
v -3.12773330 -0.09910131 -1.35657990
v -3.12207075 -0.12060584 -1.29140574
v -3.16095162 -0.01585361 -2.43818920
v -3.11672234 -0.00554846 -2.45957998
v -3.17337413 -0.00668246 -2.38455638
v -3.17519004 0.00665060 -2.30021731
v -3.18210133 0.00651758 -2.21291683
v -3.18385450 0.00861382 -2.13406336
v -3.18386382 0.00742421 -2.05950417
v -3.18241401 0.00749631 -1.98743884
v -3.18157062 0.00722451 -1.91382943
v -3.18227438 0.00602759 -1.83900806
v -3.18332233 0.00788946 -1.76384053
v -3.18344266 0.00796896 -1.68859377
v -3.18271242 -0.00362764 -1.62496980
v -3.17010250 0.00266701 -1.55215408
v -3.14902166 -0.00109384 -1.49111169
v -3.13584403 -0.02213703 -1.45386205
v -3.13657627 0.02589718 -2.41264418
v -3.14973412 0.03442470 -2.35321910
v -3.14122301 0.05677128 -2.29821402
v -3.13026229 0.08510995 -2.25852044
v -3.16493692 0.06193825 -2.23098177
v -3.17379308 0.08094387 -2.14766172
v -3.18312893 0.08041672 -2.06432267
v -3.18315418 0.07023905 -2.00174234
v -3.17500557 0.08625327 -1.93504321
v -3.17127183 0.07358129 -1.85685421
v -3.17053809 0.07124237 -1.78204048
v -3.17114068 0.07165032 -1.70622701
v -3.16820498 0.06409885 -1.62609815
v -3.14300123 0.07096549 -1.57360858
v -3.11800528 0.04387264 -1.52078360
v -3.13587892 0.10419036 -2.20703003
v -3.14211056 0.13211491 -2.14724847
v -3.13291306 0.16367772 -2.10881311
v -3.16621971 0.13789161 -2.08135899
v -3.16833620 0.13678988 -2.00163572
v -3.15308122 0.14728334 -1.94174557
v -3.14723852 0.12888344 -1.88756378
v -3.12988491 0.12176992 -1.81455069
v -3.13114465 0.11165549 -1.73741600
v -3.13209024 0.10883605 -1.66546749
v -3.12861317 0.10153156 -1.61079854
v -3.12416955 0.18104169 -2.04733856
v -3.12513648 0.17981583 -1.96905874
v -3.04944373 -1.60269694 -2.50913816
v -3.09232824 -1.56366143 -2.54712183
v -3.06832133 -1.61384252 -2.44571053
v -3.07254098 -1.61360949 -2.37033349
v -3.07160266 -1.61229406 -2.29350072
v -3.07077430 -1.61197138 -2.21793121
v -3.07068751 -1.61203590 -2.14298393
v -3.07075751 -1.61207301 -2.06804767
v -3.07077192 -1.61207087 -1.99305107
v -3.07076725 -1.61206832 -1.91804676
v -3.07076635 -1.61206847 -1.84304645
v -3.07076663 -1.61206858 -1.76804667
v -3.07076665 -1.61206856 -1.69304668
v -3.07076663 -1.61206856 -1.61804667
v -3.07076664 -1.61206856 -1.54304667
v -3.07076664 -1.61206856 -1.46804667
v -3.07076664 -1.61206856 -1.39304667
v -3.07076664 -1.61206856 -1.31804667
v -3.07076664 -1.61206856 -1.24304667
v -3.07076664 -1.61206856 -1.16804667
v -3.07076664 -1.61206855 -1.09304667
v -3.07076664 -1.61206857 -1.01804667
v -3.07076658 -1.61206867 -0.94304672
v -3.07076649 -1.61206856 -0.86804664
v -3.07076684 -1.61206773 -0.79304598
v -3.07076806 -1.61206720 -0.71804519
v -3.07076920 -1.61206895 -0.64304692
v -3.07076822 -1.61207182 -0.56805295
v -3.07076508 -1.61207214 -0.49306076
v -3.07076223 -1.61206954 -0.41806755
v -3.07076066 -1.61206714 -0.34307479
v -3.07075847 -1.61206809 -0.26808472
v -3.07075331 -1.61207362 -0.19309697
v -3.07074454 -1.61208073 -0.11810931
v -3.07073480 -1.61208717 -0.04311923
v -3.07072854 -1.61209726 0.03186997
v -3.07072423 -1.61211265 0.10684857
v -3.07071416 -1.61212755 0.18181654
v -3.07069669 -1.61214104 0.25678798
v -3.07067706 -1.61215674 0.33176989
v -3.07065610 -1.61217095 0.40675759
v -3.07063543 -1.61217770 0.48175418
v -3.07062566 -1.61217756 0.55676796
v -3.07063302 -1.61217260 0.63179226
v -3.07064943 -1.61216194 0.70681233
v -3.07066670 -1.61214494 0.78182694
v -3.07068725 -1.61212602 0.85684325
v -3.07071102 -1.61211504 0.93185451
v -3.07072486 -1.61211677 1.00684550
v -3.07071868 -1.61212346 1.08182270
v -3.07070248 -1.61212574 1.15681271
v -3.07069203 -1.61212099 1.23182537
v -3.07068885 -1.61210863 1.30684793
v -3.07069180 -1.61209359 1.38187078
v -3.07070812 -1.61208815 1.45688644
v -3.07073232 -1.61209589 1.53187896
v -3.07074003 -1.61210835 1.60684592
v -3.07072137 -1.61211919 1.68181314
v -3.07069452 -1.61212439 1.75680559
v -3.07067653 -1.61211934 1.83182177
v -3.07066348 -1.61210954 1.90685155
v -3.07066517 -1.61210585 1.98188916
v -3.07076925 -1.61207440 2.05688930
v -3.07099511 -1.61194931 2.13176596
v -3.07073041 -1.61198992 2.20667727
v -3.06881183 -1.61311360 2.28250105
v -3.06629288 -1.61545100 2.36025300
v -3.07042937 -1.61472852 2.43737836
v -3.09195863 -1.60177063 2.50141352
v -3.07014109 -1.56501733 2.54213322
v -3.07350790 -1.50100039 -2.55874140
v -3.06739036 -1.49954305 2.55565445
v -3.06769277 -1.42468868 -2.55797526
v -3.06946380 -1.42171961 2.55588869
v -3.06860841 -1.34679778 -2.55546618
v -3.07072607 -1.34342342 2.55392783
v -3.07029676 -1.27055504 -2.55444812
v -3.07089182 -1.26747767 2.55303045
v -3.07091357 -1.19538526 -2.55440285
v -3.07079497 -1.19262634 2.55290641
v -3.07089610 -1.12046627 -2.55451130
v -3.07074135 -1.11777167 2.55295789
v -3.07079743 -1.04551993 -2.55455173
v -3.07071762 -1.04275391 2.55299520
v -3.07076180 -0.97053472 -2.55456146
v -3.07070460 -0.96770544 2.55301661
v -3.07075267 -0.89553965 -2.55456780
v -3.07069477 -0.89271959 2.55299462
v -3.07074092 -0.82054481 -2.55455698
v -3.07068852 -0.81780128 2.55294385
v -3.07073776 -0.74553119 -2.55453286
v -3.07077744 -0.74257604 2.55327951
v -3.07074123 -0.67048023 -2.55456500
v -3.07109922 -0.66633133 2.55447200
v -3.07069495 -0.59545137 -2.55472024
v -3.07129031 -0.59069334 2.55430088
v -3.07070098 -0.52047706 -2.55501998
v -3.07013498 -0.52556882 2.54388718
v -3.07121287 -0.44530328 -2.55554339
v -3.12009025 -0.43667613 -0.71329050
v -3.10816098 -0.44038182 -0.65397804
v -3.10615260 -0.44244687 -0.58024073
v -3.10704126 -0.44113136 -0.50511360
v -3.10636616 -0.44040082 -0.43063057
v -3.09898969 -0.44237580 -0.35941771
v -3.08106931 -0.44551054 -0.30426598
v -3.08258051 -0.46022338 -0.25392319
v -3.07946464 -0.46555729 -0.18470504
v -3.06453123 -0.46867483 -0.10709945
v -3.06839837 -0.47788046 -0.03330616
v -3.07057338 -0.47942960 0.04068374
v -3.07022060 -0.47889180 0.11494224
v -3.06980829 -0.47854758 0.18976444
v -3.06975625 -0.47852217 0.26476478
v -3.06979021 -0.47854996 0.33977550
v -3.06979776 -0.47855439 0.41477776
v -3.06979329 -0.47855210 0.48977762
v -3.06979126 -0.47855182 0.56477904
v -3.06981468 -0.47855700 0.63977295
v -3.06985589 -0.47856586 0.71474537
v -3.06975583 -0.47854984 0.78978458
v -3.06935710 -0.47845510 0.86514757
v -3.06896603 -0.47823329 0.94082061
v -3.06884013 -0.47796144 1.01631328
v -3.06891546 -0.47771270 1.09137815
v -3.06903118 -0.47742308 1.16623174
v -3.06879057 -0.47716876 1.24112915
v -3.06837411 -0.47705994 1.31620860
v -3.06820245 -0.47700861 1.39142173
v -3.06814944 -0.47692286 1.46659940
v -3.06815848 -0.47686557 1.54155801
v -3.06848326 -0.47697968 1.61615305
v -3.06906500 -0.47728133 1.69056395
v -3.06946017 -0.47758093 1.76518518
v -3.06958649 -0.47784908 1.84003346
v -3.06966606 -0.47823001 1.91489461
v -3.06966522 -0.47854330 1.98984614
v -3.06938737 -0.47853646 2.06516616
v -3.06907520 -0.47826922 2.14073082
v -3.06892384 -0.47786658 2.21608566
v -3.06895200 -0.47687181 2.29183292
v -3.06944711 -0.47472997 2.36919395
v -3.07004443 -0.47445851 2.44537632
v -3.06963090 -0.48658750 2.50842476
v -3.07182422 -0.36971973 -2.55608282
v -3.11306101 -0.36526191 -0.92525931
v -3.10053890 -0.36845804 -0.88243432
v -3.08175124 -0.37137213 -0.82985425
v -3.07935614 -0.38698165 -0.77932091
v -3.06380759 -0.40263597 -0.70196782
v -3.05435415 -0.41428044 -0.61725643
v -3.05511422 -0.41513261 -0.54014333
v -3.05701763 -0.41375398 -0.46656838
v -3.05448059 -0.41567859 -0.39509083
v -3.04704285 -0.42280614 -0.32573520
v -3.06784491 -0.29444104 -2.55475533
v -3.11443661 -0.28858031 -1.02291904
v -3.08573924 -0.30632024 -0.98452870
v -3.05912664 -0.33330292 -0.92485487
v -3.04737834 -0.34694857 -0.85089269
v -3.04678415 -0.21740408 -2.54638010
v -3.10485914 -0.21604338 -1.15685125
v -3.07570649 -0.22127735 -1.13377783
v -3.05601816 -0.24550322 -1.08448819
v -3.06452702 -0.27138000 -1.02440425
v -3.09771281 -0.17357056 -2.51805610
v -3.07283292 -0.11263044 -2.49743996
v -3.11523438 -0.13754369 -1.24504882
v -3.08720363 -0.15595597 -1.20954503
v -3.05868971 -0.18843910 -1.16827278
v -3.08007901 -0.05098634 -2.48194551
v -3.10423031 -0.06603030 -1.38119007
v -3.07564311 -0.07161497 -1.35904618
v -3.05657307 -0.09605291 -1.31304237
v -3.06553293 -0.12111768 -1.24972433
v -3.04431260 -0.00334675 -2.46889337
v -3.11428554 0.01339823 -1.47066803
v -3.08468418 -0.00836455 -1.43407729
v -3.05791958 -0.04166482 -1.39238394
v -3.06873864 0.03486550 -2.42678672
v -3.09330560 0.05654801 -2.35962059
v -3.10032614 0.07975819 -2.30149544
v -3.04325556 0.08290963 -2.31972032
v -3.08925781 0.08662274 -1.57100179
v -3.04328815 0.06024594 -1.52291823
v -3.06082183 0.02984161 -1.47129662
v -3.07437617 0.10628977 -2.26135505
v -3.08816049 0.13269209 -2.19884370
v -3.10308267 0.15681848 -2.15108545
v -3.04390505 0.16073594 -2.17242210
v -3.12224817 0.16633562 -1.91430753
v -3.10245010 0.15983333 -1.86082800
v -3.07342365 0.15314228 -1.81289827
v -3.05770911 0.13309312 -1.75723853
v -3.06701672 0.12233231 -1.68426922
v -3.07275442 0.11197513 -1.62152500
v -3.07061260 0.18364832 -2.11107152
v -3.05604143 0.19849989 -2.04614091
v -3.06534534 0.19851267 -1.98267518
v -3.06720188 0.18805452 -1.90490859
v -3.05118328 0.17569926 -1.84217981
v -2.97054104 -1.60342084 -2.50647822
v -3.01701939 -1.56525750 -2.54667257
v -2.99105728 -1.61544321 -2.44336105
v -2.99631804 -1.61496296 -2.36792480
v -2.99534977 -1.61281704 -2.29065153
v -2.99416753 -1.61209187 -2.21476543
v -2.99393255 -1.61213735 -2.13976739
v -2.99401448 -1.61221785 -2.06486444
v -2.99404887 -1.61222383 -1.98988043
v -2.99404480 -1.61221832 -1.91487443
v -2.99404231 -1.61221787 -1.83987306
v -2.99404259 -1.61221816 -1.76487338
v -2.99404269 -1.61221816 -1.68987344
v -2.99404267 -1.61221815 -1.61487342
v -2.99404267 -1.61221815 -1.53987342
v -2.99404267 -1.61221815 -1.46487342
v -2.99404267 -1.61221815 -1.38987342
v -2.99404267 -1.61221815 -1.31487342
v -2.99404267 -1.61221816 -1.23987342
v -2.99404267 -1.61221816 -1.16487342
v -2.99404267 -1.61221815 -1.08987342
v -2.99404267 -1.61221816 -1.01487342
v -2.99404259 -1.61221829 -0.93987345
v -2.99404257 -1.61221807 -0.86487336
v -2.99404334 -1.61221675 -0.78987271
v -2.99404492 -1.61221681 -0.71487277
v -2.99404390 -1.61222291 -0.63987870
v -2.99403575 -1.61223072 -0.56489223
v -2.99402256 -1.61223067 -0.48990543
v -2.99401121 -1.61222774 -0.41491756
v -2.99400011 -1.61223161 -0.33994396
v -2.99398150 -1.61223741 -0.26498526
v -2.99395925 -1.61224599 -0.19001682
v -2.99394331 -1.61226839 -0.11502819
v -2.99393017 -1.61230001 -0.04003835
v -2.99391160 -1.61233308 0.03493192
v -2.99388892 -1.61236639 0.10988422
v -2.99386638 -1.61238254 0.18486013
v -2.99386055 -1.61237024 0.25991934
v -2.99390084 -1.61234842 0.33505687
v -2.99397585 -1.61232102 0.41019152
v -2.99402866 -1.61226459 0.48527281
v -2.99403710 -1.61219409 0.56031619
v -2.99402678 -1.61217247 0.63531907
v -2.99400451 -1.61222533 0.71024684
v -2.99395157 -1.61230617 0.78511320
v -2.99388069 -1.61236496 0.85998667
v -2.99384033 -1.61239714 0.93490736
v -2.99384552 -1.61240957 1.00986383
v -2.99385995 -1.61239051 1.08486560
v -2.99387312 -1.61234350 1.15995634
v -2.99392047 -1.61230534 1.23510696
v -2.99398939 -1.61229587 1.31019586
v -2.99400387 -1.61229929 1.38515382
v -2.99394596 -1.61231141 1.46002964
v -2.99388629 -1.61233606 1.53490752
v -2.99387347 -1.61234705 1.60985970
v -2.99389873 -1.61232285 1.68493771
v -2.99395583 -1.61227680 1.76011137
v -2.99403081 -1.61222722 1.83525804
v -2.99406279 -1.61219193 1.91028436
v -2.99401759 -1.61219860 1.98521174
v -2.99400780 -1.61223050 2.06008203
v -2.99416555 -1.61218864 2.13489132
v -2.99403644 -1.61219348 2.20986120
v -2.99234086 -1.61307941 2.28577330
v -2.98936054 -1.61538448 2.36320328
v -2.99221788 -1.61533805 2.43948682
v -3.01640093 -1.60172330 2.50448184
v -2.99262653 -1.56118746 2.54433912
v -2.99607260 -1.50117821 -2.55828726
v -2.98969638 -1.49622460 2.55671703
v -2.99045782 -1.42490900 -2.55776374
v -2.99236214 -1.42029819 2.55631179
v -2.99155941 -1.34721423 -2.55556508
v -2.99401161 -1.34323930 2.55403364
v -2.99328343 -1.27092487 -2.55466766
v -2.99422657 -1.26759751 2.55307704
v -2.99406606 -1.19561011 -2.55459949
v -2.99404639 -1.19264911 2.55301875
v -2.99414531 -1.12064430 -2.55469448
v -2.99396615 -1.11768561 2.55312419
v -2.99404637 -1.04570019 -2.55475702
v -2.99400682 -1.04265717 2.55318264
v -2.99398215 -0.97072630 -2.55478439
v -2.99406892 -0.96768731 2.55317747
v -2.99395135 -0.89575325 -2.55477816
v -2.99407432 -0.89280636 2.55306088
v -2.99393823 -0.82077178 -2.55474713
v -2.99402050 -0.81789031 2.55300139
v -2.99395789 -0.74570990 -2.55481375
v -2.99391216 -0.74233545 2.55378993
v -2.99397474 -0.67062019 -2.55510681
v -2.99367003 -0.66540702 2.55597195
v -2.99387755 -0.59582077 -2.55544038
v -2.99328653 -0.58956276 2.55614173
v -2.99397006 -0.52131580 -2.55569079
v -2.99349600 -0.52538757 2.54295121
v -2.99480141 -0.44636473 -2.55631551
v -3.04566647 -0.43610493 -0.27050352
v -3.03440152 -0.44071994 -0.21239939
v -3.02619910 -0.44390236 -0.14452198
v -3.00445265 -0.44939727 -0.09864959
v -2.98071365 -0.46978856 -0.04721623
v -2.99235130 -0.47794371 0.03675313
v -2.99341477 -0.47847591 0.11193423
v -2.99274973 -0.47798584 0.18665729
v -2.99248798 -0.47782740 0.26159084
v -2.99250602 -0.47784709 0.33659247
v -2.99253133 -0.47786291 0.41159788
v -2.99252989 -0.47786188 0.48659860
v -2.99252483 -0.47786059 0.56159933
v -2.99254276 -0.47786530 0.63659941
v -2.99259481 -0.47787252 0.71158119
v -2.99249671 -0.47784256 0.78658407
v -2.99192769 -0.47773068 0.86185703
v -2.99135658 -0.47759669 0.93745623
v -2.99253528 -0.47756210 1.01147797
v -2.99259780 -0.47859818 1.08397295
v -2.99317742 -0.47982376 1.15759596
v -2.99504899 -0.47990570 1.23215622
v -2.99461564 -0.47964382 1.30705524
v -2.99391630 -0.47937205 1.38253182
v -2.99362604 -0.47904713 1.45809981
v -2.99358275 -0.47873284 1.53327297
v -2.99394513 -0.47869879 1.60784608
v -2.99470331 -0.47901903 1.68221218
v -2.99412313 -0.47914250 1.75810261
v -2.99293540 -0.47812160 1.83517282
v -2.99248390 -0.47724207 1.91128274
v -2.99218577 -0.47750458 1.98655132
v -2.99192000 -0.47764954 2.06188243
v -2.99166546 -0.47734415 2.13739025
v -2.99288376 -0.47697201 2.21116658
v -2.99257057 -0.47744222 2.28382094
v -2.99273045 -0.47705521 2.35942548
v -2.99475166 -0.47663837 2.43613644
v -2.99448856 -0.48770648 2.50244360
v -2.99559319 -0.37019661 -2.55743955
v -3.04348659 -0.36062862 -0.79630792
v -3.02638235 -0.36690707 -0.74264652
v -3.00317142 -0.37444942 -0.69824722
v -2.98138861 -0.39920263 -0.65182058
v -2.99002453 -0.40674334 -0.56398773
v -2.99393011 -0.40619519 -0.48820534
v -3.00485732 -0.40621282 -0.42561596
v -2.98839356 -0.41624688 -0.35865654
v -2.99984711 -0.42559185 -0.27011065
v -2.99138090 -0.43039886 -0.18879985
v -2.98754515 -0.43491457 -0.13222892
v -2.99189317 -0.29424318 -2.55745744
v -3.01362643 -0.29335686 -0.97624818
v -2.97284737 -0.31764421 -0.92830743
v -2.99829855 -0.33269094 -0.87414219
v -2.98693211 -0.34917528 -0.80113924
v -2.98527766 -0.35796400 -0.73357802
v -2.97571290 -0.23289207 -2.55452892
v -3.01007120 -0.21565662 -1.12614691
v -2.97121018 -0.24454668 -1.07857812
v -2.99162696 -0.26519440 -1.02652335
v -3.04079389 -0.15542819 -2.52518692
v -2.97742988 -0.16700054 -2.53948262
v -3.01801328 -0.14559547 -1.20936434
v -2.97197828 -0.18070128 -1.17527753
v -3.00220835 -0.11946400 -2.51478268
v -3.00153348 -0.06474328 -2.49135840
v -3.01575085 -0.06811205 -1.35739365
v -2.97606683 -0.09524567 -1.32977683
v -2.98680248 -0.11960601 -1.26647488
v -2.96759781 -0.00558964 -2.46960220
v -3.00114427 -0.00491635 -1.42794632
v -2.98682172 -0.04419542 -1.39157071
v -2.99027689 0.03213744 -2.43438264
v -3.00269315 0.05623355 -2.36965460
v -2.98221447 0.07870969 -2.31580028
v -3.01409285 0.08808117 -1.57333242
v -2.96875769 0.05869188 -1.52587203
v -2.98711723 0.03530619 -1.47523405
v -2.99575532 0.10398398 -2.27526782
v -3.01407574 0.13123302 -2.22281836
v -2.96871933 0.15827825 -2.17926244
v -3.01152845 0.15805616 -1.80000706
v -2.97200512 0.13277561 -1.75123719
v -2.98966789 0.12165824 -1.69191214
v -2.99694399 0.11007179 -1.62731823
v -2.99005988 0.18398712 -2.13104278
v -2.99414343 0.19602779 -2.06532430
v -2.99316384 0.20002068 -1.99165748
v -2.99339691 0.19686852 -1.91704779
v -2.99404755 0.18264047 -1.84955282
v -2.89234891 -1.60117479 -2.50370771
v -2.93649551 -1.56449040 -2.54389385
v -2.91135163 -1.61538911 -2.44113609
v -2.91690039 -1.61602616 -2.36632185
v -2.91582488 -1.61344284 -2.28916340
v -2.91437385 -1.61216277 -2.21309386
v -2.91400714 -1.61207304 -2.13800936
v -2.91409190 -1.61219786 -2.06312209
v -2.91414786 -1.61222739 -1.98815491
v -2.91414679 -1.61221999 -1.91314919
v -2.91414241 -1.61221766 -1.83814623
v -2.91414243 -1.61221809 -1.76314651
v -2.91414266 -1.61221818 -1.68814666
v -2.91414264 -1.61221816 -1.61314664
v -2.91414264 -1.61221815 -1.53814664
v -2.91414264 -1.61221816 -1.46314664
v -2.91414264 -1.61221816 -1.38814664
v -2.91414264 -1.61221815 -1.31314664
v -2.91414264 -1.61221816 -1.23814664
v -2.91414264 -1.61221816 -1.16314664
v -2.91414264 -1.61221815 -1.08814664
v -2.91414264 -1.61221816 -1.01314663
v -2.91414255 -1.61221830 -0.93814663
v -2.91414260 -1.61221808 -0.86314663
v -2.91414368 -1.61221630 -0.78814625
v -2.91414487 -1.61221707 -0.71314673
v -2.91413929 -1.61222966 -0.63815449
v -2.91412133 -1.61224256 -0.56316798
v -2.91410295 -1.61222682 -0.48815860
v -2.91410466 -1.61220395 -0.41311239
v -2.91411746 -1.61222951 -0.33808440
v -2.91410423 -1.61227545 -0.26311609
v -2.91406553 -1.61227163 -0.18813940
v -2.91405965 -1.61224438 -0.11308040
v -2.91411295 -1.61225332 -0.03798188
v -2.91417022 -1.61228371 0.03705883
v -2.91417662 -1.61229520 0.11201505
v -2.91414183 -1.61225056 0.18700378
v -2.91413355 -1.61213328 0.26222176
v -2.91426161 -1.61199042 0.33769202
v -2.91456430 -1.61186188 0.41317317
v -2.91490054 -1.61170503 0.48845929
v -2.91509777 -1.61147553 0.56356834
v -2.91513069 -1.61130275 0.63854411
v -2.91505334 -1.61138489 0.71333106
v -2.91487894 -1.61167288 0.78793965
v -2.91460278 -1.61196227 0.86252106
v -2.91430012 -1.61217502 0.93720154
v -2.91410820 -1.61230502 1.01200741
v -2.91406646 -1.61228696 1.08698688
v -2.91411753 -1.61212125 1.16223987
v -2.91427279 -1.61196954 1.23768457
v -2.91454046 -1.61197403 1.31296295
v -2.91473533 -1.61210459 1.38781506
v -2.91463310 -1.61224060 1.46235462
v -2.91428619 -1.61231684 1.53688538
v -2.91398209 -1.61230605 1.61170230
v -2.91393499 -1.61218805 1.68698699
v -2.91416848 -1.61201481 1.76261260
v -2.91456695 -1.61187219 1.83813797
v -2.91489607 -1.61181714 1.91320275
v -2.91493413 -1.61186944 1.98785184
v -2.91471219 -1.61201408 2.06233674
v -2.91450013 -1.61213094 2.13681904
v -2.91419443 -1.61213502 2.21163296
v -2.91277181 -1.61263117 2.28763549
v -2.91013921 -1.61441622 2.36519987
v -2.91249717 -1.61450932 2.44108774
v -2.93573056 -1.60143483 2.50520458
v -2.91259094 -1.56302178 2.54357067
v -2.91684772 -1.49930336 -2.55622045
v -2.91016241 -1.49965341 2.55565285
v -2.91219932 -1.42447123 -2.55683833
v -2.91280749 -1.42447381 2.55554870
v -2.91179808 -1.34868367 -2.55539456
v -2.91421950 -1.34772275 2.55369915
v -2.91323033 -1.27265229 -2.55477417
v -2.91427122 -1.27216184 2.55303453
v -2.91407233 -1.19739352 -2.55469647
v -2.91413256 -1.19719120 2.55309105
v -2.91416832 -1.12241134 -2.55475457
v -2.91430318 -1.12231620 2.55322836
v -2.91407540 -1.04740868 -2.55476239
v -2.91462751 -1.04758272 2.55321233
v -2.91406353 -0.97239950 -2.55471551
v -2.91478024 -0.97291005 2.55295837
v -2.91412549 -0.89746399 -2.55465100
v -2.91462707 -0.89808120 2.55255766
v -2.91419917 -0.82252078 -2.55470685
v -2.91417621 -0.82285211 2.55262859
v -2.91425147 -0.74744662 -2.55509485
v -2.91343168 -0.74648080 2.55438005
v -2.91421937 -0.67260292 -2.55541618
v -2.91290157 -0.66834981 2.55757146
v -2.91387095 -0.59852466 -2.55433051
v -2.91441886 -0.59161802 2.55578148
v -2.91552520 -0.52374713 -2.55289393
v -2.92114781 -0.52854045 2.53667915
v -2.91827325 -0.44771594 -2.55327162
v -2.94622083 -0.44051637 -0.31006602
v -2.92878152 -0.43599984 -0.36943993
v -2.88823854 -0.46679941 -0.34306725
v -2.90333862 -0.46808918 -0.26265916
v -2.95212409 -0.44284038 -0.23454532
v -2.90639752 -0.46817195 -0.18543303
v -2.95353775 -0.44473468 -0.16037602
v -2.91577111 -0.47037949 -0.10180587
v -2.96710413 -0.44977590 -0.10513029
v -2.90248603 -0.48027193 -0.02704043
v -2.91464087 -0.48113054 0.03559875
v -2.91697617 -0.48172592 0.11014459
v -2.91631357 -0.48128377 0.18506575
v -2.91581374 -0.48102516 0.26000891
v -2.91576138 -0.48101196 0.33499445
v -2.91580062 -0.48103573 0.40999722
v -2.91580813 -0.48103892 0.48499951
v -2.91580184 -0.48103675 0.55999943
v -2.91580889 -0.48103950 0.63500246
v -2.91586099 -0.48104758 0.71000016
v -2.91582976 -0.48102165 0.78497431
v -2.91528838 -0.48090798 0.86003157
v -2.91446698 -0.48088090 0.93540796
v -2.91655921 -0.48145826 1.00996464
v -2.92850202 -0.48203224 1.07124454
v -2.91334424 -0.49100484 1.13921636
v -2.92659614 -0.49336002 1.21665315
v -2.92879006 -0.49358756 1.29086316
v -2.92789313 -0.49321441 1.36597718
v -2.92721694 -0.49279241 1.44143629
v -2.92711430 -0.49245169 1.51658999
v -2.92768416 -0.49226274 1.59121604
v -2.92864847 -0.49239148 1.66570509
v -2.92794684 -0.49226424 1.74180142
v -2.91656395 -0.49030628 1.82796123
v -2.91751838 -0.48223528 1.90866681
v -2.91560020 -0.48055125 1.98449976
v -2.91503164 -0.48052848 2.05995031
v -2.91486760 -0.48025868 2.13543304
v -2.91705986 -0.48047570 2.20967757
v -2.92859615 -0.48078988 2.27066784
v -2.91232901 -0.49026712 2.33934452
v -2.92545423 -0.49014467 2.41885315
v -2.92695895 -0.49630149 2.48915568
v -2.91942097 -0.37081903 -2.55491664
v -2.94916978 -0.37106635 -0.75990080
v -2.92148661 -0.37597591 -0.81075399
v -2.91710257 -0.39494900 -0.77314094
v -2.92547650 -0.40411162 -0.71784561
v -2.96663196 -0.37553729 -0.70825571
v -2.91719419 -0.42037993 -0.65119370
v -2.92633089 -0.41829168 -0.58535415
v -2.92920663 -0.41743162 -0.50908434
v -2.93901073 -0.41882220 -0.42890325
v -2.91759304 -0.29578596 -2.55463667
v -2.94260921 -0.29392892 -0.98149960
v -2.91648300 -0.32445949 -0.94131715
v -2.93169618 -0.34541088 -0.87562484
v -2.90857439 -0.22467131 -2.54382376
v -2.93071604 -0.22805307 -1.12365108
v -2.92149475 -0.25591885 -1.07877269
v -2.92590093 -0.27272649 -1.03659022
v -2.91478752 -0.16321360 -2.53411720
v -2.96015394 -0.14803504 -1.22432230
v -2.92054426 -0.15061478 -1.26133382
v -2.92449761 -0.17275641 -1.21588988
v -2.91308342 -0.19944679 -1.17884558
v -2.92400458 -0.11775653 -2.50635557
v -2.92028632 -0.05649310 -2.47373004
v -2.95963471 -0.07140334 -1.37325242
v -2.92411753 -0.05311217 -1.41463146
v -2.92610702 -0.09639357 -1.36649073
v -2.92327835 -0.12320547 -1.31815629
v -2.91379437 -0.01042648 -2.45658792
v -2.93747162 0.00432975 -1.44792033
v -2.93325754 0.02129213 -2.44185790
v -2.93193991 0.03377783 -2.39238546
v -2.92908360 0.04976845 -2.31986909
v -2.94579529 0.08621353 -2.27845737
v -2.90939689 0.06801558 -2.26066204
v -2.93396540 0.07376511 -1.57348452
v -2.92062252 0.04691937 -1.52800982
v -2.92469477 0.02946922 -1.48933924
v -2.92262871 0.11070328 -2.21593088
v -2.90855185 0.15174687 -2.16418339
v -2.93453512 0.14814719 -1.79813424
v -2.92244979 0.12240559 -1.75281659
v -2.92378280 0.11123029 -1.70718524
v -2.92752641 0.10022499 -1.64043498
v -2.93086828 0.17614397 -2.13930199
v -2.92789675 0.18428117 -2.08492767
v -2.92711195 0.18710237 -2.01117018
v -2.92695263 0.18675358 -1.93461169
v -2.92773233 0.17692400 -1.86365876
v -2.83408093 -1.59353669 -2.50087888
v -2.85365503 -1.55639521 -2.54023656
v -2.83244294 -1.60654708 -2.43889688
v -2.84007274 -1.61423878 -2.36473122
v -2.83920850 -1.61372024 -2.28882038
v -2.83768288 -1.61230399 -2.21301172
v -2.83725942 -1.61191915 -2.13787541
v -2.83734940 -1.61201245 -2.06296529
v -2.83742241 -1.61207501 -1.98800673
v -2.83742485 -1.61207341 -1.91300384
v -2.83741875 -1.61206826 -1.83799964
v -2.83741832 -1.61206831 -1.76299962
v -2.83741868 -1.61206859 -1.68799988
v -2.83741868 -1.61206857 -1.61299987
v -2.83741867 -1.61206856 -1.53799986
v -2.83741867 -1.61206856 -1.46299986
v -2.83741867 -1.61206856 -1.38799987
v -2.83741867 -1.61206856 -1.31299986
v -2.83741867 -1.61206856 -1.23799986
v -2.83741867 -1.61206856 -1.16299986
v -2.83741867 -1.61206856 -1.08799987
v -2.83741867 -1.61206855 -1.01299986
v -2.83741860 -1.61206869 -0.93799983
v -2.83741864 -1.61206861 -0.86299993
v -2.83741982 -1.61206661 -0.78799996
v -2.83742042 -1.61206701 -0.71299977
v -2.83741036 -1.61208563 -0.63800442
v -2.83738715 -1.61210430 -0.56301233
v -2.83738742 -1.61204415 -0.48796761
v -2.83746200 -1.61192812 -0.41279684
v -2.83759247 -1.61193508 -0.33756322
v -2.83769567 -1.61208089 -0.26240151
v -2.83773547 -1.61213698 -0.18726952
v -2.83778382 -1.61198010 -0.11203918
v -2.83795166 -1.61175212 -0.03673010
v -2.83822731 -1.61161145 0.03853802
v -2.83845481 -1.61149550 0.11366183
v -2.83852867 -1.61125176 0.18870734
v -2.83850780 -1.61087786 0.26400856
v -2.83860533 -1.61062591 0.33965596
v -2.83891497 -1.61048720 0.41516450
v -2.83932046 -1.61035531 0.49026577
v -2.83971341 -1.61030283 0.56518526
v -2.83993503 -1.61012635 0.64003097
v -2.83991362 -1.61005739 0.71472303
v -2.83975885 -1.61034334 0.78933116
v -2.83957809 -1.61062658 0.86408815
v -2.83928772 -1.61082803 0.93897003
v -2.83882959 -1.61105857 1.01379960
v -2.83848279 -1.61114009 1.08870651
v -2.83841166 -1.61088436 1.16400061
v -2.83856885 -1.61064214 1.23959139
v -2.83886939 -1.61072013 1.31480708
v -2.83915735 -1.61103899 1.38936459
v -2.83930424 -1.61149611 1.46369513
v -2.83903767 -1.61172340 1.53812016
v -2.83834827 -1.61157378 1.61287929
v -2.83782472 -1.61124770 1.68833098
v -2.83793750 -1.61099767 1.76431562
v -2.83852426 -1.61088971 1.84000548
v -2.83912219 -1.61097027 1.91483497
v -2.83943616 -1.61131671 1.98908071
v -2.83938126 -1.61159781 2.06329045
v -2.83897985 -1.61173584 2.13757988
v -2.83816328 -1.61168998 2.21213205
v -2.83647685 -1.61167599 2.28799748
v -2.83398405 -1.61276562 2.36569266
v -2.83584335 -1.61309547 2.44171578
v -2.85728976 -1.60181190 2.50541399
v -2.83586280 -1.56253659 2.54305659
v -2.85237198 -1.48879074 -2.55532469
v -2.83403944 -1.49729321 2.55454331
v -2.83801320 -1.42666383 -2.55561305
v -2.83640308 -1.42113685 2.55451966
v -2.83549398 -1.35125808 -2.55524256
v -2.83749127 -1.34436681 2.55324457
v -2.83661203 -1.27569073 -2.55475986
v -2.83757091 -1.26898254 2.55296956
v -2.83733759 -1.20055251 -2.55451347
v -2.83787420 -1.19427988 2.55318397
v -2.83746807 -1.12539714 -2.55429323
v -2.83850552 -1.12001481 2.55324085
v -2.83759976 -1.05014449 -2.55403101
v -2.83887118 -1.04582144 2.55286405
v -2.83791761 -0.97499709 -2.55383888
v -2.83884580 -0.97112061 2.55218199
v -2.83825622 -0.90007182 -2.55385264
v -2.83841333 -0.89588646 2.55154656
v -2.83839354 -0.82515536 -2.55431224
v -2.83734560 -0.81990402 2.55200893
v -2.83831047 -0.75026613 -2.55489974
v -2.83635236 -0.74254534 2.55465229
v -2.83789609 -0.67653387 -2.55326349
v -2.83832166 -0.66445480 2.55594025
v -2.83396859 -0.60321905 -2.54469368
v -2.84712875 -0.58873592 2.54163061
v -2.84853088 -0.52061449 -2.54186232
v -2.86814712 -0.51632956 1.19230081
v -2.84986317 -0.51216529 1.13514776
v -2.81043490 -0.54002917 1.16193342
v -2.82417420 -0.54228697 1.24207160
v -2.87574071 -0.51783880 1.26406106
v -2.82648061 -0.54294236 1.31666355
v -2.87596011 -0.51787123 1.33813015
v -2.82776837 -0.54323842 1.39040405
v -2.87615439 -0.51746638 1.41160583
v -2.83628264 -0.54161743 1.45283929
v -2.87578961 -0.51850240 1.48407280
v -2.82541612 -0.55457589 1.51864103
v -2.87660515 -0.52000641 1.55781165
v -2.83734847 -0.55598085 1.59728174
v -2.87932024 -0.52028257 1.63267162
v -2.83959471 -0.55623005 1.67343799
v -2.87906075 -0.52000991 1.70911297
v -2.82997200 -0.55477083 1.75854663
v -2.87479655 -0.51688111 1.78563991
v -2.82703308 -0.53882227 1.83387720
v -2.86200503 -0.51165179 1.84687236
v -2.82569741 -0.52187207 1.88405271
v -2.87107509 -0.51811037 2.39142035
v -2.84383283 -0.52442171 2.34063626
v -2.83773714 -0.54443841 2.37789782
v -2.83662497 -0.55249124 2.42645230
v -2.87669855 -0.51990439 2.45978813
v -2.83692148 -0.56194305 2.49439036
v -2.87746021 -0.53161012 2.51471758
v -2.85151823 -0.44431072 -2.54236759
v -2.87634699 -0.42553259 -0.77600320
v -2.84484862 -0.43245796 -0.83098819
v -2.81229697 -0.46620133 -0.79248525
v -2.82558795 -0.46744354 -0.71149121
v -2.87636517 -0.44168827 -0.68828597
v -2.82680573 -0.46938140 -0.63463184
v -2.87565002 -0.44431711 -0.61310401
v -2.82763184 -0.46887011 -0.56059029
v -2.87673695 -0.44253083 -0.54016272
v -2.83733309 -0.46665928 -0.49709819
v -2.87995418 -0.44374597 -0.46754564
v -2.83465906 -0.48001576 -0.42241331
v -2.89076574 -0.44776891 -0.40602754
v -2.83657488 -0.49423077 -0.34868298
v -2.84955031 -0.49236097 -0.28415277
v -2.85223630 -0.49149504 -0.20933275
v -2.85210345 -0.49101653 -0.13213470
v -2.85063425 -0.49201025 -0.05454396
v -2.84999226 -0.49287015 0.02038869
v -2.85095032 -0.49250458 0.09463268
v -2.85036035 -0.49206308 0.16985990
v -2.84977673 -0.49181200 0.24495114
v -2.84965140 -0.49178084 0.31995099
v -2.84969084 -0.49180593 0.39494743
v -2.84970945 -0.49181362 0.46994931
v -2.84970528 -0.49181165 0.54494923
v -2.84970298 -0.49181180 0.61995083
v -2.84973755 -0.49181932 0.69495990
v -2.84977294 -0.49181188 0.76994815
v -2.84944646 -0.49172101 0.84486685
v -2.84852624 -0.49165717 0.91984366
v -2.84924420 -0.49241226 0.99546726
v -2.85948644 -0.49561955 1.07518656
v -2.85899681 -0.49764444 1.89978116
v -2.85141115 -0.49230476 1.96999050
v -2.84890580 -0.49124233 2.04464084
v -2.84866695 -0.49080235 2.12001259
v -2.84967284 -0.49114034 2.19544531
v -2.85780063 -0.49686524 2.27504803
v -2.85227631 -0.36803788 -2.54351668
v -2.86006859 -0.35765595 -1.00573007
v -2.84404055 -0.35469673 -1.05581645
v -2.83324146 -0.39327286 -1.01933551
v -2.83701478 -0.40607649 -0.95743282
v -2.87692861 -0.36431064 -0.93015180
v -2.84166776 -0.41558113 -0.88704906
v -2.88014834 -0.39108206 -0.85302481
v -2.85057832 -0.30004944 -2.53862224
v -2.87763367 -0.29161598 -1.07641423
v -2.84594112 -0.28647419 -1.13383965
v -2.83748485 -0.32758955 -1.09983333
v -2.89278878 -0.31427789 -0.99577782
v -2.83001393 -0.25802157 -2.50991019
v -2.87025051 -0.19425021 -2.51677213
v -2.82483295 -0.21459062 -2.48031814
v -2.87598449 -0.20372710 -1.23017720
v -2.84587296 -0.20923387 -1.28345488
v -2.83549343 -0.24223759 -1.24652533
v -2.84054643 -0.26184047 -1.19019298
v -2.87698600 -0.24013773 -1.15489901
v -2.88760759 -0.15302023 -2.51600419
v -2.85086046 -0.15938042 -2.47833531
v -2.87641055 -0.12990894 -1.37929252
v -2.83739581 -0.14457393 -1.42342819
v -2.83843399 -0.17452805 -1.38239164
v -2.84058182 -0.19035523 -1.33780442
v -2.87712684 -0.16528668 -1.30395069
v -2.86266968 -0.10524918 -2.44997452
v -2.87607998 -0.04749090 -2.42040418
v -2.82216339 -0.10663895 -2.37249482
v -2.85722386 -0.04805877 -2.34561127
v -2.82540925 -0.07759740 -2.31656975
v -2.86754271 -0.07303672 -1.45635870
v -2.83722658 -0.06888988 -1.49858424
v -2.83694699 -0.10945959 -1.46303002
v -2.89906531 0.00452226 -2.42273578
v -2.88901291 0.00080898 -2.36572111
v -2.84393758 -0.04476380 -2.28994263
v -2.87634872 0.00956062 -2.28096258
v -2.83938129 -0.02624722 -2.23563411
v -2.85849317 0.02108922 -2.21739701
v -2.83192279 0.00227366 -2.18763338
v -2.87757292 0.00784916 -1.52582077
v -2.83790373 0.00445642 -1.57247194
v -2.83796207 -0.02865947 -1.53491508
v -2.89747783 -0.01203098 -1.46502975
v -2.88224237 0.05966451 -2.22641135
v -2.85065095 0.06273089 -2.17687030
v -2.87823700 0.09704410 -1.75236087
v -2.83831321 0.08137703 -1.79593065
v -2.83840498 0.05777327 -1.75291216
v -2.83821901 0.04844126 -1.70402047
v -2.87744101 0.07927118 -1.67193560
v -2.83796132 0.03585912 -1.63412372
v -2.87807976 0.05874702 -1.60227121
v -2.86241157 0.11944484 -2.14742834
v -2.88325851 0.15803475 -2.11465347
v -2.83985204 0.12200298 -2.08173928
v -2.87595702 0.15944579 -2.04501422
v -2.83515943 0.12248685 -2.00588606
v -2.87602634 0.15969867 -1.96798952
v -2.83647697 0.12253786 -1.92850711
v -2.87701240 0.15538339 -1.89402901
v -2.83777543 0.11137173 -1.85843449
v -2.87838768 0.13476121 -1.82657042
v -2.80109186 -1.56414939 -2.51658326
v -2.79202742 -1.58028981 -2.46890521
v -2.77525277 -1.58431982 -2.41455582
v -2.77698504 -1.59656216 -2.36096842
v -2.77568259 -1.60146055 -2.28831661
v -2.77417701 -1.60123389 -2.21321061
v -2.77376817 -1.60060903 -2.13813338
v -2.77387403 -1.60052751 -2.06318618
v -2.77395795 -1.60059398 -1.98822069
v -2.77396194 -1.60060946 -1.91322072
v -2.77395436 -1.60060392 -1.83821651
v -2.77395348 -1.60060267 -1.76321611
v -2.77395397 -1.60060305 -1.68821641
v -2.77395401 -1.60060309 -1.61321643
v -2.77395398 -1.60060308 -1.53821642
v -2.77395398 -1.60060308 -1.46321643
v -2.77395397 -1.60060308 -1.38821644
v -2.77395397 -1.60060309 -1.31321645
v -2.77395397 -1.60060309 -1.23821645
v -2.77395396 -1.60060309 -1.16321646
v -2.77395397 -1.60060309 -1.08821646
v -2.77395397 -1.60060308 -1.01321646
v -2.77395391 -1.60060316 -0.93821642
v -2.77395389 -1.60060328 -0.86321650
v -2.77395495 -1.60060157 -0.78821695
v -2.77395561 -1.60060022 -0.71321611
v -2.77394375 -1.60062008 -0.63821445
v -2.77392050 -1.60065040 -0.56321912
v -2.77395915 -1.60054665 -0.48818767
v -2.77415171 -1.60024337 -0.41297829
v -2.77444735 -1.60018229 -0.33764903
v -2.77465938 -1.60038326 -0.26236388
v -2.77486120 -1.60042194 -0.18688653
v -2.77519393 -1.60041950 -0.11125766
v -2.77543897 -1.60001844 -0.03598223
v -2.77562121 -1.59928774 0.03909852
v -2.77596954 -1.59895071 0.11438367
v -2.77632876 -1.59856560 0.18969384
v -2.77646415 -1.59775749 0.26504211
v -2.77643867 -1.59730524 0.34064530
v -2.77670121 -1.59838390 0.41479720
v -2.77567572 -1.59830167 0.48721506
v -2.77440747 -1.59872536 0.56072830
v -2.77455513 -1.60055183 0.63526762
v -2.77468574 -1.60078466 0.70968664
v -2.77476897 -1.60085274 0.78446764
v -2.77509325 -1.59990648 0.86080963
v -2.77648582 -1.59852889 0.93824743
v -2.77745693 -1.59803836 1.01457378
v -2.77697300 -1.59789244 1.08983402
v -2.77651346 -1.59762543 1.16511398
v -2.77636657 -1.59738647 1.24063270
v -2.77662572 -1.59865525 1.31449471
v -2.77559492 -1.59899760 1.38654612
v -2.77444084 -1.59893735 1.46092581
v -2.77573625 -1.59978881 1.53765468
v -2.77676840 -1.59919436 1.61401504
v -2.77630427 -1.59827994 1.69009046
v -2.77579521 -1.59797599 1.76600198
v -2.77599896 -1.59906063 1.84004572
v -2.77524166 -1.59935545 1.91214980
v -2.77410752 -1.60041640 1.98511947
v -2.77422781 -1.60161414 2.06038123
v -2.77546068 -1.60073637 2.13672187
v -2.77603033 -1.60011679 2.21233466
v -2.77399952 -1.59933449 2.28815749
v -2.77086071 -1.59975603 2.36572073
v -2.77108791 -1.60193185 2.44102987
v -2.78705234 -1.59540787 2.50439058
v -2.77112530 -1.54889458 2.53654266
v -2.76230294 -1.53673976 -2.49224263
v -2.79124895 -1.50376293 -2.53998084
v -2.75616594 -1.55505471 -2.43823997
v -2.77073090 -1.47869254 2.54294830
v -2.77432329 -1.42463595 -2.54390999
v -2.77306414 -1.40109037 2.54234675
v -2.77244913 -1.34909143 -2.54389936
v -2.77413109 -1.32450222 2.54164322
v -2.77351491 -1.27394214 -2.54308030
v -2.77467041 -1.24954267 2.54177308
v -2.77419655 -1.19863867 -2.54229976
v -2.77538974 -1.17557182 2.54196505
v -2.77463034 -1.12315059 -2.54170440
v -2.77467193 -1.10183853 2.54148854
v -2.77517414 -1.04762525 -2.54136278
v -2.77351324 -1.02608923 2.54119313
v -2.77574064 -0.97209704 -2.54128456
v -2.77466942 -0.95024195 2.54170252
v -2.77604740 -0.89673322 -2.54185441
v -2.77519072 -0.87584369 2.54079454
v -2.77592533 -0.82159677 -2.54284020
v -2.77384022 -0.79995851 2.54048278
v -2.77580074 -0.74753044 -2.54244591
v -2.77483310 -0.72368579 2.54258624
v -2.77619286 -0.67862690 -2.53650804
v -2.78426358 -0.65345906 2.53799990
v -2.77496871 -0.63014689 -2.52253359
v -2.79354923 -0.57454268 -2.51870825
v -2.75773519 -0.60503131 -2.49376974
v -2.79447632 -0.59074274 1.56399151
v -2.77651473 -0.58842225 1.50847974
v -2.75931926 -0.61827161 1.53532932
v -2.76438024 -0.63013589 1.59434684
v -2.80177108 -0.59374415 1.63382659
v -2.76644357 -0.63270839 1.66773902
v -2.80027299 -0.59250201 1.70813025
v -2.76352230 -0.62633782 1.73898034
v -2.78869204 -0.58910775 1.76861496
v -2.76017501 -0.60739741 1.79430656
v -2.79953367 -0.57414767 2.37488348
v -2.76879372 -0.57990921 2.32116413
v -2.75819488 -0.61464010 2.35746106
v -2.76188395 -0.62828922 2.42027175
v -2.79794068 -0.59324812 2.45883170
v -2.76383388 -0.63968468 2.49121084
v -2.80054315 -0.60511302 2.51560853
v -2.79978980 -0.50330851 -2.51607573
v -2.76146230 -0.54480859 -2.48125428
v -2.79503328 -0.51649894 -0.38430543
v -2.77720418 -0.51301415 -0.44066650
v -2.75864079 -0.54230968 -0.41502318
v -2.76329658 -0.55355192 -0.35545468
v -2.80236507 -0.52039085 -0.31550608
v -2.76510940 -0.55635984 -0.28112779
v -2.80426445 -0.51997822 -0.24176870
v -2.76430671 -0.55583889 -0.20560815
v -2.80301913 -0.51899820 -0.16631591
v -2.76333383 -0.55516720 -0.13048558
v -2.80181952 -0.51836928 -0.09056245
v -2.76302458 -0.55479746 -0.05545239
v -2.80124730 -0.51796601 -0.01474086
v -2.76295561 -0.55453022 0.01975548
v -2.80091978 -0.51751646 0.06086989
v -2.76278435 -0.55434929 0.09501339
v -2.80045886 -0.51713245 0.13628630
v -2.76259924 -0.55429294 0.17015993
v -2.80002080 -0.51696848 0.21149343
v -2.76254492 -0.55431158 0.24518908
v -2.79989632 -0.51695639 0.28652583
v -2.76257759 -0.55433639 0.32017886
v -2.79993032 -0.51698165 0.36151863
v -2.76260209 -0.55434408 0.39517393
v -2.79995572 -0.51699109 0.43651735
v -2.76260351 -0.55434301 0.47017414
v -2.79995517 -0.51698986 0.51151766
v -2.76259911 -0.55434152 0.54517316
v -2.79994964 -0.51698845 0.58651696
v -2.76259824 -0.55434172 0.62017489
v -2.79996157 -0.51699220 0.66152507
v -2.76262569 -0.55434815 0.69519247
v -2.80001182 -0.51699874 0.73653872
v -2.76264916 -0.55434868 0.77018966
v -2.79992004 -0.51695879 0.81147061
v -2.76240126 -0.55428853 0.84499843
v -2.79927945 -0.51684649 0.88619947
v -2.76182385 -0.55419588 0.91960249
v -2.79879387 -0.51704075 0.96095678
v -2.76280756 -0.55440521 0.99552501
v -2.80251619 -0.51858826 1.03612297
v -2.77088506 -0.55490479 1.08120214
v -2.81351503 -0.52194961 1.09915417
v -2.76319678 -0.56834657 1.14876524
v -2.77267677 -0.56608927 1.21539126
v -2.77546214 -0.56624025 1.28995633
v -2.77596671 -0.56688972 1.36517495
v -2.78305936 -0.56993192 1.44722894
v -2.78465796 -0.57167139 1.82119293
v -2.77845689 -0.55582324 1.89194920
v -2.80719264 -0.51868914 1.93958878
v -2.76366455 -0.55456940 1.96998747
v -2.79970757 -0.51679496 2.01152307
v -2.76126553 -0.55385338 2.04511099
v -2.79879396 -0.51608058 2.08644212
v -2.76165716 -0.55295608 2.12029674
v -2.79902916 -0.51554996 2.16137220
v -2.76198687 -0.55339939 2.19453397
v -2.80041977 -0.51936166 2.23461203
v -2.76356426 -0.56214643 2.26481038
v -2.80158121 -0.53767883 2.30182676
v -2.80045515 -0.42758131 -2.51704874
v -2.76227705 -0.46986315 -2.47878281
v -2.78793432 -0.43458555 -1.08176055
v -2.77204584 -0.43527629 -1.13169427
v -2.76081915 -0.47025271 -1.09383588
v -2.76510191 -0.48086929 -1.03260577
v -2.80249129 -0.43652357 -1.00533315
v -2.76864792 -0.48455489 -0.95676268
v -2.80483536 -0.44750241 -0.91938118
v -2.77441244 -0.48518443 -0.86995701
v -2.81414719 -0.45028751 -0.85628167
v -2.76463517 -0.49641166 -0.80134564
v -2.77309411 -0.49284979 -0.73466834
v -2.77538130 -0.49230798 -0.66003342
v -2.77559394 -0.49239252 -0.58503279
v -2.78336287 -0.49489267 -0.50240739
v -2.80250859 -0.35433930 -2.51768865
v -2.76266627 -0.39339617 -2.47971998
v -2.78856580 -0.35282252 -1.22207876
v -2.76828280 -0.35359484 -1.27854029
v -2.76113084 -0.39154955 -1.24581035
v -2.76707909 -0.41283776 -1.18762375
v -2.79341042 -0.38848966 -1.14523877
v -2.81600483 -0.38101243 -1.08125348
v -2.80922090 -0.30618954 -2.51702153
v -2.77362326 -0.31500683 -2.47973516
v -2.78888648 -0.29689675 -1.29912223
v -2.76877706 -0.28191372 -1.35407530
v -2.76027654 -0.32615670 -1.32328565
v -2.81243581 -0.28734896 -1.23606350
v -2.81673731 -0.32353809 -1.15832748
v -2.78168288 -0.25253226 -2.45520614
v -2.79567057 -0.19607102 -2.42893364
v -2.75854718 -0.22991450 -2.40637724
v -2.80182850 -0.21707824 -1.37667732
v -2.77007186 -0.20551734 -1.43016558
v -2.76101803 -0.25005856 -1.39791121
v -2.81781539 -0.24095382 -1.29821165
v -2.81981820 -0.14559618 -2.42372900
v -2.76575640 -0.19073923 -2.37793138
v -2.79193165 -0.15784528 -2.38386311
v -2.76898159 -0.15455039 -2.34006096
v -2.80147585 -0.14200142 -1.46222275
v -2.76960169 -0.12822318 -1.50588687
v -2.76060864 -0.17387918 -1.47380089
v -2.78510529 -0.11160423 -2.29863798
v -2.80998574 -0.07215078 -2.26215354
v -2.76912366 -0.10919684 -2.23176415
v -2.80034197 -0.05332962 -2.19204449
v -2.76246116 -0.10056438 -2.16500889
v -2.77941188 -0.05028645 -2.13724194
v -2.75568136 -0.07526325 -2.11443024
v -2.80112615 -0.06538600 -1.53588965
v -2.77044386 -0.05732837 -1.57952385
v -2.76045409 -0.09772997 -1.54712008
v -2.80104378 0.01568285 -2.12994781
v -2.76319568 -0.02002086 -2.09289217
v -2.80066446 0.02545124 -1.75202967
v -2.77049163 0.01854092 -1.80346636
v -2.75939647 -0.01528583 -1.76728581
v -2.76403106 -0.02744786 -1.70640862
v -2.80056563 0.00662206 -1.66932685
v -2.76578897 -0.03839823 -1.63459391
v -2.80119832 -0.01328362 -1.60164559
v -2.82314360 0.08156064 -2.12058816
v -2.77068015 0.02843347 -2.06658221
v -2.80055694 0.07424547 -2.05509831
v -2.76464817 0.04380024 -2.00681600
v -2.79831367 0.08462410 -1.96918222
v -2.76340525 0.04516147 -1.93310522
v -2.79971166 0.08148316 -1.89376572
v -2.76535736 0.03623735 -1.86089183
v -2.80127538 0.06225316 -1.82605587
v -2.74031311 -1.54977873 -2.36926933
v -2.73824826 -1.56201742 -2.28927047
v -2.73678385 -1.56409844 -2.21346561
v -2.73640075 -1.56355984 -2.13826762
v -2.73651643 -1.56321636 -2.06327022
v -2.73660669 -1.56321811 -1.98829427
v -2.73661068 -1.56325203 -1.91329752
v -2.73660170 -1.56325281 -1.83829459
v -2.73660051 -1.56325005 -1.76329396
v -2.73660110 -1.56325014 -1.68829424
v -2.73660116 -1.56325030 -1.61329430
v -2.73660113 -1.56325028 -1.53829427
v -2.73660114 -1.56325027 -1.46329424
v -2.73660115 -1.56325027 -1.38829422
v -2.73660116 -1.56325026 -1.31329420
v -2.73660116 -1.56325026 -1.23829420
v -2.73660115 -1.56325027 -1.16329420
v -2.73660115 -1.56325027 -1.08829421
v -2.73660115 -1.56325026 -1.01329422
v -2.73660112 -1.56325028 -0.93829419
v -2.73660103 -1.56325049 -0.86329418
v -2.73660173 -1.56324958 -0.78829480
v -2.73660307 -1.56324654 -0.71329455
v -2.73659326 -1.56326020 -0.63828801
v -2.73656904 -1.56330375 -0.56328678
v -2.73662812 -1.56321638 -0.48831399
v -2.73691687 -1.56274242 -0.41326587
v -2.73722918 -1.56245507 -0.33803673
v -2.73721598 -1.56394813 -0.26407769
v -2.73651562 -1.56265221 -0.18973789
v -2.73711354 -1.56141059 -0.11272551
v -2.73842297 -1.56400544 -0.03749594
v -2.73743567 -1.56260195 0.03496229
v -2.73603182 -1.56127918 0.10891254
v -2.73597377 -1.56240987 0.18452944
v -2.73638774 -1.56160515 0.26017342
v -2.73648010 -1.56056751 0.33581980
v -2.73626634 -1.56252931 0.41063370
v -2.73867311 -1.57157692 0.47256245
v -2.72451153 -1.56090862 0.53901607
v -2.72420255 -1.57244319 0.61665458
v -2.72415502 -1.57553808 0.69040990
v -2.72442677 -1.57590035 0.76483219
v -2.72526248 -1.57470197 0.84116126
v -2.72616055 -1.56508406 0.92711048
v -2.73656042 -1.56367306 1.00888078
v -2.73795237 -1.56163201 1.08496893
v -2.73732013 -1.56098805 1.16048404
v -2.73670829 -1.56067800 1.23605647
v -2.73623373 -1.56293874 1.31062064
v -2.73858371 -1.57222158 1.37222002
v -2.72469734 -1.56098297 1.43963447
v -2.72460235 -1.56368837 1.52843538
v -2.73574943 -1.56375128 1.61137836
v -2.73928682 -1.56009220 1.69030083
v -2.73992695 -1.56061209 1.76585523
v -2.73823736 -1.56235071 1.83791236
v -2.73906329 -1.57099173 1.89814962
v -2.72505884 -1.56182456 1.96442682
v -2.72421391 -1.57392414 2.04312673
v -2.72447758 -1.56641971 2.12901311
v -2.73638630 -1.56424289 2.21123380
v -2.73763945 -1.56180480 2.28824431
v -2.73418944 -1.56124144 2.36586843
v -2.73288106 -1.56594320 2.44109431
v -2.74291729 -1.57463776 2.49658989
v -2.74225783 -1.47501858 -2.50376716
v -2.73304577 -1.49996049 -2.43039538
v -2.72605843 -1.48630926 -2.35266914
v -2.72605989 -1.49771146 -2.28918634
v -2.72524261 -1.50072078 -2.21389161
v -2.72495447 -1.50039704 -2.13837541
v -2.72505336 -1.49984772 -2.06326054
v -2.72514006 -1.49973623 -1.98827346
v -2.72514466 -1.49977425 -1.91328463
v -2.72513486 -1.49978761 -1.83828462
v -2.72513336 -1.49978497 -1.76328391
v -2.72513398 -1.49978422 -1.68828412
v -2.72513401 -1.49978446 -1.61328425
v -2.72513393 -1.49978448 -1.53828421
v -2.72513396 -1.49978443 -1.46328411
v -2.72513404 -1.49978437 -1.38828396
v -2.72513413 -1.49978430 -1.31328380
v -2.72513422 -1.49978423 -1.23828367
v -2.72513428 -1.49978420 -1.16328357
v -2.72513431 -1.49978419 -1.08828353
v -2.72513431 -1.49978418 -1.01328353
v -2.72513430 -1.49978417 -0.93828353
v -2.72513419 -1.49978432 -0.86328346
v -2.72513444 -1.49978419 -0.78828385
v -2.72513612 -1.49978124 -0.71328477
v -2.72513139 -1.49978492 -0.63827876
v -2.72510644 -1.49982707 -0.56326587
v -2.72514026 -1.49981488 -0.48831320
v -2.72544145 -1.49937073 -0.41347941
v -2.72573977 -1.49866693 -0.33845442
v -2.72447445 -1.50058523 -0.26331199
v -2.72300991 -1.51156095 -0.20127132
v -2.71620923 -1.48603449 -0.12364706
v -2.72361096 -1.49893141 -0.03995479
v -2.72419980 -1.51234895 0.02271497
v -2.71435633 -1.49545731 0.08978800
v -2.71092421 -1.50768781 0.16539674
v -2.71082952 -1.50946668 0.24103946
v -2.71130289 -1.50823288 0.31692461
v -2.71090918 -1.50868715 0.39296077
v -2.70867705 -1.51800180 0.47283141
v -2.68974947 -1.50944990 0.53163976
v -2.68670266 -1.52751514 0.58902546
v -2.68543041 -1.53617646 0.66031011
v -2.68535067 -1.53756453 0.73385429
v -2.68588195 -1.53730487 0.80853036
v -2.68848531 -1.53419529 0.88273380
v -2.69230413 -1.52244718 0.94259630
v -2.70749416 -1.51867882 0.99628064
v -2.68123342 -1.48445653 0.98175630
v -2.71246432 -1.51072050 1.06695537
v -2.71269312 -1.50817759 1.14162355
v -2.71217198 -1.50781993 1.21725423
v -2.71120136 -1.50923177 1.29332839
v -2.70859052 -1.51892026 1.37297147
v -2.68975611 -1.51022053 1.43183683
v -2.68845713 -1.52524241 1.48846223
v -2.69007606 -1.52227171 1.54603195
v -2.70613677 -1.51915725 1.60094412
v -2.68126830 -1.48788026 1.58591168
v -2.71571419 -1.49854188 1.68232742
v -2.72471053 -1.49991943 1.76112218
v -2.72494716 -1.51238062 1.82476287
v -2.71305568 -1.50631519 1.89558826
v -2.69138124 -1.50912144 1.95774027
v -2.68706871 -1.52998613 2.01508337
v -2.68703207 -1.53572157 2.08673668
v -2.69050010 -1.52385493 2.14782262
v -2.70998974 -1.50652588 2.20968565
v -2.68332799 -1.48739145 2.18336029
v -2.72387198 -1.49894482 2.28690899
v -2.72327551 -1.49738687 2.36565178
v -2.72165968 -1.50266631 2.44185470
v -2.73281608 -1.52135115 2.50449714
v -2.73553055 -1.40214723 -2.50704283
v -2.72494408 -1.42393513 -2.44262783
v -2.72483106 -1.42578341 -2.36558638
v -2.72556758 -1.42426836 -2.28918288
v -2.72582821 -1.42508786 -2.21414781
v -2.72578367 -1.42470724 -2.13850114
v -2.72585209 -1.42412328 -2.06325710
v -2.72591625 -1.42393487 -1.98824892
v -2.72592058 -1.42396315 -1.91327059
v -2.72591147 -1.42398893 -1.83827511
v -2.72590988 -1.42398860 -1.76327381
v -2.72591068 -1.42398666 -1.68827315
v -2.72591094 -1.42398664 -1.61327289
v -2.72591100 -1.42398657 -1.53827278
v -2.72591102 -1.42398648 -1.46327293
v -2.72591094 -1.42398654 -1.38827325
v -2.72591082 -1.42398665 -1.31327356
v -2.72591076 -1.42398670 -1.23827372
v -2.72591079 -1.42398665 -1.16327369
v -2.72591089 -1.42398658 -1.08827354
v -2.72591099 -1.42398655 -1.01327342
v -2.72591105 -1.42398654 -0.93827337
v -2.72591102 -1.42398659 -0.86327330
v -2.72591097 -1.42398681 -0.78827334
v -2.72591212 -1.42398541 -0.71327450
v -2.72591227 -1.42398271 -0.63827293
v -2.72589424 -1.42400568 -0.56325588
v -2.72588355 -1.42405132 -0.48826361
v -2.72608302 -1.42383507 -0.41346383
v -2.72650751 -1.42302257 -0.33878789
v -2.72533509 -1.42318420 -0.26247696
v -2.71603133 -1.43094330 -0.17610454
v -2.69684489 -1.43474469 -0.13019039
v -2.69727941 -1.43670433 -0.10287154
v -2.71695867 -1.41469943 -0.05025778
v -2.69835896 -1.40827452 -0.09683014
v -2.71631035 -1.42954710 0.04598056
v -2.69563383 -1.43469963 0.09580472
v -2.68903898 -1.45406360 0.14004961
v -2.68711609 -1.46043616 0.20956721
v -2.68755712 -1.46069847 0.28527128
v -2.68790122 -1.45980771 0.36091661
v -2.68621427 -1.46310965 0.43585910
v -2.68074354 -1.47381391 0.49711710
v -2.68478242 -1.46494127 1.03949187
v -2.68637859 -1.45856002 1.11043664
v -2.68724102 -1.45811530 1.18408644
v -2.68802539 -1.45909118 1.26046931
v -2.68635152 -1.46409800 1.33635300
v -2.68053507 -1.47485543 1.39760661
v -2.68951969 -1.46720900 1.64264563
v -2.69799668 -1.44494573 1.69528951
v -2.71127774 -1.42901050 1.73981029
v -2.69795935 -1.40698235 1.70171138
v -2.71073560 -1.44475013 1.82266632
v -2.69189376 -1.43837726 1.88143180
v -2.68292628 -1.46534119 1.92612007
v -2.69441071 -1.45530472 2.22224082
v -2.71779005 -1.41699833 2.27828662
v -2.69781647 -1.41253300 2.22866124
v -2.72332602 -1.42117819 2.36416091
v -2.72265931 -1.42644305 2.44126320
v -2.73350109 -1.44651041 2.50532179
v -2.73577193 -1.32750136 -2.50616913
v -2.72416097 -1.34905817 -2.44335440
v -2.72486814 -1.35125745 -2.36792311
v -2.72716571 -1.34888056 -2.29042776
v -2.72811454 -1.34756240 -2.21408119
v -2.72829365 -1.34704325 -2.13849805
v -2.72833595 -1.34663606 -2.06325851
v -2.72836402 -1.34647802 -1.98823867
v -2.72836341 -1.34649982 -1.91326579
v -2.72835642 -1.34653114 -1.83827374
v -2.72835588 -1.34653312 -1.76327054
v -2.72835773 -1.34652954 -1.68826731
v -2.72835919 -1.34652839 -1.61326531
v -2.72836026 -1.34652797 -1.53826436
v -2.72836072 -1.34652793 -1.46326476
v -2.72836030 -1.34652843 -1.38826634
v -2.72835919 -1.34652934 -1.31326847
v -2.72835784 -1.34653036 -1.23827058
v -2.72835668 -1.34653112 -1.16327226
v -2.72835596 -1.34653146 -1.08827327
v -2.72835575 -1.34653154 -1.01327360
v -2.72835589 -1.34653158 -0.93827356
v -2.72835607 -1.34653163 -0.86327346
v -2.72835608 -1.34653184 -0.78827335
v -2.72835647 -1.34653178 -0.71327387
v -2.72835835 -1.34652884 -0.63827530
v -2.72835242 -1.34653243 -0.56326679
v -2.72832494 -1.34657512 -0.48824256
v -2.72837585 -1.34656499 -0.41331462
v -2.72874211 -1.34611604 -0.33870927
v -2.72899698 -1.34537679 -0.26404533
v -2.72665249 -1.34721920 -0.18672180
v -2.69792444 -1.40631487 -0.12414900
v -2.71895499 -1.35811750 -0.10318894
v -2.72765270 -1.33337622 -0.02616401
v -2.72685676 -1.34529249 0.03704888
v -2.69719740 -1.39814287 0.10605954
v -2.71779892 -1.34737708 0.11849466
v -2.69208181 -1.38292517 0.16206026
v -2.71494261 -1.33526907 0.20420124
v -2.69044891 -1.38240970 0.23537852
v -2.71488373 -1.33559599 0.28106162
v -2.69087302 -1.38339137 0.31135425
v -2.71539754 -1.33624820 0.35622427
v -2.69145236 -1.38331251 0.38662569
v -2.71575519 -1.33614520 0.43092466
v -2.69113201 -1.38419003 0.46261402
v -2.71594802 -1.33616100 0.50608445
v -2.69010092 -1.38506805 0.53920793
v -2.71626788 -1.33660212 0.58175433
v -2.68944216 -1.38646960 0.61372787
v -2.71688132 -1.33678270 0.65731365
v -2.68937208 -1.38697778 0.68721363
v -2.71649442 -1.33402424 0.73194008
v -2.68807051 -1.37909022 0.75933612
v -2.71115049 -1.32580236 0.80245496
v -2.68466433 -1.35944476 0.81697682
v -2.71272338 -1.32702786 1.25038542
v -2.69436802 -1.33575946 1.19192979
v -2.68486750 -1.37043969 1.22615793
v -2.69022474 -1.38107947 1.28707693
v -2.71573181 -1.33676165 1.32991429
v -2.69137694 -1.38552313 1.36285812
v -2.71654758 -1.33709496 1.40581297
v -2.69026428 -1.38506404 1.43961807
v -2.71694260 -1.33509718 1.48189915
v -2.68952094 -1.38408506 1.51499952
v -2.71569826 -1.33472916 1.55864250
v -2.69026940 -1.38597341 1.58895643
v -2.71123527 -1.34596787 1.62404213
v -2.69258121 -1.38942345 1.65711075
v -2.70531845 -1.35025613 1.68911256
v -2.69187885 -1.37444156 1.77254589
v -2.68895315 -1.34171277 1.72331260
v -2.68435868 -1.39704913 1.84547234
v -2.71048737 -1.33339748 2.09093390
v -2.68895176 -1.32091281 2.03211655
v -2.68184988 -1.37272412 2.05459740
v -2.68777376 -1.38630091 2.11469281
v -2.71742633 -1.33776720 2.16021627
v -2.69188546 -1.39390240 2.18338712
v -2.72020298 -1.34894669 2.23530722
v -2.72823827 -1.33118777 2.30360230
v -2.72624750 -1.34240182 2.36536967
v -2.72537033 -1.34888319 2.44066146
v -2.73604042 -1.36850369 2.50450953
v -2.73695307 -1.25228279 -2.50469497
v -2.72542190 -1.27389387 -2.44158344
v -2.72600639 -1.27573771 -2.36649142
v -2.72826672 -1.27276780 -2.28953481
v -2.72918433 -1.27106767 -2.21359523
v -2.72929809 -1.27067839 -2.13832507
v -2.72929624 -1.27058575 -2.06324217
v -2.72930398 -1.27054254 -1.98823942
v -2.72929988 -1.27056529 -1.91326330
v -2.72929490 -1.27059226 -1.83827136
v -2.72929623 -1.27059495 -1.76326800
v -2.72929877 -1.27059068 -1.68826624
v -2.72929985 -1.27058903 -1.61326746
v -2.72930001 -1.27058941 -1.53826913
v -2.72929985 -1.27059100 -1.46326990
v -2.72929964 -1.27059245 -1.38826946
v -2.72929944 -1.27059273 -1.31326832
v -2.72929909 -1.27059270 -1.23826761
v -2.72929821 -1.27059349 -1.16326838
v -2.72929665 -1.27059475 -1.08827058
v -2.72929492 -1.27059553 -1.01327292
v -2.72929382 -1.27059570 -0.93827422
v -2.72929350 -1.27059561 -0.86327445
v -2.72929343 -1.27059555 -0.78827433
v -2.72929326 -1.27059568 -0.71327444
v -2.72929414 -1.27059470 -0.63827595
v -2.72929536 -1.27059148 -0.56327650
v -2.72928137 -1.27060501 -0.48825942
v -2.72925673 -1.27065061 -0.41323742
v -2.72936861 -1.27056627 -0.33837077
v -2.72976975 -1.27007491 -0.26384650
v -2.72993281 -1.26973285 -0.18920955
v -2.72891608 -1.27125759 -0.11322970
v -2.72949566 -1.27054542 -0.03717372
v -2.73113828 -1.26979487 0.03635844
v -2.73006887 -1.27156430 0.11038785
v -2.72855259 -1.27121322 0.18717811
v -2.72847092 -1.27120976 0.26354052
v -2.72883065 -1.27218501 0.33848003
v -2.72905826 -1.27241586 0.41308967
v -2.72920937 -1.27223939 0.48780092
v -2.72946180 -1.27220827 0.56285722
v -2.72998655 -1.27239926 0.63823131
v -2.73046169 -1.27200897 0.71371603
v -2.72877422 -1.26985676 0.78971557
v -2.69615504 -1.32243598 0.85597128
v -2.71988038 -1.27007768 0.87138779
v -2.69188796 -1.31030142 0.91576249
v -2.71730428 -1.25852600 0.95727534
v -2.68949165 -1.30708175 0.98978404
v -2.71652917 -1.25737698 1.03323849
v -2.68927341 -1.30830975 1.06363286
v -2.71663670 -1.26086133 1.10707707
v -2.69063484 -1.31697038 1.13483638
v -2.71880921 -1.27466107 1.18450306
v -2.72877516 -1.26012561 1.25084438
v -2.72903156 -1.27169987 1.31262656
v -2.72965599 -1.27359524 1.38707858
v -2.73049284 -1.27207120 1.46233914
v -2.72999782 -1.27021555 1.53912048
v -2.71934117 -1.27491451 1.62467623
v -2.69727950 -1.28575894 1.66894045
v -2.68590646 -1.31274882 1.69979435
v -2.71926860 -1.26595439 2.07692803
v -2.69385201 -1.24973593 2.02405029
v -2.73088083 -1.27133523 2.14275598
v -2.73259136 -1.27142119 2.21643763
v -2.73176436 -1.26862225 2.29153353
v -2.72920804 -1.26694483 2.36636267
v -2.72720684 -1.27303527 2.44071497
v -2.73745569 -1.29242859 2.50427472
v -2.73769128 -1.17680606 -2.50388385
v -2.72633709 -1.19861392 -2.44054209
v -2.72707752 -1.20065974 -2.36513330
v -2.72931481 -1.19753202 -2.28823244
v -2.72979979 -1.19557095 -2.21282252
v -2.72942820 -1.19531050 -2.13808081
v -2.72923947 -1.19550944 -2.06323242
v -2.72924909 -1.19559713 -1.98825677
v -2.72926584 -1.19561638 -1.91326405
v -2.72926420 -1.19562860 -1.83827044
v -2.72926306 -1.19563329 -1.76327746
v -2.72925971 -1.19563551 -1.68829440
v -2.72925047 -1.19564082 -1.61331902
v -2.72923775 -1.19564850 -1.53834120
v -2.72922603 -1.19565623 -1.46335206
v -2.72922077 -1.19566025 -1.38834752
v -2.72922499 -1.19565673 -1.31333043
v -2.72923625 -1.19564661 -1.23830824
v -2.72924910 -1.19563645 -1.16328824
v -2.72925882 -1.19563145 -1.08827526
v -2.72926286 -1.19563048 -1.01327047
v -2.72926191 -1.19563012 -0.93827093
v -2.72925925 -1.19562921 -0.86327229
v -2.72925730 -1.19562824 -0.78827248
v -2.72925605 -1.19562757 -0.71327197
v -2.72925508 -1.19562710 -0.63827215
v -2.72925579 -1.19562488 -0.56327466
v -2.72925495 -1.19562279 -0.48827392
v -2.72923592 -1.19564250 -0.41325171
v -2.72921771 -1.19567629 -0.33823222
v -2.72932713 -1.19557442 -0.26335908
v -2.72961981 -1.19524736 -0.18874190
v -2.72982357 -1.19515388 -0.11413660
v -2.72998693 -1.19548421 -0.03930559
v -2.73042209 -1.19586800 0.03548465
v -2.73076543 -1.19625207 0.11012198
v -2.73087005 -1.19664614 0.18486413
v -2.73111771 -1.19721654 0.25962245
v -2.73142883 -1.19791977 0.33423829
v -2.73155608 -1.19827035 0.40889459
v -2.73155350 -1.19824105 0.48370254
v -2.73155792 -1.19815223 0.55861427
v -2.73169826 -1.19821849 0.63361528
v -2.73209789 -1.19838421 0.70868340
v -2.73238336 -1.19819598 0.78393857
v -2.73130743 -1.19764030 0.86026622
v -2.72990867 -1.19612043 0.93773217
v -2.72957252 -1.19484062 1.01401763
v -2.72946310 -1.19525637 1.08849456
v -2.72954652 -1.19762480 1.16284895
v -2.73084976 -1.19823511 1.23630690
v -2.73189690 -1.19822370 1.30875050
v -2.73177291 -1.19943349 1.38280844
v -2.73216909 -1.19881318 1.45800885
v -2.73310412 -1.19732662 1.53300057
v -2.73071569 -1.19486723 1.60972704
v -2.69822887 -1.24052230 1.67396593
v -2.71538198 -1.18751274 1.68693889
v -2.68758010 -1.20904080 1.71401481
v -2.72247986 -1.18327384 2.06314141
v -2.70041109 -1.18840044 2.01235645
v -2.73121819 -1.19681531 2.13280470
v -2.73296022 -1.19929973 2.20596983
v -2.73105574 -1.19727394 2.28202989
v -2.72767359 -1.19483707 2.36126320
v -2.72700753 -1.19870961 2.43975097
v -2.73835594 -1.21798345 2.50448368
v -2.73807956 -1.10247627 -2.50505764
v -2.72536150 -1.12430748 -2.44422522
v -2.72504084 -1.12574721 -2.36818489
v -2.72871038 -1.12338899 -2.28868553
v -2.73055897 -1.12106404 -2.21228564
v -2.72983970 -1.12032162 -2.13778995
v -2.72913694 -1.12054328 -2.06322386
v -2.72903886 -1.12075356 -1.98829896
v -2.72910493 -1.12078913 -1.91327480
v -2.72912170 -1.12078507 -1.83827430
v -2.72910829 -1.12079442 -1.76330325
v -2.72908563 -1.12081103 -1.68834930
v -2.72905661 -1.12083099 -1.61339521
v -2.72902694 -1.12085314 -1.53842901
v -2.72900041 -1.12086688 -1.46344757
v -2.72898309 -1.12086414 -1.38844736
v -2.72898423 -1.12085123 -1.31342913
v -2.72900354 -1.12083382 -1.23840088
v -2.72903122 -1.12081077 -1.16336698
v -2.72906055 -1.12078773 -1.08832850
v -2.72908715 -1.12077421 -1.01329349
v -2.72910359 -1.12077005 -0.93827283
v -2.72910732 -1.12076913 -0.86326769
v -2.72910524 -1.12076865 -0.78826932
v -2.72910415 -1.12076855 -0.71326957
v -2.72910436 -1.12076894 -0.63826675
v -2.72910434 -1.12076927 -0.56326405
v -2.72910504 -1.12076734 -0.48826498
v -2.72910261 -1.12076689 -0.41326323
v -2.72908405 -1.12078523 -0.33824185
v -2.72906616 -1.12080744 -0.26321829
v -2.72911812 -1.12074810 -0.18827899
v -2.72924601 -1.12061262 -0.11347552
v -2.72934993 -1.12059868 -0.03870991
v -2.72940264 -1.12078279 0.03615719
v -2.72948462 -1.12096288 0.11111786
v -2.72965723 -1.12104751 0.18601438
v -2.72990420 -1.12120665 0.26073712
v -2.73011343 -1.12147031 0.33538596
v -2.73018741 -1.12164034 0.41015282
v -2.73016096 -1.12164897 0.48508609
v -2.73010841 -1.12160212 0.56008576
v -2.73006939 -1.12159464 0.63506933
v -2.73014249 -1.12168266 0.71000877
v -2.73043759 -1.12182938 0.78487792
v -2.73079504 -1.12194962 0.85973775
v -2.73104137 -1.12206922 0.93465086
v -2.73127865 -1.12224932 1.00943935
v -2.73142401 -1.12236670 1.08400222
v -2.73127718 -1.12246202 1.15860217
v -2.73099621 -1.12258377 1.23342753
v -2.73072091 -1.12257033 1.30856207
v -2.73036563 -1.12245736 1.38413095
v -2.73021862 -1.12220932 1.45969150
v -2.73092866 -1.12174329 1.53458820
v -2.73209800 -1.12060211 1.60936194
v -2.73007237 -1.11831989 1.68587928
v -2.69593298 -1.17129803 1.75105374
v -2.72005995 -1.11866751 1.76886855
v -2.69169314 -1.15797640 1.81531296
v -2.71680564 -1.10564270 1.85502880
v -2.69050050 -1.15580503 1.89125315
v -2.71575836 -1.10624390 1.93118521
v -2.69328854 -1.16395624 1.96220280
v -2.71960242 -1.12369427 2.00840852
v -2.72749896 -1.12083058 2.06067190
v -2.72060879 -1.11775487 2.11205697
v -2.71886848 -1.13227035 2.18847740
v -2.71714228 -1.13366829 2.26387409
v -2.71480843 -1.13147999 2.34268988
v -2.71566294 -1.12356393 2.43181365
v -2.73661782 -1.14432170 2.50340217
v -2.73752534 -1.02749596 -2.50496443
v -2.72404181 -1.06125268 -2.45694335
v -2.71462182 -1.04851203 -2.38786264
v -2.71769727 -1.04843562 -2.29661574
v -2.72891875 -1.04818035 -2.21324216
v -2.73070264 -1.04603362 -2.13750330
v -2.72953594 -1.04551654 -2.06311220
v -2.72897320 -1.04570266 -1.98834461
v -2.72901101 -1.04582034 -1.91331283
v -2.72907896 -1.04583491 -1.83828581
v -2.72905849 -1.04584938 -1.76332416
v -2.72901183 -1.04586261 -1.68836515
v -2.72898438 -1.04585855 -1.61332809
v -2.72899865 -1.04586004 -1.53821180
v -2.72904545 -1.04585688 -1.46309640
v -2.72909151 -1.04580489 -1.38804401
v -2.72911327 -1.04573585 -1.31306420
v -2.72910416 -1.04573136 -1.23814568
v -2.72906600 -1.04578106 -1.16325353
v -2.72901987 -1.04580838 -1.08832912
v -2.72900169 -1.04579949 -1.01333862
v -2.72902145 -1.04579260 -0.93830599
v -2.72905163 -1.04580020 -0.86327867
v -2.72906938 -1.04581069 -0.78827602
v -2.72907898 -1.04581863 -0.71328503
v -2.72908968 -1.04582499 -0.63828873
v -2.72910037 -1.04583075 -0.56328250
v -2.72910715 -1.04583587 -0.48827231
v -2.72911034 -1.04583810 -0.41326661
v -2.72910863 -1.04583983 -0.33826319
v -2.72909531 -1.04585216 -0.26324764
v -2.72907751 -1.04586748 -0.18822234
v -2.72907939 -1.04585268 -0.11322254
v -2.72909435 -1.04581798 -0.03826672
v -2.72908065 -1.04582041 0.03669197
v -2.72904042 -1.04584750 0.11170762
v -2.72903421 -1.04583573 0.18674384
v -2.72908667 -1.04580619 0.26171357
v -2.72914541 -1.04580968 0.33661731
v -2.72915891 -1.04581727 0.41154526
v -2.72913840 -1.04579651 0.48654501
v -2.72911485 -1.04576997 0.56157876
v -2.72908587 -1.04575488 0.63660051
v -2.72905431 -1.04575614 0.71159545
v -2.72908929 -1.04579281 0.78653801
v -2.72926236 -1.04588138 0.86137494
v -2.72954316 -1.04606214 0.93607075
v -2.72983550 -1.04635751 1.01065936
v -2.73004111 -1.04660061 1.08526592
v -2.73007022 -1.04659071 1.16003820
v -2.72990282 -1.04642310 1.23504834
v -2.72962271 -1.04628308 1.31032057
v -2.72932601 -1.04614949 1.38583102
v -2.72908571 -1.04600865 1.46134920
v -2.72920233 -1.04593962 1.53646621
v -2.73024609 -1.04567471 1.61101518
v -2.73172533 -1.04493169 1.68558487
v -2.73058592 -1.04589886 1.76104174
v -2.72754560 -1.05526853 1.82437621
v -2.71804038 -1.03877120 1.89169550
v -2.71461837 -1.05403012 1.96910041
v -2.71352164 -1.06641424 2.04777635
v -2.69561005 -1.05713803 2.10412755
v -2.69132235 -1.07459895 2.16256912
v -2.68897213 -1.08165121 2.23568712
v -2.68773847 -1.08193213 2.31185500
v -2.68796327 -1.08037302 2.38743033
v -2.69283831 -1.06863214 2.44797263
v -2.72479368 -1.06671818 2.50157266
v -2.68890154 -1.02154793 2.47039607
v -2.73656105 -0.94996416 -2.50508210
v -2.71441300 -0.98451845 -2.44335600
v -2.69288702 -0.98070574 -2.38617844
v -2.69110380 -1.00346296 -2.33643770
v -2.69651274 -0.99668133 -2.28112926
v -2.71895425 -0.97667165 -2.21579896
v -2.69095651 -0.94743840 -2.25631366
v -2.73059111 -0.97323144 -2.13722325
v -2.73060509 -0.97099110 -2.06266532
v -2.72926789 -0.97058797 -1.98823420
v -2.72893966 -0.97072387 -1.91336041
v -2.72902922 -0.97081920 -1.83832128
v -2.72904604 -0.97085842 -1.76332807
v -2.72901110 -0.97082648 -1.68830476
v -2.72905879 -0.97067723 -1.61302841
v -2.72925100 -0.97050602 -1.53747400
v -2.72955791 -0.97040694 -1.46191421
v -2.72988671 -0.97028549 -1.38659911
v -2.73010810 -0.97008527 -1.31158368
v -2.73011312 -0.97003345 -1.23683513
v -2.72990168 -0.97029479 -1.16227248
v -2.72957580 -0.97063272 -1.08775746
v -2.72926733 -0.97078794 -1.01313005
v -2.72909141 -0.97081344 -0.93830342
v -2.72907016 -0.97083915 -0.86333032
v -2.72911601 -0.97087387 -0.78831811
v -2.72915041 -0.97089264 -0.71332169
v -2.72916648 -0.97090140 -0.63834272
v -2.72918147 -0.97090733 -0.56336551
v -2.72919988 -0.97091176 -0.48837334
v -2.72921534 -0.97091910 -0.41336333
v -2.72922312 -0.97092742 -0.33835027
v -2.72922359 -0.97093218 -0.26334393
v -2.72921696 -0.97093819 -0.18833591
v -2.72920575 -0.97094681 -0.11331885
v -2.72919601 -0.97094813 -0.03830147
v -2.72918490 -0.97094072 0.03670943
v -2.72916358 -0.97093074 0.11172521
v -2.72913784 -0.97091281 0.18675381
v -2.72912083 -0.97088392 0.26178093
v -2.72910933 -0.97085492 0.33679541
v -2.72909305 -0.97082979 0.41180918
v -2.72907618 -0.97080637 0.48683176
v -2.72906943 -0.97079101 0.56185392
v -2.72906994 -0.97078576 0.63686937
v -2.72906228 -0.97078209 0.71188545
v -2.72904447 -0.97077762 0.78690138
v -2.72904501 -0.97078111 0.86189098
v -2.72909308 -0.97081771 0.93681667
v -2.72917926 -0.97092128 1.01166986
v -2.72926594 -0.97105132 1.08650910
v -2.72931595 -0.97107786 1.16143446
v -2.72929495 -0.97096323 1.23649130
v -2.72918789 -0.97082197 1.31162618
v -2.72903274 -0.97072411 1.38676070
v -2.72888007 -0.97067088 1.46186049
v -2.72880531 -0.97071513 1.53687414
v -2.72916999 -0.97073797 1.61162298
v -2.73035897 -0.97039102 1.68600162
v -2.73058931 -0.97046568 1.76120038
v -2.72164671 -0.97626717 1.84501800
v -2.69950970 -0.98191717 1.89306777
v -2.69378981 -1.00093778 1.93730848
v -2.69059302 -1.01089209 2.00690540
v -2.68532422 -1.02210416 2.06907263
v -2.72449433 -0.97901781 2.50765829
v -2.69174609 -0.96622585 2.46411721
v -2.73612756 -0.87277072 -2.50718073
v -2.71126297 -0.89881850 -2.45349795
v -2.68623990 -0.91861485 -2.39985885
v -2.71417889 -0.89732142 -2.20278110
v -2.68903697 -0.87777762 -2.25452728
v -2.72847311 -0.90010328 -2.13621280
v -2.73180425 -0.89741120 -2.06177097
v -2.73025788 -0.89593007 -1.98761149
v -2.72910559 -0.89564777 -1.91320505
v -2.72893848 -0.89574384 -1.83835153
v -2.72900068 -0.89585397 -1.76334269
v -2.72905817 -0.89579352 -1.68825403
v -2.72928145 -0.89539156 -1.61276242
v -2.72976509 -0.89490758 -1.53680483
v -2.73032971 -0.89459965 -1.46096111
v -2.73083735 -0.89442352 -1.38556585
v -2.73132435 -0.89432577 -1.31045066
v -2.73154577 -0.89425434 -1.23560743
v -2.73126621 -0.89457495 -1.16099655
v -2.73074316 -0.89532694 -1.08653365
v -2.73020762 -0.89588155 -1.01226549
v -2.72966445 -0.89600892 -0.93797009
v -2.72931159 -0.89599239 -0.86335114
v -2.72925174 -0.89600028 -0.78842306
v -2.72928163 -0.89597838 -0.71335401
v -2.72925420 -0.89593558 -0.63829094
v -2.72918301 -0.89590781 -0.56331417
v -2.72913182 -0.89587714 -0.48840495
v -2.72912522 -0.89584245 -0.41348109
v -2.72914108 -0.89583229 -0.33849933
v -2.72915220 -0.89584296 -0.26348595
v -2.72915317 -0.89585032 -0.18847583
v -2.72914995 -0.89585128 -0.11347246
v -2.72914605 -0.89585298 -0.03846662
v -2.72914292 -0.89585430 0.03654207
v -2.72914087 -0.89585214 0.11154913
v -2.72913801 -0.89584727 0.18655442
v -2.72913253 -0.89584134 0.26156093
v -2.72912405 -0.89583506 0.33657107
v -2.72911410 -0.89582824 0.41158483
v -2.72910626 -0.89582137 0.48659770
v -2.72910468 -0.89581686 0.56160552
v -2.72911181 -0.89581749 0.63661348
v -2.72912346 -0.89582519 0.71162797
v -2.72912782 -0.89583794 0.78664168
v -2.72911936 -0.89584684 0.86164441
v -2.72910886 -0.89585523 0.93663689
v -2.72911061 -0.89589062 1.01161729
v -2.72912601 -0.89593274 1.08659403
v -2.72913854 -0.89585861 1.16164251
v -2.72910508 -0.89560807 1.23685875
v -2.72896135 -0.89532669 1.31219270
v -2.72869798 -0.89517918 1.38743219
v -2.72842076 -0.89519124 1.46240790
v -2.72825763 -0.89534416 1.53715013
v -2.72834839 -0.89556695 1.61176499
v -2.72902440 -0.89557640 1.68618696
v -2.73012431 -0.89526554 1.76045624
v -2.72863512 -0.89568833 1.83627327
v -2.69863761 -0.94686742 1.90405621
v -2.71812315 -0.89631942 1.91752386
v -2.69233380 -0.93245612 1.96080379
v -2.71496282 -0.88480372 2.00350712
v -2.69042580 -0.93315502 2.03558366
v -2.71532928 -0.88524613 2.08080412
v -2.68972943 -0.93513931 2.11350420
v -2.71596000 -0.88600256 2.15689030
v -2.68912437 -0.93596405 2.18865245
v -2.71600144 -0.88499898 2.23271320
v -2.68856864 -0.93568850 2.26331907
v -2.71465287 -0.88217775 2.30941207
v -2.68737062 -0.93408752 2.33981198
v -2.71201758 -0.88279258 2.38712807
v -2.68683238 -0.94060443 2.41284857
v -2.71456045 -0.90314918 2.46407693
v -2.73822647 -0.91047694 2.51686071
v -2.73626070 -0.79701591 -2.50646969
v -2.71124729 -0.82134217 -2.45362372
v -2.68464475 -0.84317510 -2.40359666
v -2.70775187 -0.82582149 -2.22096336
v -2.69190657 -0.81331936 -2.26694919
v -2.71807538 -0.82299944 -2.14474418
v -2.73004545 -0.82320920 -2.06318848
v -2.73139117 -0.82203977 -1.98683007
v -2.72990382 -0.82104345 -1.91255223
v -2.72905190 -0.82070104 -1.83818516
v -2.72893480 -0.82080922 -1.76336103
v -2.72910053 -0.82084153 -1.68831287
v -2.72955809 -0.82027781 -1.61287708
v -2.73024045 -0.81943770 -1.53695713
v -2.73081767 -0.82012903 -1.46251618
v -2.73011196 -0.81956329 -1.38979172
v -2.72916048 -0.81951155 -1.31579137
v -2.72924579 -0.82120844 -1.24049162
v -2.72914766 -0.82159400 -1.16505443
v -2.72888591 -0.82141273 -1.08855821
v -2.72966930 -0.82128161 -1.01211877
v -2.73029355 -0.82145463 -0.93730453
v -2.72973685 -0.82116493 -0.86308676
v -2.72929818 -0.82089498 -0.78846880
v -2.72918713 -0.82066596 -0.71334236
v -2.72907479 -0.82044968 -0.63798828
v -2.72882604 -0.82034290 -0.56273911
v -2.72854361 -0.82029163 -0.48776162
v -2.72835868 -0.82018058 -0.41296681
v -2.72830263 -0.82005321 -0.33814952
v -2.72831539 -0.82000679 -0.26321178
v -2.72833037 -0.82002006 -0.18820272
v -2.72833059 -0.82003066 -0.11318987
v -2.72832749 -0.82002916 -0.03818823
v -2.72832644 -0.82002677 0.03681130
v -2.72832640 -0.82002603 0.11181206
v -2.72832734 -0.82002601 0.18681175
v -2.72832893 -0.82002696 0.26180973
v -2.72832978 -0.82002889 0.33680821
v -2.72832948 -0.82003087 0.41180848
v -2.72832849 -0.82003200 0.48680843
v -2.72832934 -0.82003223 0.56180884
v -2.72833802 -0.82003456 0.63681891
v -2.72835185 -0.82004635 0.71183483
v -2.72835036 -0.82006584 0.78681734
v -2.72832189 -0.82006247 0.86174466
v -2.72828283 -0.82001268 0.93667671
v -2.72824631 -0.81996340 1.01167886
v -2.72819856 -0.81993434 1.08672761
v -2.72812373 -0.81974532 1.16182762
v -2.72801994 -0.81924752 1.23712729
v -2.72785163 -0.81879313 1.31260911
v -2.72761046 -0.81866602 1.38810704
v -2.72736238 -0.81885526 1.46353880
v -2.72716213 -0.81937889 1.53859159
v -2.72705860 -0.81976585 1.61311807
v -2.72717860 -0.81980559 1.68734135
v -2.72789991 -0.81975948 1.76137463
v -2.72897509 -0.81975070 1.83550706
v -2.72852215 -0.82013051 1.91060411
v -2.72751541 -0.81986183 1.98721920
v -2.72781234 -0.81959642 2.06363699
v -2.72838304 -0.82016593 2.13901196
v -2.72854235 -0.81988357 2.21454494
v -2.72757252 -0.81791240 2.29108438
v -2.72476671 -0.81618359 2.36881162
v -2.72370406 -0.82285838 2.44450213
v -2.73654419 -0.84366019 2.50623550
v -2.73836978 -0.72418154 -2.50353956
v -2.71515016 -0.74276002 -2.43871815
v -2.68798700 -0.77545962 -2.39830747
v -2.70608515 -0.74135315 -2.26604177
v -2.69510352 -0.73441325 -2.33195505
v -2.68530150 -0.77536752 -2.30254113
v -2.69590856 -0.77554433 -2.19642957
v -2.69163501 -0.74678457 -2.22828478
v -2.70003337 -0.77045767 -2.13566964
v -2.72059879 -0.74157422 -2.07507250
v -2.69939958 -0.73443245 -2.12424850
v -2.72957030 -0.74656785 -1.98903784
v -2.73076263 -0.74721465 -1.91203167
v -2.72969669 -0.74610301 -1.83769230
v -2.72904037 -0.74578282 -1.76327003
v -2.72909401 -0.74593311 -1.68842889
v -2.72970373 -0.74549693 -1.61327678
v -2.73039440 -0.74425166 -1.53771813
v -2.72970693 -0.74566868 -1.46372609
v -2.72843376 -0.75742469 -1.40364395
v -2.71853223 -0.74152145 -1.33709173
v -2.71575660 -0.75501000 -1.25995914
v -2.71546492 -0.75775129 -1.18393397
v -2.71566336 -0.75766576 -1.10621328
v -2.71807545 -0.74610096 -1.01983211
v -2.72752614 -0.74622074 -0.93836643
v -2.72918445 -0.74586354 -0.86245078
v -2.72853100 -0.74491947 -0.78791035
v -2.72806348 -0.74421377 -0.71291306
v -2.72787796 -0.74382984 -0.63745814
v -2.72768319 -0.74377280 -0.56194152
v -2.72742430 -0.74385237 -0.48650571
v -2.72711486 -0.74393131 -0.41133286
v -2.72685973 -0.74378593 -0.33650430
v -2.72677333 -0.74355074 -0.26172887
v -2.72680015 -0.74349522 -0.18681361
v -2.72683121 -0.74352764 -0.11181630
v -2.72683888 -0.74354827 -0.03681287
v -2.72684176 -0.74355178 0.03818162
v -2.72684566 -0.74355080 0.11317623
v -2.72684672 -0.74354914 0.18817452
v -2.72684563 -0.74354844 0.26317427
v -2.72684533 -0.74354909 0.33817364
v -2.72684615 -0.74355029 0.41317238
v -2.72684613 -0.74355109 0.48816986
v -2.72684641 -0.74355103 0.56316891
v -2.72685687 -0.74355316 0.63818163
v -2.72687254 -0.74356468 0.71319872
v -2.72684136 -0.74357719 0.78814038
v -2.72673231 -0.74353008 0.86294856
v -2.72660411 -0.74333887 0.93777420
v -2.72650118 -0.74303760 1.01285012
v -2.72635174 -0.74276464 1.08814367
v -2.72605218 -0.74242755 1.16342971
v -2.72568021 -0.74177607 1.23869196
v -2.72549486 -0.74139535 1.31395453
v -2.72559070 -0.74286582 1.38790191
v -2.72666785 -0.74337570 1.46229073
v -2.72801420 -0.74413256 1.53884942
v -2.72830955 -0.74593037 1.61477397
v -2.72771885 -0.74434267 1.68997083
v -2.72631235 -0.74296527 1.76436523
v -2.72590616 -0.74339496 1.83788694
v -2.72711662 -0.74366213 1.91199139
v -2.72823074 -0.74399012 1.98654973
v -2.72881213 -0.74407859 2.06139923
v -2.72907277 -0.74430267 2.13639419
v -2.72919131 -0.74593089 2.21024743
v -2.72955928 -0.74541087 2.28534000
v -2.72861572 -0.74424097 2.36389645
v -2.72738005 -0.74928621 2.44033080
v -2.73731226 -0.76792136 2.50348725
v -2.74393045 -0.65759214 -2.49714423
v -2.72677000 -0.67018530 -2.44016419
v -2.69595396 -0.73073805 -2.37644769
v -2.71769603 -0.68192946 -2.35427764
v -2.72574301 -0.65772919 -2.27400007
v -2.69590845 -0.72263446 -2.21793703
v -2.71797314 -0.67117524 -2.20460920
v -2.69483615 -0.71621394 -2.16766771
v -2.71800670 -0.67611488 -2.11901086
v -2.72435130 -0.67181862 -2.06232398
v -2.71951920 -0.65999627 -1.99914467
v -2.72851303 -0.67284778 -1.91388801
v -2.73032638 -0.67239510 -1.83743000
v -2.72952164 -0.67108009 -1.76303831
v -2.72913619 -0.67095906 -1.68844905
v -2.72958932 -0.67076715 -1.61350993
v -2.73029085 -0.66937217 -1.53827653
v -2.72826199 -0.66863628 -1.46287945
v -2.71834939 -0.68090308 -1.39030528
v -2.69570336 -0.67477131 -1.33699083
v -2.68971962 -0.69746228 -1.28649037
v -2.68777690 -0.70569839 -1.21475643
v -2.68830724 -0.70871726 -1.13904836
v -2.69087682 -0.70832860 -1.06557596
v -2.69661690 -0.69370596 -1.00759517
v -2.71743046 -0.66381726 -0.94666935
v -2.69416663 -0.65485305 -0.99475535
v -2.72645649 -0.66930041 -0.86209966
v -2.72673040 -0.66811823 -0.78616168
v -2.72581555 -0.66676701 -0.71118297
v -2.72544941 -0.66634628 -0.63607839
v -2.72557876 -0.66793251 -0.56216999
v -2.72663329 -0.66831380 -0.48784706
v -2.72776417 -0.66846188 -0.41121357
v -2.72780054 -0.66968871 -0.33492706
v -2.72749450 -0.66944816 -0.25987311
v -2.72738786 -0.66917340 -0.18505265
v -2.72745271 -0.66916071 -0.11015906
v -2.72751444 -0.66921365 -0.03519297
v -2.72753681 -0.66924632 0.03979229
v -2.72755286 -0.66926418 0.11477684
v -2.72756948 -0.66927144 0.18976499
v -2.72757665 -0.66927116 0.26476079
v -2.72757551 -0.66926936 0.33976106
v -2.72757374 -0.66926875 0.41476165
v -2.72757273 -0.66926860 0.48976063
v -2.72757130 -0.66926791 0.56475973
v -2.72758111 -0.66926954 0.63977131
v -2.72760443 -0.66927917 0.71479133
v -2.72755530 -0.66928309 0.78971695
v -2.72734047 -0.66921533 0.86442050
v -2.72717237 -0.66897131 0.93917656
v -2.72717388 -0.66859794 1.01443884
v -2.72716805 -0.66822771 1.09007494
v -2.72695377 -0.66779669 1.16565770
v -2.72631073 -0.66714038 1.24097672
v -2.72581512 -0.66686706 1.31605585
v -2.72631086 -0.67022948 1.39003599
v -2.72709268 -0.68250960 1.45144834
v -2.73613674 -0.67001005 1.52802239
v -2.73915927 -0.68045413 1.61024854
v -2.73896337 -0.67965529 1.68643534
v -2.73611444 -0.66538273 1.76860640
v -2.72754998 -0.66893245 1.84143285
v -2.72614581 -0.66923594 1.91458126
v -2.72725484 -0.66929974 1.98910290
v -2.72822249 -0.66888514 2.06399796
v -2.72843595 -0.66853128 2.13910113
v -2.72878169 -0.67189667 2.21338497
v -2.72930180 -0.68422247 2.27525972
v -2.73611965 -0.67017583 2.35360656
v -2.73673767 -0.68232456 2.43718948
v -2.74318231 -0.69686627 2.50339103
v -2.73599990 -0.59101024 -2.44217916
v -2.72756172 -0.59869063 -2.36722750
v -2.72978690 -0.59601300 -2.29054473
v -2.73113321 -0.59309389 -2.21501188
v -2.72698956 -0.59513650 -2.13690305
v -2.71733426 -0.60733847 -2.06055236
v -2.69769382 -0.60165405 -2.01204797
v -2.69727141 -0.60882690 -1.97633953
v -2.71751702 -0.59739745 -1.91819245
v -2.69250907 -0.56554489 -1.95720561
v -2.72911529 -0.59918454 -1.83822984
v -2.73007704 -0.59697509 -1.76294661
v -2.72934823 -0.59592280 -1.68830334
v -2.72925985 -0.59555470 -1.61328333
v -2.72978475 -0.59437091 -1.53797510
v -2.72876828 -0.59219646 -1.46231807
v -2.71746207 -0.59150989 -1.38328991
v -2.69170728 -0.62068259 -1.34354277
v -2.71421103 -0.58955192 -0.99310388
v -2.69225938 -0.58581867 -1.05401052
v -2.68356049 -0.62687781 -1.02594359
v -2.72588584 -0.58329232 -0.92015845
v -2.72718719 -0.59426790 -0.85922687
v -2.72762437 -0.59408154 -0.78408174
v -2.72649457 -0.59236552 -0.70877996
v -2.72567141 -0.59176239 -0.63397294
v -2.72608370 -0.59516561 -0.56023932
v -2.72688499 -0.60741537 -0.49891005
v -2.73555361 -0.59416713 -0.42240453
v -2.73806460 -0.60372945 -0.33963577
v -2.73800268 -0.60482540 -0.26318485
v -2.73743695 -0.60432852 -0.18802696
v -2.73726884 -0.60407453 -0.11318927
v -2.73734646 -0.60403535 -0.03829105
v -2.73738622 -0.60403115 0.03671481
v -2.73737135 -0.60404726 0.11173877
v -2.73737769 -0.60407644 0.18673568
v -2.73740676 -0.60409483 0.26172187
v -2.73742371 -0.60409844 0.33671571
v -2.73742434 -0.60409681 0.41171575
v -2.73742158 -0.60409573 0.48671581
v -2.73741869 -0.60409502 0.56171452
v -2.73742415 -0.60409616 0.63672135
v -2.73745530 -0.60410409 0.71174377
v -2.73742901 -0.60410278 0.78669904
v -2.73713923 -0.60403814 0.86139894
v -2.73686172 -0.60388628 0.93608145
v -2.73790184 -0.60377771 1.01238056
v -2.73838876 -0.60499773 1.08863048
v -2.73892523 -0.60593607 1.16296621
v -2.73990140 -0.60541756 1.23748690
v -2.73935570 -0.60517687 1.31247872
v -2.74020008 -0.60756986 1.38827702
v -2.74235482 -0.62118911 1.46788202
v -2.74599144 -0.60668768 1.84287884
v -2.73826194 -0.60446058 1.91220845
v -2.73590600 -0.60397747 1.98658118
v -2.73663066 -0.60345620 2.06167837
v -2.73709181 -0.60258097 2.13687511
v -2.73753517 -0.60501308 2.21190201
v -2.74036147 -0.61958383 2.29081318
v -2.73736672 -0.50531324 -2.43025479
v -2.72850258 -0.52162477 -2.36587763
v -2.72922302 -0.52267113 -2.29171142
v -2.73170594 -0.52023555 -2.21670813
v -2.73069398 -0.51802108 -2.14075885
v -2.71821375 -0.52020613 -2.05978362
v -2.69324725 -0.55175581 -2.02046613
v -2.71716081 -0.51016637 -1.91374653
v -2.69651223 -0.51580674 -1.96541039
v -2.72776729 -0.52338704 -1.83892235
v -2.73029940 -0.52279251 -1.76322491
v -2.72959166 -0.52080528 -1.68803848
v -2.72884975 -0.51963437 -1.61260039
v -2.72870293 -0.51851277 -1.53686315
v -2.72892586 -0.51726516 -1.46131103
v -2.72678950 -0.51723938 -1.38625829
v -2.69504856 -0.57066474 -1.31973677
v -2.71728073 -0.51727557 -1.30445443
v -2.68848111 -0.55539938 -1.25949490
v -2.71537453 -0.50848134 -1.21613677
v -2.68552356 -0.55677524 -1.18635966
v -2.71276050 -0.52137449 -1.14775237
v -2.68756070 -0.56577422 -1.11337375
v -2.72684732 -0.52459550 -1.07328122
v -2.74046370 -0.52252859 -0.99854485
v -2.73974152 -0.53148749 -0.93330155
v -2.74004228 -0.53246256 -0.85985194
v -2.73963127 -0.53292706 -0.78676067
v -2.73998040 -0.53125386 -0.71205685
v -2.73908531 -0.53035095 -0.63732092
v -2.73976060 -0.53247888 -0.56197700
v -2.74185641 -0.54580632 -0.48266470
v -2.73617243 -0.42838480 -2.42950582
v -2.72717369 -0.44525703 -2.36441324
v -2.72742724 -0.44822736 -2.29046722
v -2.72971976 -0.44662289 -2.21493397
v -2.73101811 -0.44458480 -2.14010555
v -2.72851910 -0.44458703 -2.06351622
v -2.69691901 -0.50852630 -2.00147165
v -2.71938808 -0.45681834 -1.97772671
v -2.72755148 -0.43377196 -1.89955484
v -2.72919014 -0.44579964 -1.83787051
v -2.73033837 -0.44744340 -1.76359430
v -2.72953242 -0.44526752 -1.68766205
v -2.72833497 -0.44329331 -1.61162883
v -2.72753212 -0.44210614 -1.53551423
v -2.72762572 -0.44296042 -1.46083196
v -2.72950357 -0.44587817 -1.38739891
v -2.73009303 -0.45706878 -1.32393144
v -2.73859833 -0.44579686 -1.24612640
v -2.74223438 -0.47030240 -1.15580347
v -2.73652102 -0.35232540 -2.42841582
v -2.72500510 -0.36952699 -2.36450546
v -2.72537974 -0.37324785 -2.29053844
v -2.72799926 -0.37226077 -2.21417169
v -2.72974171 -0.37085619 -2.13887267
v -2.73035485 -0.36994588 -2.06430471
v -2.72929337 -0.37119475 -1.98842549
v -2.72931115 -0.37093315 -1.91220003
v -2.73039082 -0.37039201 -1.83819223
v -2.72998636 -0.37093389 -1.76367658
v -2.72889301 -0.36896866 -1.68715777
v -2.72761319 -0.36698570 -1.61057153
v -2.72671339 -0.36723646 -1.53538627
v -2.72767547 -0.37021574 -1.46114207
v -2.73006182 -0.38404185 -1.39767342
v -2.74177156 -0.38524197 -1.31802731
v -2.74306992 -0.28121581 -2.41871720
v -2.72543106 -0.29360136 -2.36084133
v -2.72317875 -0.29752326 -2.28952678
v -2.72606641 -0.29709455 -2.21374232
v -2.72818221 -0.29615639 -2.13822787
v -2.72921307 -0.29545528 -2.06351912
v -2.72967346 -0.29507981 -1.98885472
v -2.72964390 -0.29514350 -1.91395718
v -2.72933947 -0.29493067 -1.83880285
v -2.72862890 -0.29383803 -1.76302447
v -2.72760391 -0.29213829 -1.68642920
v -2.72670413 -0.29203686 -1.61074458
v -2.72721504 -0.29456514 -1.53594959
v -2.72869582 -0.30810260 -1.47187333
v -2.74025298 -0.31169952 -1.39181332
v -2.73897007 -0.21871538 -2.35355666
v -2.72639822 -0.22348118 -2.28600443
v -2.72640283 -0.22216511 -2.21206721
v -2.72734591 -0.22009510 -2.13691353
v -2.72725284 -0.21966924 -2.06247261
v -2.72770336 -0.21912809 -1.98755695
v -2.72796890 -0.21871794 -1.91232674
v -2.72765887 -0.21807873 -1.83678764
v -2.72689774 -0.21693313 -1.76093291
v -2.72612023 -0.21687859 -1.68604513
v -2.72678258 -0.21901107 -1.61133630
v -2.72825009 -0.23233624 -1.54683078
v -2.73940949 -0.23572006 -1.46616329
v -2.74548778 -0.15899824 -2.28435512
v -2.73826364 -0.15747085 -2.21514988
v -2.73594021 -0.14062599 -2.13526737
v -2.72736350 -0.14208448 -2.06084399
v -2.72547178 -0.14256312 -1.98600653
v -2.72590079 -0.14373369 -1.91172971
v -2.72696733 -0.14325273 -1.83691453
v -2.72766646 -0.14210014 -1.75978455
v -2.72761829 -0.14499600 -1.68379558
v -2.72793946 -0.15811257 -1.62073265
v -2.73898735 -0.16013521 -1.54030537
v -2.73708378 -0.06168034 -2.05974278
v -2.72722680 -0.06739637 -1.98512533
v -2.72678274 -0.07146722 -1.91008208
v -2.72769669 -0.08332467 -1.84758741
v -2.73613353 -0.06922589 -1.77052671
v -2.73840682 -0.07976695 -1.68741566
v -2.74116803 -0.09565657 -1.60719696
v -2.74749108 0.00296886 -2.04402688
v -2.73883253 -0.00163803 -1.98794755
v -2.73744255 -0.00579889 -1.91359296
v -2.74071108 -0.02034130 -1.83346087
v -2.66617552 -1.47137086 0.56267857
v -2.66241042 -1.48620295 0.64122022
v -2.66149478 -1.48751629 0.71602149
v -2.65999599 -1.48576770 0.79093826
v -2.66001374 -1.48525272 0.86487990
v -2.66636077 -1.48308647 0.93361358
v -2.66668293 -1.47120385 1.46307952
v -2.66846231 -1.48361412 1.53665626
v -2.66465435 -1.46941168 1.98614267
v -2.66306606 -1.48699104 2.06654674
v -2.66842959 -1.48979967 2.13588420
v -2.68728519 -1.42100431 -0.11352891
v -2.68099036 -1.41555193 0.13070545
v -2.67640608 -1.41919948 0.18618283
v -2.67593104 -1.42125914 0.26002049
v -2.67662162 -1.42100094 0.33594439
v -2.67635650 -1.42162097 0.41198485
v -2.67196573 -1.42984313 0.49519727
v -2.66808266 -1.42243693 0.56918663
v -2.66495356 -1.43296705 0.63202982
v -2.66395534 -1.43372553 0.70607014
v -2.66163606 -1.41884413 0.78866278
v -2.65266683 -1.42127541 0.86271022
v -2.65267928 -1.42095775 0.93587342
v -2.66127429 -1.42384805 1.00994610
v -2.66468308 -1.41228088 1.09166667
v -2.66781214 -1.41940157 1.15452833
v -2.67276424 -1.41200326 1.22796848
v -2.67619749 -1.42165837 1.31171607
v -2.67191491 -1.43076082 1.39580316
v -2.66787532 -1.42172740 1.47018467
v -2.66652117 -1.43106196 1.53356223
v -2.67345629 -1.43667969 1.60771441
v -2.68343601 -1.42638865 1.67099585
v -2.66356565 -1.40597671 1.91880637
v -2.65464978 -1.42070389 1.98440259
v -2.66122313 -1.42395268 2.04885175
v -2.66601421 -1.43754955 2.12960280
v -2.67568789 -1.44460696 2.18910070
v -2.66920031 -1.36051873 0.86498144
v -2.66297196 -1.35842127 0.93365186
v -2.66310408 -1.35814073 1.00741491
v -2.66525048 -1.35964412 1.08214889
v -2.66908956 -1.37188030 1.16109268
v -2.66686469 -1.31371152 1.75875263
v -2.66051128 -1.34023367 1.84726632
v -2.65272443 -1.33667085 1.92486504
v -2.66066156 -1.36887655 1.98953415
v -2.67357663 -1.26123782 1.71159243
v -2.65563883 -1.25394536 1.77494785
v -2.65172945 -1.26732581 1.83684708
v -2.65230854 -1.27532986 1.91151282
v -2.66351770 -1.29387808 1.97663076
v -2.67024639 -1.20675509 1.76464768
v -2.66290668 -1.20589232 1.83407174
v -2.66323763 -1.21000382 1.90738837
v -2.67129878 -1.22454151 1.97254495
v -2.66885712 -1.01915459 2.13658841
v -2.66480398 -1.03193153 2.21714458
v -2.66374010 -1.03412810 2.29343837
v -2.66472737 -1.03609360 2.36742467
v -2.67138145 -1.04160212 2.42461058
v -2.67022467 -0.94766038 -2.34893237
v -2.67442306 -0.96931104 -2.30331415
v -2.68272369 -0.96435754 1.92830177
v -2.67771966 -0.96905915 1.98495206
v -2.67286943 -0.97931081 2.06778333
v -2.66817147 -0.97208143 2.14364717
v -2.66513420 -0.98117348 2.20747254
v -2.66397730 -0.98299239 2.28279053
v -2.66391144 -0.98410720 2.35825355
v -2.66858246 -0.99524195 2.42436070
v -2.66433667 -0.87648996 -2.35338397
v -2.66671516 -0.91256511 -2.30032558
v -2.66722235 -0.81135111 -2.36137422
v -2.66891112 -0.83159388 -2.30768239
v -2.67595986 -0.76683336 -2.34691086
v -2.68305292 -0.74346486 -2.19752470
v -2.68448939 -0.75088026 -2.15978025
v -2.67094297 -0.64260754 -1.29828516
v -2.66405883 -0.65488413 -1.23331196
v -2.66388306 -0.66137587 -1.15798141
v -2.66792673 -0.67254287 -1.09501510
v -2.67506367 -0.66618216 -1.03786984
v -2.68166571 -0.57684486 -1.99135473
v -2.67350512 -0.59541602 -1.29759666
v -2.66460061 -0.60109176 -1.24178018
v -2.66271615 -0.60741024 -1.16758066
v -2.66683959 -0.62330027 -1.08753959
v -2.68129078 -0.54024751 -1.98637892
v -0.46639714 0.02404291 1.92291302
v -0.44154718 -0.02297097 1.90435419
v -0.45194746 0.01144379 1.86687734
v -0.45965956 0.01970747 1.98235222
v -0.44213395 -0.02613161 1.95992815
v -0.43654147 -0.00327430 2.01018808
v -0.46662999 0.09596534 1.69878905
v -0.44336044 0.05009826 1.69094787
v -0.44261021 0.07835662 1.64863416
v -0.46949074 0.08564623 1.77718312
v -0.44289402 0.03928418 1.73961293
v -0.47242071 0.07357715 1.85705508
v -0.44611035 0.02807445 1.81049212
v -0.47960479 0.09130236 1.92585164
v -0.47040726 0.08209882 1.99091948
v -0.44409800 0.05074965 2.02858903
v -0.46840742 0.15779423 1.62613904
v -0.44013499 0.11758529 1.59526090
v -0.44945617 0.16386253 1.56344243
v -0.47983021 0.16466061 1.69798131
v -0.48022389 0.15333010 1.76063134
v -0.48058728 0.15062411 1.83570046
v -0.48192996 0.15171356 1.91066254
v -0.48096670 0.15355385 1.98528620
v -0.45195772 0.09986665 2.05397828
v -0.47242384 0.15349049 2.06785107
v -0.47183608 0.16663486 2.15603789
v -0.44633117 0.11639684 2.11490109
v -0.47041846 0.16738118 2.23132452
v -0.44381008 0.11863320 2.19262571
v -0.46201196 0.17056334 2.28630598
v -0.42833127 0.11692181 2.28015183
v -0.43114296 0.15382278 2.32387162
v -0.46787082 0.23407862 1.55093487
v -0.44136595 0.19611367 1.51987779
v -0.44786173 0.24183596 1.48988825
v -0.47922797 0.23808561 1.62355253
v -0.48111415 0.22673486 1.68539360
v -0.48202238 0.22616208 1.75790102
v -0.48148409 0.22613069 1.83242360
v -0.48130847 0.22693416 1.90796762
v -0.48154473 0.22750773 1.98323311
v -0.48130185 0.22802918 2.05972487
v -0.48187707 0.22986363 2.13776633
v -0.48165913 0.23072700 2.21220578
v -0.47207020 0.22613464 2.27506872
v -0.44475880 0.20928664 2.32404001
v -0.46725862 0.30928172 1.47672454
v -0.44023552 0.27078285 1.44634495
v -0.44852250 0.31180539 1.41421314
v -0.47849684 0.31425799 1.54862626
v -0.48033945 0.30235778 1.61054204
v -0.48137218 0.30114905 1.68321546
v -0.48088372 0.30110318 1.75794560
v -0.48023555 0.30236019 1.83410272
v -0.47977514 0.30334103 1.90994047
v -0.47976605 0.30367645 1.98514615
v -0.48049316 0.30354761 2.06011306
v -0.48209299 0.30378557 2.13533407
v -0.48178434 0.30459833 2.20961218
v -0.47191127 0.29951661 2.27370595
v -0.44694929 0.28159539 2.32412589
v -0.46486322 0.39746309 1.32293409
v -0.43891139 0.35513791 1.29916339
v -0.44698710 0.39299279 1.26477298
v -0.46985455 0.37398535 1.40693558
v -0.44386802 0.33571481 1.35822414
v -0.47880783 0.38865409 1.47478759
v -0.48005805 0.37840732 1.53570394
v -0.48108890 0.37678361 1.60815334
v -0.48058953 0.37637039 1.68300158
v -0.47987089 0.37747907 1.75941398
v -0.47930791 0.37848637 1.83572887
v -0.47900550 0.37914886 1.91151567
v -0.47885720 0.37935778 1.98669447
v -0.47912362 0.37912447 2.06148106
v -0.48044097 0.37891728 2.13628990
v -0.48125996 0.38006384 2.21169326
v -0.47182679 0.38356919 2.28981310
v -0.44718224 0.35514880 2.33051080
v -0.46716368 0.46028137 1.25186532
v -0.43991344 0.41919276 1.22018756
v -0.44846677 0.46180745 1.18860779
v -0.47848021 0.46575132 1.32396130
v -0.47929805 0.45222789 1.38685349
v -0.48050786 0.45115996 1.46058111
v -0.48106062 0.45254555 1.53355204
v -0.48052854 0.45195356 1.60798347
v -0.47986987 0.45259540 1.68432986
v -0.47929180 0.45350088 1.76071849
v -0.47899388 0.45414075 1.83661349
v -0.47890925 0.45439861 1.91199010
v -0.47882788 0.45443294 1.98701572
v -0.47875610 0.45424790 2.06184552
v -0.47942745 0.45390771 2.13675901
v -0.48133469 0.45424475 2.21220885
v -0.48057584 0.45708673 2.28860455
v -0.44991277 0.41254162 2.35213974
v -0.46518124 0.46522642 2.36649128
v -0.43803555 0.44362954 2.39455029
v -0.46556116 0.54978494 1.02318403
v -0.43835230 0.50387211 1.00169739
v -0.44956279 0.53961704 0.96404081
v -0.46782047 0.53881143 1.10304024
v -0.44189774 0.49372018 1.06300941
v -0.47013611 0.52439887 1.18242659
v -0.44469187 0.48333859 1.13269664
v -0.47887460 0.53916494 1.25014011
v -0.48037628 0.52822904 1.31099933
v -0.48154784 0.52644513 1.38329757
v -0.48107304 0.52614571 1.45777842
v -0.48043661 0.52737804 1.53357392
v -0.47981087 0.52814110 1.60953508
v -0.47930959 0.52859595 1.68567476
v -0.47903527 0.52907825 1.76155690
v -0.47896129 0.52934685 1.83693644
v -0.47899989 0.52938435 1.91197713
v -0.47899333 0.52932573 1.98686480
v -0.47884882 0.52919557 2.06170643
v -0.47901567 0.52896353 2.13674695
v -0.48055902 0.52899958 2.21240768
v -0.48296338 0.53015721 2.28849430
v -0.48028102 0.53280016 2.36286291
v -0.43043243 0.48297015 2.44187073
v -0.46295173 0.53552637 2.42973239
v -0.43257377 0.53360057 2.47756640
v -0.46698367 0.62212151 0.42282090
v -0.44042221 0.57639992 0.40014160
v -0.45058485 0.61255224 0.36313205
v -0.47011512 0.61198799 0.50310137
v -0.44325429 0.56572977 0.46409930
v -0.47071839 0.61151329 0.57922613
v -0.44436907 0.56253446 0.54017067
v -0.47043743 0.61306022 0.65465225
v -0.44416971 0.56380751 0.61544704
v -0.46986385 0.61432901 0.72981801
v -0.44350239 0.56515894 0.69034650
v -0.46915944 0.61509513 0.80458492
v -0.44303394 0.56491929 0.76549821
v -0.46895421 0.61288350 0.87885035
v -0.44422039 0.56468572 0.83867946
v -0.47084845 0.60052536 0.95705049
v -0.44632350 0.55775148 0.90797255
v -0.47925742 0.61582273 1.02482753
v -0.47940585 0.60498620 1.08668920
v -0.47954294 0.60168168 1.16148228
v -0.48037178 0.60217670 1.23590197
v -0.48107804 0.60268132 1.30867381
v -0.48074616 0.60165190 1.38294047
v -0.48019701 0.60238066 1.45906255
v -0.47962547 0.60338525 1.53518698
v -0.47923406 0.60397284 1.61100734
v -0.47902848 0.60418342 1.68658291
v -0.47897151 0.60429527 1.76190159
v -0.47900710 0.60433844 1.83695525
v -0.47906782 0.60430379 1.91186781
v -0.47906900 0.60424233 1.98673514
v -0.47895143 0.60414230 2.06159199
v -0.47896515 0.60401777 2.13667774
v -0.47991259 0.60421773 2.21248800
v -0.48208898 0.60521836 2.28879426
v -0.48228425 0.60616454 2.36279221
v -0.47203958 0.60301539 2.42812363
v -0.44431696 0.58856368 2.47836137
v -0.46575134 0.69147420 -2.41661937
v -0.44068783 0.65377738 -2.44894335
v -0.44604645 0.70307231 -2.47630906
v -0.46939751 0.68891058 -2.34551111
v -0.44527983 0.63960931 -2.38833337
v -0.46343448 0.69782104 -2.27489476
v -0.44356760 0.64485391 -2.31577018
v -0.43957276 0.66629930 -2.25885747
v -0.46102620 0.70548480 -1.98127003
v -0.43633795 0.66324485 -2.00216278
v -0.44811894 0.69303797 -2.03540560
v -0.43720466 0.66578043 -1.95907939
v -0.46625890 0.69798756 -1.82688328
v -0.43882217 0.65376651 -1.84694951
v -0.45108173 0.68549330 -1.88399953
v -0.46871405 0.68909245 -1.74554234
v -0.44095041 0.64356970 -1.78478585
v -0.46921654 0.68806360 -1.66976854
v -0.44246796 0.63811654 -1.70948395
v -0.46898991 0.68883425 -1.59468341
v -0.44429061 0.63791419 -1.63561176
v -0.46894712 0.68914898 -1.51947711
v -0.44567322 0.63841084 -1.56329095
v -0.46919710 0.68925155 -1.44417041
v -0.44569720 0.63759724 -1.48954152
v -0.46943995 0.68940522 -1.36900810
v -0.44449399 0.63843318 -1.41331611
v -0.46963137 0.68923284 -1.29413914
v -0.44309175 0.64020824 -1.33580153
v -0.46979508 0.68877402 -1.21951480
v -0.44294640 0.64105313 -1.25927265
v -0.46985929 0.68846346 -1.14483200
v -0.44306173 0.64049687 -1.18437914
v -0.46985740 0.68842202 -1.06992644
v -0.44313174 0.64016539 -1.10962343
v -0.46984675 0.68845293 -0.99491862
v -0.44312588 0.64014870 -1.03468869
v -0.46984534 0.68846231 -0.91990780
v -0.44311455 0.64017819 -0.95968160
v -0.46984640 0.68846078 -0.84490701
v -0.44311429 0.64018208 -0.88467601
v -0.46984725 0.68846139 -0.76990677
v -0.44311523 0.64018027 -0.80967612
v -0.46984924 0.68846199 -0.69490571
v -0.44311550 0.64018089 -0.73467558
v -0.46984972 0.68845684 -0.61991188
v -0.44311711 0.64018208 -0.65967349
v -0.46984009 0.68844632 -0.54493564
v -0.44311905 0.64018293 -0.58467297
v -0.46981495 0.68843043 -0.46997536
v -0.44311675 0.64018207 -0.50968085
v -0.46978913 0.68839090 -0.39501768
v -0.44311569 0.64016333 -0.43470305
v -0.46978586 0.68834950 -0.32004878
v -0.44313424 0.64013126 -0.35972789
v -0.46977476 0.68845638 -0.24506793
v -0.44313181 0.64024141 -0.28471589
v -0.46965386 0.68878357 -0.17012035
v -0.44297659 0.64066056 -0.20969131
v -0.46935682 0.68896338 -0.09519897
v -0.44267955 0.64078425 -0.13483881
v -0.46900629 0.68890034 -0.02016078
v -0.44260875 0.63906936 -0.05989283
v -0.46867809 0.68901295 0.05511186
v -0.44401845 0.63862486 0.01410981
v -0.46827911 0.68963882 0.13055425
v -0.44509114 0.63897045 0.08662714
v -0.46791196 0.69051446 0.20561769
v -0.44472652 0.63871207 0.16001331
v -0.46816919 0.68830260 0.27979865
v -0.44479948 0.63843274 0.23396991
v -0.47073858 0.67517773 0.35740477
v -0.44633194 0.63079756 0.30574567
v -0.47931545 0.68999432 0.42476136
v -0.48017643 0.67824265 0.48637429
v -0.48081016 0.67612236 0.56105187
v -0.48082111 0.67700918 0.63655546
v -0.48067099 0.67790958 0.71177737
v -0.48033691 0.67866038 0.78685293
v -0.47979907 0.67895891 0.86178206
v -0.47962708 0.67715130 0.93685336
v -0.48073270 0.67685705 1.01097198
v -0.48164352 0.67728632 1.08368675
v -0.48129672 0.67653654 1.15774880
v -0.48077044 0.67722862 1.23328926
v -0.48028129 0.67785777 1.30873267
v -0.47977539 0.67810436 1.38446899
v -0.47932987 0.67851280 1.46055718
v -0.47907272 0.67907331 1.53641602
v -0.47897665 0.67934300 1.61181121
v -0.47897355 0.67935335 1.68693233
v -0.47901090 0.67930713 1.76192821
v -0.47906157 0.67927228 1.83685984
v -0.47909951 0.67924247 1.91178023
v -0.47907686 0.67921134 1.98669152
v -0.47897520 0.67912473 2.06157571
v -0.47902000 0.67901562 2.13666545
v -0.47978137 0.67932940 2.21251112
v -0.48134723 0.68062905 2.28897034
v -0.48112407 0.68185664 2.36312516
v -0.47204051 0.67807031 2.42821708
v -0.44701693 0.66083948 2.47831089
v -0.47347237 0.76447626 -2.44050990
v -0.45136879 0.75862992 -2.49547539
v -0.48056149 0.75209629 -2.36329880
v -0.47936876 0.75350479 -2.28671329
v -0.44853544 0.70237707 -2.22163155
v -0.47015166 0.75474204 -2.20519350
v -0.46831643 0.76378983 -2.12017351
v -0.44479871 0.71346843 -2.16255522
v -0.47017380 0.75296189 -2.04174676
v -0.44479466 0.70864502 -2.09155844
v -0.47780653 0.76643361 -1.97366950
v -0.45023700 0.69146489 -1.92780659
v -0.47236349 0.74287835 -1.90291302
v -0.47961970 0.76467600 -1.82631114
v -0.48003236 0.75422351 -1.76286001
v -0.48049310 0.75204706 -1.68814993
v -0.48020964 0.75271318 -1.61273570
v -0.47985970 0.75330191 -1.53731862
v -0.47988426 0.75341014 -1.46203403
v -0.48017724 0.75332650 -1.38708740
v -0.48046709 0.75310601 -1.31243749
v -0.48062889 0.75281667 -1.23783598
v -0.48067663 0.75264010 -1.16308062
v -0.48067131 0.75261834 -1.08814634
v -0.48066155 0.75264694 -1.01313164
v -0.48065992 0.75265826 -0.93811739
v -0.48066095 0.75265731 -0.86311595
v -0.48066214 0.75265758 -0.78811670
v -0.48066360 0.75265676 -0.71311712
v -0.48065899 0.75264425 -0.63812794
v -0.48063710 0.75262254 -0.56315869
v -0.48060043 0.75261376 -0.48817746
v -0.48057813 0.75261369 -0.41312560
v -0.48060403 0.75258221 -0.33801042
v -0.48067399 0.75254940 -0.26291442
v -0.48072479 0.75263870 -0.18789847
v -0.48066268 0.75285744 -0.11294391
v -0.48043813 0.75302929 -0.03792183
v -0.48011484 0.75308525 0.03735855
v -0.47981511 0.75329510 0.11291053
v -0.47954788 0.75397048 0.18837643
v -0.47927837 0.75439787 0.26327853
v -0.47938522 0.75254553 0.33788003
v -0.48062770 0.75199568 0.41146993
v -0.48169917 0.75196363 0.48390923
v -0.48171029 0.75076289 0.55786965
v -0.48156564 0.75123144 0.63331243
v -0.48145195 0.75175118 0.70847978
v -0.48140975 0.75201499 0.78348197
v -0.48128482 0.75236394 0.85850936
v -0.48100060 0.75253415 0.93354428
v -0.48071942 0.75239662 1.00857608
v -0.48049824 0.75239548 1.08372189
v -0.48018978 0.75272127 1.15921512
v -0.47982571 0.75333615 1.23495249
v -0.47950744 0.75384437 1.31058795
v -0.47923133 0.75400312 1.38611172
v -0.47901917 0.75412894 1.46158624
v -0.47892388 0.75432095 1.53687995
v -0.47894597 0.75439655 1.61195079
v -0.47901619 0.75433107 1.68690628
v -0.47907184 0.75425493 1.76183721
v -0.47910308 0.75422333 1.83677965
v -0.47911546 0.75421938 1.91174489
v -0.47907514 0.75421242 1.98669308
v -0.47897004 0.75413223 2.06159084
v -0.47904604 0.75400753 2.13667326
v -0.47984271 0.75431146 2.21250697
v -0.48126145 0.75571193 2.28899978
v -0.48054739 0.75729361 2.36326219
v -0.47095770 0.75403597 2.42837701
v -0.44617135 0.73695866 2.47820507
v -0.46807188 0.82496926 -2.49152805
v -0.43359453 0.78241586 -2.52489464
v -0.43262598 0.83407694 -2.53772341
v -0.48169302 0.84007765 -2.42852271
v -0.48268223 0.82716682 -2.36739513
v -0.48283443 0.82518660 -2.29199879
v -0.48111556 0.82721246 -2.21490852
v -0.47940521 0.82942618 -2.13760454
v -0.47958880 0.82862112 -2.06183359
v -0.48103551 0.82794950 -1.98850886
v -0.48110009 0.82662366 -1.91517521
v -0.48087808 0.82635200 -1.84011509
v -0.48162189 0.82732505 -1.76590916
v -0.48170275 0.82601986 -1.69191162
v -0.48158886 0.82633398 -1.61663149
v -0.48137631 0.82686181 -1.54137902
v -0.48127641 0.82700000 -1.46625973
v -0.48131968 0.82694774 -1.39126994
v -0.48140924 0.82686229 -1.31640201
v -0.48146529 0.82677361 -1.24156034
v -0.48147463 0.82672871 -1.16664681
v -0.48146347 0.82674101 -1.09165192
v -0.48145526 0.82676673 -1.01662797
v -0.48145411 0.82677593 -0.94161437
v -0.48145504 0.82677484 -0.86661354
v -0.48145618 0.82677455 -0.79161558
v -0.48145674 0.82677313 -0.71661600
v -0.48144770 0.82675692 -0.64162219
v -0.48141967 0.82673368 -0.56664124
v -0.48140055 0.82677037 -0.49160028
v -0.48147075 0.82690661 -0.41633411
v -0.48168541 0.82705921 -0.34081849
v -0.48200401 0.82714565 -0.26528393
v -0.48233181 0.82722965 -0.18994184
v -0.48256292 0.82741638 -0.11481452
v -0.48262500 0.82763749 -0.03981754
v -0.48255505 0.82772173 0.03518262
v -0.48246951 0.82769388 0.11028828
v -0.48242062 0.82781893 0.18546476
v -0.48231398 0.82822289 0.26055328
v -0.48206483 0.82846657 0.33548652
v -0.48180069 0.82839246 0.41036778
v -0.48158106 0.82834426 0.48536776
v -0.48125157 0.82833399 0.56061699
v -0.48081157 0.82839575 0.63586548
v -0.48039087 0.82846016 0.71074198
v -0.48008015 0.82840695 0.78540013
v -0.47992447 0.82842533 0.86018802
v -0.47984261 0.82857758 0.93515603
v -0.47968569 0.82870058 1.01023376
v -0.47942544 0.82873415 1.08546971
v -0.47919503 0.82888592 1.16094456
v -0.47913543 0.82924224 1.23657019
v -0.47922579 0.82947716 1.31211421
v -0.47930975 0.82935016 1.38740202
v -0.47928622 0.82913798 1.46239500
v -0.47917364 0.82915158 1.53716715
v -0.47906850 0.82927446 1.61190130
v -0.47905132 0.82929175 1.68675688
v -0.47908910 0.82923475 1.76172754
v -0.47911666 0.82920690 1.83673312
v -0.47911968 0.82921496 1.91173365
v -0.47907258 0.82921396 1.98668809
v -0.47896347 0.82913072 2.06157719
v -0.47904165 0.82899825 2.13664821
v -0.47986757 0.82928367 2.21247077
v -0.48133004 0.83066229 2.28896011
v -0.48055723 0.83229538 2.36325392
v -0.47068710 0.82928261 2.42842077
v -0.44554625 0.81260398 2.47819339
v -0.47042303 0.90350122 -2.50441179
v -0.43360716 0.90482327 -2.54351167
v -0.48215280 0.90316953 -2.44033558
v -0.48261625 0.90298672 -2.36691395
v -0.48136501 0.90173739 -2.29148272
v -0.48092331 0.90251999 -2.21540362
v -0.48078466 0.90343764 -2.14010280
v -0.48082399 0.90344030 -2.06547803
v -0.48100539 0.90295971 -1.99122932
v -0.48093420 0.90273789 -1.91669163
v -0.48053651 0.90271891 -1.84141854
v -0.48024387 0.90275648 -1.76587670
v -0.48011107 0.90273817 -1.69050962
v -0.47998708 0.90288773 -1.61521723
v -0.47989830 0.90319597 -1.54003336
v -0.47985484 0.90329615 -1.46500844
v -0.47983835 0.90325924 -1.39003751
v -0.47981836 0.90322947 -1.31506837
v -0.47979053 0.90321955 -1.24008378
v -0.47976639 0.90321893 -1.16507429
v -0.47975278 0.90323223 -1.09004907
v -0.47974841 0.90324818 -1.01502785
v -0.47974841 0.90325395 -0.94001986
v -0.47974904 0.90325257 -0.86502049
v -0.47974989 0.90325157 -0.79002311
v -0.47975042 0.90325154 -0.71502172
v -0.47974127 0.90324022 -0.64001457
v -0.47971732 0.90322220 -0.56501443
v -0.47973979 0.90331111 -0.48996088
v -0.47995283 0.90365679 -0.41459829
v -0.48043905 0.90407720 -0.33885631
v -0.48098542 0.90446007 -0.26314395
v -0.48143426 0.90479296 -0.18763236
v -0.48193213 0.90495820 -0.11214762
v -0.48237610 0.90524059 -0.03679137
v -0.48254925 0.90560580 0.03831704
v -0.48253514 0.90572590 0.11327019
v -0.48249954 0.90571282 0.18817317
v -0.48248946 0.90578508 0.26310366
v -0.48243690 0.90598392 0.33810099
v -0.48227944 0.90618918 0.41317501
v -0.48201929 0.90626537 0.48832349
v -0.48163041 0.90604601 0.56347340
v -0.48108294 0.90548534 0.63851394
v -0.48053073 0.90480913 0.71328679
v -0.48002996 0.90431993 0.78769905
v -0.47948910 0.90416953 0.86203625
v -0.47910177 0.90421869 0.93665624
v -0.47898062 0.90427300 1.01159137
v -0.47894742 0.90428918 1.08670839
v -0.47896823 0.90437672 1.16191495
v -0.47917343 0.90467773 1.23722723
v -0.47954501 0.90482912 1.31254636
v -0.47974006 0.90455429 1.38770732
v -0.47970334 0.90408227 1.46276812
v -0.47965435 0.90370280 1.53762545
v -0.47943825 0.90379516 1.61216339
v -0.47913638 0.90411886 1.68673024
v -0.47903010 0.90421339 1.76159029
v -0.47905115 0.90418115 1.83661764
v -0.47906847 0.90416722 1.91164371
v -0.47902409 0.90415639 1.98659351
v -0.47891849 0.90406923 2.06147569
v -0.47900458 0.90394257 2.13655605
v -0.47984332 0.90423910 2.21239274
v -0.48133489 0.90561955 2.28888316
v -0.48060823 0.90723732 2.36317571
v -0.47074724 0.90422570 2.42836935
v -0.44550458 0.88763173 2.47818188
v -0.47162369 0.97892695 -2.50675145
v -0.43453447 0.97919601 -2.54401802
v -0.48293327 0.97842502 -2.44334122
v -0.48232636 0.97815975 -2.36770130
v -0.48016262 0.97825217 -2.29023022
v -0.47936972 0.97863956 -2.21396591
v -0.47945823 0.97900046 -2.13884485
v -0.47966001 0.97900044 -2.06427288
v -0.47971173 0.97882850 -1.98972310
v -0.47960537 0.97878216 -1.91488935
v -0.47939761 0.97887343 -1.83970940
v -0.47917826 0.97890747 -1.76436390
v -0.47900919 0.97886825 -1.68904846
v -0.47890096 0.97891846 -1.61380240
v -0.47886829 0.97905947 -1.53860344
v -0.47891653 0.97913667 -1.46344763
v -0.47899883 0.97913981 -1.38834042
v -0.47904853 0.97917103 -1.31328169
v -0.47904389 0.97923104 -1.23824947
v -0.47901574 0.97925707 -1.16322313
v -0.47899730 0.97924658 -1.08820433
v -0.47899376 0.97923573 -1.01319738
v -0.47899532 0.97923474 -0.93819739
v -0.47899598 0.97923510 -0.86319900
v -0.47899607 0.97923408 -0.78820113
v -0.47899703 0.97923558 -0.71319852
v -0.47899237 0.97923636 -0.63817893
v -0.47897526 0.97922472 -0.56316357
v -0.47901783 0.97929204 -0.48818861
v -0.47930776 0.97970669 -0.41308213
v -0.47984048 0.98030122 -0.33764397
v -0.48026774 0.97965088 -0.26360407
v -0.47933825 0.98057865 -0.19084615
v -0.47824262 0.98101384 -0.11638968
v -0.47856955 0.97963233 -0.04050379
v -0.47909853 0.98001971 0.03520485
v -0.47924791 0.98053619 0.11052280
v -0.47916126 0.98071977 0.18551587
v -0.47903491 0.98081341 0.26032857
v -0.47896404 0.98093121 0.33515996
v -0.47895671 0.98103954 0.41010875
v -0.47893403 0.98108516 0.48508513
v -0.47873498 0.98077220 0.56002007
v -0.47826425 0.97978007 0.63514947
v -0.47803837 0.97943433 0.71147418
v -0.47916314 0.97934004 0.78799222
v -0.48003015 0.97893061 0.86302997
v -0.47946294 0.97910978 0.93739145
v -0.47898060 0.97934379 1.01202667
v -0.47896686 0.97943822 1.08709405
v -0.47922028 0.97949519 1.16231060
v -0.47966422 0.97977087 1.23746751
v -0.48009430 0.97999087 1.31254853
v -0.48006579 0.97857552 1.38618075
v -0.47869232 0.97926262 1.46006307
v -0.47853574 0.97976822 1.53641668
v -0.47965023 0.97815898 1.61245528
v -0.47943599 0.97851879 1.68707053
v -0.47902035 0.97902564 1.76159765
v -0.47891517 0.97911407 1.83647808
v -0.47894063 0.97906435 1.91149865
v -0.47891549 0.97902847 1.98646168
v -0.47882733 0.97896168 2.06137530
v -0.47894040 0.97888954 2.13653806
v -0.47980923 0.97923125 2.21247199
v -0.48132357 0.98062065 2.28899279
v -0.48061197 0.98223218 2.36322355
v -0.47076975 0.97921020 2.42833099
v -0.44554614 0.96259377 2.47811596
v -0.47238073 1.05425970 -2.50621589
v -0.43513380 1.05452816 -2.54335458
v -0.48344310 1.05415623 -2.44300823
v -0.48235069 1.05398228 -2.36728600
v -0.47979351 1.05395253 -2.28960741
v -0.47879151 1.05410651 -2.21331373
v -0.47876397 1.05423004 -2.13817522
v -0.47890185 1.05421748 -2.06339987
v -0.47895861 1.05416833 -1.98852319
v -0.47896338 1.05418124 -1.91343326
v -0.47896869 1.05425293 -1.83824125
v -0.47897087 1.05431097 -1.76309336
v -0.47894272 1.05431242 -1.68802723
v -0.47890434 1.05435015 -1.61293978
v -0.47893337 1.05450623 -1.53767112
v -0.47909636 1.05467820 -1.46220346
v -0.47937413 1.05476579 -1.38674093
v -0.47966395 1.05485590 -1.31147516
v -0.47985625 1.05505006 -1.23638592
v -0.47991989 1.05525494 -1.16135627
v -0.47991175 1.05532958 -1.08633488
v -0.47989781 1.05530622 -1.01132582
v -0.47989736 1.05528426 -0.93632552
v -0.47990148 1.05528404 -0.86132514
v -0.47990287 1.05528625 -0.78632670
v -0.47990229 1.05528757 -0.71132818
v -0.47990055 1.05529754 -0.63631049
v -0.47988746 1.05529584 -0.56128867
v -0.47990100 1.05526808 -0.48639517
v -0.48013147 1.05544007 -0.41170862
v -0.48051322 1.05596848 -0.33691412
v -0.47959072 1.05469008 -0.26250715
v -0.47772591 1.04330362 -0.20266986
v -0.46768952 1.05861108 -0.13551557
v -0.46469953 1.04572430 -0.05972447
v -0.46481695 1.04398520 0.01608913
v -0.46512860 1.04454221 0.09191361
v -0.46528497 1.04480787 0.16742110
v -0.46528847 1.04481410 0.24263002
v -0.46512641 1.04497983 0.31744216
v -0.46500752 1.04521089 0.39219356
v -0.46502092 1.04529655 0.46705947
v -0.46496585 1.04514648 0.54203715
v -0.46460850 1.04428707 0.61747589
v -0.46450884 1.04370435 0.69442149
v -0.46750475 1.05461180 0.78006316
v -0.47795209 1.05363383 0.86133274
v -0.47992653 1.05337744 0.93748758
v -0.47939314 1.05404194 1.01209626
v -0.47920182 1.05455452 1.08699679
v -0.47957912 1.05467644 1.16221023
v -0.48010606 1.05479148 1.23731858
v -0.48047818 1.05518401 1.31257494
v -0.47931913 1.05321610 1.38764873
v -0.47728448 1.04195379 1.44914919
v -0.46904862 1.06628179 1.52649959
v -0.47743115 1.05490279 1.61035549
v -0.47976319 1.05299575 1.68766781
v -0.47944434 1.05375719 1.76231261
v -0.47908035 1.05421350 1.83692668
v -0.47903418 1.05420913 1.91185015
v -0.47903252 1.05413566 1.98682681
v -0.47897809 1.05411717 2.06179981
v -0.47911273 1.05419033 2.13709686
v -0.47996882 1.05464526 2.21321030
v -0.48144397 1.05597974 2.28982696
v -0.48069613 1.05741185 2.36396618
v -0.47082000 1.05426171 2.42880474
v -0.44556000 1.03762314 2.47827774
v -0.47185422 1.12858594 -2.50525450
v -0.43246182 1.12977344 -2.54207558
v -0.48385829 1.12907889 -2.44226563
v -0.48260108 1.12928495 -2.36672029
v -0.47971980 1.12918273 -2.28930165
v -0.47864828 1.12908583 -2.21328512
v -0.47863685 1.12908780 -2.13825771
v -0.47876383 1.12917284 -2.06330084
v -0.47888047 1.12933487 -1.98798133
v -0.47908715 1.12949910 -1.91236637
v -0.47938235 1.12961532 -1.83680479
v -0.47967516 1.12973842 -1.76154220
v -0.47987487 1.12992249 -1.68652505
v -0.47997201 1.13021162 -1.61150021
v -0.48006847 1.13065037 -1.53614981
v -0.48029090 1.13099710 -1.46047200
v -0.48057973 1.13110816 -1.38496005
v -0.48084254 1.13106510 -1.30987407
v -0.48114635 1.13098304 -1.23498825
v -0.48141285 1.13121736 -1.16010119
v -0.48151227 1.13159878 -1.08512941
v -0.48150727 1.13172224 -1.01009505
v -0.48149485 1.13169384 -0.93506999
v -0.48150071 1.13167335 -0.86006197
v -0.48150942 1.13167538 -0.78506397
v -0.48151048 1.13167745 -0.71007329
v -0.48150722 1.13168771 -0.63507304
v -0.48149470 1.13169994 -0.56006094
v -0.48145927 1.13160583 -0.48516909
v -0.48152249 1.13139118 -0.41064608
v -0.48185212 1.13152647 -0.33630157
v -0.48097152 1.13144650 -0.26071827
v -0.47097682 1.12479477 -0.17704061
v -0.44787191 1.11728499 -0.12934581
v -0.44183426 1.09816289 -0.08544447
v -0.43983310 1.09389324 -0.01525289
v -0.43898977 1.09368009 0.05959387
v -0.43921588 1.09337971 0.13404101
v -0.44039864 1.09282417 0.21051711
v -0.44093672 1.09174655 0.28659707
v -0.44078265 1.09204640 0.36139516
v -0.44065598 1.09238683 0.43613211
v -0.44063352 1.09249753 0.51112545
v -0.44039826 1.09223477 0.58672086
v -0.44009916 1.09102491 0.66297389
v -0.44157977 1.09119743 0.73645268
v -0.44737866 1.10502445 0.79257695
v -0.44756265 1.14014543 0.80305366
v -0.46971934 1.13393721 0.85187570
v -0.47896304 1.12800148 0.93598820
v -0.47964242 1.12838136 1.01184340
v -0.47939029 1.12946573 1.08668398
v -0.47966691 1.12998355 1.16176392
v -0.48000461 1.12876338 1.23558490
v -0.47931996 1.13024335 1.30980999
v -0.47839152 1.13097829 1.38812007
v -0.46979781 1.12158443 1.47541632
v -0.44846356 1.11642439 1.52019526
v -0.44836444 1.11418710 1.54757954
v -0.44895794 1.14171562 1.55459047
v -0.47009056 1.13719802 1.60139188
v -0.47965930 1.12931913 1.68775574
v -0.48065703 1.12918180 1.76395451
v -0.48018722 1.12999446 1.83860346
v -0.47998640 1.13018416 1.91339086
v -0.47997192 1.13009053 1.98833673
v -0.47994975 1.13010242 2.06332889
v -0.48006690 1.13038325 2.13867277
v -0.48076931 1.13094695 2.21477617
v -0.48194061 1.13210975 2.29122394
v -0.48091747 1.13313330 2.36525134
v -0.47096876 1.12940761 2.43007681
v -0.44570442 1.11250488 2.47926794
v -0.46532595 1.19899326 -2.50394515
v -0.41845027 1.20760276 -2.53924876
v -0.48252957 1.20243552 -2.44152133
v -0.48320933 1.20393794 -2.36595897
v -0.48015840 1.20433305 -2.28876682
v -0.47877072 1.20419612 -2.21296557
v -0.47874371 1.20414131 -2.13803526
v -0.47897681 1.20441343 -2.06292454
v -0.47926759 1.20494234 -1.98714577
v -0.47974428 1.20531559 -1.91098040
v -0.48027384 1.20542687 -1.83516651
v -0.48067771 1.20550018 -1.75997727
v -0.48102117 1.20561813 -1.68512135
v -0.48133267 1.20612388 -1.61027844
v -0.48156825 1.20709724 -1.53506626
v -0.48175303 1.20778010 -1.45938752
v -0.48185757 1.20665511 -1.38514548
v -0.48079817 1.20656290 -1.31275520
v -0.47952398 1.20594190 -1.23932028
v -0.47947318 1.20406073 -1.16473973
v -0.47971330 1.20434332 -1.09008354
v -0.47981822 1.20485994 -1.01509937
v -0.47981423 1.20497432 -0.94004229
v -0.47979644 1.20492569 -0.86503857
v -0.47978871 1.20489367 -0.79006316
v -0.47978810 1.20488559 -0.71507657
v -0.47979669 1.20489184 -0.64007024
v -0.47980652 1.20492312 -0.56505721
v -0.47976448 1.20487196 -0.49011165
v -0.47965836 1.20448168 -0.41542340
v -0.47981143 1.20408304 -0.34092033
v -0.48053066 1.20541765 -0.26501092
v -0.47993074 1.20635201 -0.18651330
v -0.44876677 1.15316053 -0.11805519
v -0.47063461 1.20588312 -0.10415193
v -0.46684705 1.22037058 -0.01905161
v -0.44319568 1.16914399 -0.06198096
v -0.46080883 1.22478093 0.05220565
v -0.43946856 1.17691025 0.00815646
v -0.43502878 1.18986313 0.06540111
v -0.46495696 1.22578220 0.20261954
v -0.43591466 1.18065095 0.17819785
v -0.44746683 1.21351540 0.14489998
v -0.46746213 1.21595449 0.28392951
v -0.44031089 1.17005641 0.23921227
v -0.46783193 1.21459482 0.35961889
v -0.44197696 1.16589652 0.31425941
v -0.46769533 1.21534290 0.43450951
v -0.44199163 1.16613591 0.38911092
v -0.46765916 1.21573153 0.50926977
v -0.44183849 1.16681166 0.46385057
v -0.46743365 1.21578857 0.58413687
v -0.44180387 1.16714778 0.53879517
v -0.46664230 1.21551688 0.65955120
v -0.44148321 1.16737932 0.61428609
v -0.46604213 1.21273150 0.73494200
v -0.44094010 1.16626145 0.68976377
v -0.46848313 1.19945370 0.81016384
v -0.44207501 1.15957045 0.75902082
v -0.47827367 1.21517801 0.87723924
v -0.47927495 1.20401240 0.93696401
v -0.47979074 1.20301849 1.01163352
v -0.47956977 1.20421274 1.08666707
v -0.47974074 1.20538302 1.16169184
v -0.47879942 1.20380085 1.23681101
v -0.47740697 1.19283023 1.29866583
v -0.47002939 1.21791155 1.37692172
v -0.47675129 1.20538598 1.46363620
v -0.44905706 1.14395291 1.52720619
v -0.47095959 1.19233174 1.54983854
v -0.47998692 1.21791805 1.62836325
v -0.48136848 1.20717857 1.69009563
v -0.48222866 1.20548559 1.76497848
v -0.48177892 1.20619950 1.83992492
v -0.48146363 1.20659788 1.91475339
v -0.48141220 1.20654311 1.98967591
v -0.48140512 1.20653813 2.06463026
v -0.48147278 1.20698672 2.13983993
v -0.48188275 1.20769370 2.21572366
v -0.48261554 1.20741487 2.29073153
v -0.48085573 1.20841217 2.36306910
v -0.47063096 1.20480874 2.42880325
v -0.44583967 1.18670019 2.47989306
v -0.45148865 1.25023913 -2.50438051
v -0.44923432 1.30749680 -2.48466854
v -0.47487487 1.27630090 -2.44405248
v -0.48334626 1.27829734 -2.36472866
v -0.48167661 1.27978467 -2.28727430
v -0.47987554 1.28008313 -2.21149449
v -0.47957198 1.28002760 -2.13659903
v -0.47988830 1.28043195 -2.06144830
v -0.48039239 1.28123893 -1.98558085
v -0.48095500 1.28173492 -1.90948451
v -0.48133996 1.28048847 -1.83519664
v -0.48061162 1.28049792 -1.76266448
v -0.47955539 1.28022656 -1.68901434
v -0.47950533 1.27883359 -1.61443684
v -0.47983512 1.27988102 -1.53982989
v -0.48000544 1.28121149 -1.46451295
v -0.47958710 1.27935880 -1.38962109
v -0.47911704 1.26792445 -1.32752937
v -0.46961418 1.28190214 -1.26153029
v -0.46727430 1.26886815 -1.18367465
v -0.46716513 1.26649535 -1.10945459
v -0.46747038 1.26716598 -1.03467064
v -0.46760852 1.26766697 -0.95962056
v -0.46757935 1.26768597 -0.88467822
v -0.46748113 1.26759139 -0.80981326
v -0.46739965 1.26754007 -0.73486010
v -0.46740232 1.26752802 -0.65977587
v -0.46749192 1.26756585 -0.58466018
v -0.46756754 1.26763707 -0.50961638
v -0.46746252 1.26744800 -0.43469244
v -0.46728458 1.26680824 -0.35980684
v -0.46794564 1.26768825 -0.28378462
v -0.47069518 1.27884264 -0.19848509
v -0.47890157 1.27796093 -0.11721053
v -0.47976221 1.28044662 -0.03999928
v -0.47768953 1.28088262 0.03698037
v -0.44679793 1.21871929 0.10150305
v -0.47093813 1.26859727 0.12286059
v -0.47890447 1.29050013 0.19712293
v -0.47956984 1.27992533 0.26162901
v -0.47982015 1.27711322 0.33628160
v -0.47973201 1.27757661 0.41143397
v -0.47969463 1.27813423 0.48638968
v -0.47947803 1.27806592 0.56125575
v -0.47872934 1.27765720 0.63665356
v -0.47805633 1.27816609 0.71401383
v -0.47916702 1.27752542 0.79190478
v -0.48136696 1.27818411 0.86671807
v -0.48173001 1.27942121 0.93897771
v -0.48070354 1.27885462 1.01262372
v -0.48023103 1.27963872 1.08784053
v -0.48053662 1.28097987 1.16279206
v -0.47968409 1.28132793 1.23930946
v -0.47004161 1.27325771 1.32546843
v -0.44899768 1.26750659 1.37077907
v -0.44955028 1.26555593 1.39843540
v -0.44995030 1.29348729 1.40554215
v -0.47043818 1.28855591 1.44863285
v -0.47788452 1.27878734 1.53370869
v -0.47939476 1.27769858 1.61158687
v -0.48075479 1.27961261 1.68583167
v -0.48050316 1.27889063 1.75964417
v -0.48001419 1.27937951 1.83489516
v -0.47974823 1.27982828 1.91007773
v -0.47976396 1.27985843 1.98516122
v -0.47982971 1.27984355 2.06014291
v -0.47989247 1.28034907 2.13513860
v -0.48006594 1.28140880 2.21071036
v -0.48019308 1.28035066 2.28636788
v -0.47983387 1.26987607 2.34909475
v -0.46745879 1.28276328 2.41282330
v -0.44483397 1.25851533 2.47296049
v -0.47167614 1.35937852 -2.43092869
v -0.44671284 1.37875287 -2.47910625
v -0.48209704 1.35492174 -2.36334649
v -0.48347000 1.35537606 -2.28597572
v -0.48194851 1.35649713 -2.20988627
v -0.48120597 1.35662834 -2.13483693
v -0.48142827 1.35694922 -2.05973676
v -0.48206610 1.35774187 -1.98410106
v -0.48257280 1.35707351 -1.90963427
v -0.48129647 1.35510904 -1.83760079
v -0.47962641 1.34382648 -1.77702763
v -0.47093774 1.35802323 -1.71037317
v -0.46835558 1.34401533 -1.63218790
v -0.46811452 1.34233216 -1.55818083
v -0.46828936 1.34386693 -1.48376295
v -0.46764321 1.34358557 -1.40817093
v -0.46445664 1.33359069 -1.32834685
v -0.44660795 1.34193677 -1.27018185
v -0.44257729 1.32391405 -1.21233936
v -0.44135582 1.31624268 -1.14010673
v -0.44169877 1.31600950 -1.06553926
v -0.44214979 1.31687621 -0.99048079
v -0.44227547 1.31708552 -0.91563586
v -0.44213386 1.31700329 -0.84096981
v -0.44190512 1.31697996 -0.76611913
v -0.44177788 1.31699324 -0.69093116
v -0.44187154 1.31699190 -0.61561129
v -0.44212910 1.31706922 -0.54040764
v -0.44228282 1.31720008 -0.46533595
v -0.44208236 1.31695285 -0.39024121
v -0.44202232 1.31649328 -0.31509853
v -0.44389957 1.31901419 -0.24120670
v -0.44784883 1.33066744 -0.18187699
v -0.43776627 1.36687525 -0.14297675
v -0.46297734 1.33354447 -0.12951367
v -0.46940532 1.34063982 -0.06026166
v -0.47044929 1.34226815 0.01315591
v -0.46900647 1.34015505 0.08873583
v -0.46894382 1.34042619 0.16459059
v -0.47014066 1.34103151 0.23831673
v -0.47017803 1.33941033 0.31227824
v -0.47010245 1.33968354 0.38760562
v -0.47010361 1.34036183 0.46292379
v -0.46987233 1.34055192 0.53813159
v -0.46906270 1.33998260 0.61369241
v -0.46855023 1.34034385 0.69120531
v -0.47161716 1.35339542 0.77854456
v -0.48193157 1.35398114 0.86160013
v -0.48354325 1.35467609 0.93897025
v -0.48231195 1.35553597 1.01442281
v -0.48146506 1.35604197 1.08969390
v -0.48172359 1.35684159 1.16461133
v -0.48242541 1.35823874 1.23962730
v -0.48022388 1.35699823 1.31723505
v -0.44939769 1.29543795 1.37788582
v -0.47071572 1.34347626 1.39943107
v -0.47597087 1.35517579 1.46055992
v -0.47003218 1.35889364 1.51480241
v -0.46818065 1.34262460 1.59004580
v -0.46797588 1.34059226 1.66441855
v -0.46791745 1.34158165 1.73973609
v -0.46765246 1.34239003 1.81543511
v -0.46759607 1.34286531 1.89112817
v -0.46783191 1.34297649 1.96660397
v -0.46813195 1.34296889 2.04179622
v -0.46834593 1.34339771 2.11671047
v -0.46855504 1.34474072 2.19178265
v -0.46853421 1.34522248 2.26826050
v -0.46646805 1.33659870 2.34977630
v -0.45029531 1.34280283 2.40874171
v -0.44175866 1.31459739 2.45188725
v -0.46769986 1.42181435 -2.43948237
v -0.44584435 1.44986001 -2.47738231
v -0.47329197 1.43934791 -2.37335834
v -0.48080946 1.42858534 -2.29014051
v -0.48145693 1.43015799 -2.21365208
v -0.48078672 1.43103668 -2.13827856
v -0.48077223 1.43116779 -2.06309526
v -0.48142355 1.43177826 -1.98755138
v -0.48144777 1.43045338 -1.91275436
v -0.48037268 1.41814967 -1.85037028
v -0.46720606 1.42463126 -1.77930242
v -0.44934190 1.42075162 -1.71781416
v -0.44504994 1.39996715 -1.66057186
v -0.44359113 1.39257105 -1.58840389
v -0.44358515 1.39289021 -1.51443391
v -0.44356644 1.39412841 -1.43979885
v -0.44181618 1.39049522 -1.36518299
v -0.43700224 1.37832711 -1.30463603
v -0.44226171 1.38554972 -0.08636380
v -0.44461905 1.39266191 -0.01537484
v -0.44443696 1.39289600 0.05807124
v -0.44378082 1.39184325 0.13256854
v -0.44364814 1.39131753 0.20754790
v -0.44368581 1.39121679 0.28274896
v -0.44367053 1.39161842 0.35822726
v -0.44366607 1.39212663 0.43363865
v -0.44336114 1.39248577 0.50884400
v -0.44255075 1.39231321 0.58440559
v -0.44206916 1.39005872 0.65933514
v -0.44437080 1.39127126 0.73236472
v -0.45130972 1.40718690 0.79062620
v -0.44932174 1.44392672 0.80402342
v -0.47176093 1.43388225 0.84901528
v -0.48149265 1.42939941 0.93413797
v -0.48160429 1.42989547 1.01146489
v -0.48067667 1.43044737 1.08687104
v -0.48058930 1.43071491 1.16177920
v -0.48139487 1.43167395 1.23648931
v -0.48194775 1.43314026 1.31145629
v -0.47883716 1.43053572 1.38684528
v -0.47027806 1.41847984 1.46195803
v -0.45060121 1.42406549 1.51584637
v -0.44438738 1.39961617 1.56574782
v -0.44220821 1.39108147 1.63453520
v -0.44221267 1.39120417 1.70897144
v -0.44244535 1.39260842 1.78483196
v -0.44259333 1.39322219 1.86073954
v -0.44284723 1.39331760 1.93626624
v -0.44317813 1.39329482 2.01145641
v -0.44349225 1.39327519 2.08640419
v -0.44388520 1.39420207 2.16115427
v -0.44441750 1.39585137 2.23632153
v -0.44419888 1.39335837 2.31237594
v -0.44152313 1.38027148 2.37517180
v -0.46085694 1.47799399 -2.43522562
v -0.44386062 1.49497474 -2.47061934
v -0.45301723 1.49600169 -2.39608420
v -0.45445867 1.49233603 -2.35121265
v -0.44262895 1.52259058 -2.31897331
v -0.46627453 1.48710290 -2.30072667
v -0.47051390 1.49274818 -2.23109652
v -0.47101907 1.49597295 -2.15682629
v -0.47097136 1.49636766 -2.08165317
v -0.47154244 1.49664633 -2.00609877
v -0.47152284 1.49663961 -1.93019581
v -0.46551987 1.48927888 -1.85067375
v -0.42981063 1.50893794 -1.78914154
v -0.43732544 1.46271609 -1.74722796
v -0.45789657 1.48706893 0.81031555
v -0.43768165 1.47413120 0.77617247
v -0.43618322 1.51488315 0.77302646
v -0.46705175 1.50395719 0.85430479
v -0.47131008 1.49621482 0.91616818
v -0.47181556 1.49524312 0.99283203
v -0.47096602 1.49564579 1.06872236
v -0.47062110 1.49579718 1.14367811
v -0.47094769 1.49610113 1.21847671
v -0.47172318 1.49740059 1.29325829
v -0.47112700 1.49812765 1.36742188
v -0.46453386 1.49281590 1.43693225
v -0.44534507 1.48083151 1.49554252
v -0.43144395 1.52459928 -2.44840474
v -0.44433723 1.53701461 -2.26410122
v -0.44551133 1.54460077 -2.19309490
v -0.44568604 1.54623047 -2.11867596
v -0.44609220 1.54618767 -2.04329385
v -0.44661407 1.54677748 -1.96777801
v -0.44388724 1.54664629 -1.89509999
v -0.43190181 1.54551898 -1.83927676
v -0.44398641 1.53865006 0.81507758
v -0.44721151 1.54614884 0.88047302
v -0.44681623 1.54567941 0.95515981
v -0.44587114 1.54550155 1.03147422
v -0.44546121 1.54559002 1.10672768
v -0.44548675 1.54563928 1.18158647
v -0.44586974 1.54621124 1.25648261
v -0.44621481 1.54718785 1.33149133
v -0.44453012 1.54472721 1.40559034
v -0.43925406 1.53128741 1.46661072
v -0.38926075 -0.06512039 1.84400213
v -0.34668060 -0.09488185 1.81920299
v -0.37265108 -0.06228524 1.79345409
v -0.40770654 -0.06563760 1.91874916
v -0.35460545 -0.11194991 1.88831598
v -0.40676869 -0.05754382 2.00362934
v -0.37144256 -0.11289364 1.96711716
v -0.38679997 -0.05412683 2.05958820
v -0.37010887 -0.10528879 2.03616736
v -0.36193965 -0.07855868 2.08531153
v -0.40750483 0.01523957 1.69265697
v -0.36941368 -0.02508742 1.69482101
v -0.36747281 0.00098148 1.65115894
v -0.40788261 -0.01551593 1.78063761
v -0.37133164 -0.04035342 1.73978082
v -0.42396887 -0.02221724 1.85253046
v -0.40690957 0.01242639 2.06791290
v -0.36927272 -0.02181841 2.10447303
v -0.38642068 0.09243587 1.49023906
v -0.34429878 0.05967791 1.47445288
v -0.36458286 0.10110417 1.44536306
v -0.39194074 0.07600845 1.54652854
v -0.36334592 0.05399260 1.52318734
v -0.40635570 0.06563467 1.60781934
v -0.35618485 0.03150902 1.58333706
v -0.42809979 0.07523020 2.07860198
v -0.37808669 0.02735820 2.13093643
v -0.40968752 0.07135355 2.14269705
v -0.40530619 0.07871867 2.22865894
v -0.37089740 0.04064033 2.19360323
v -0.39685756 0.07753313 2.28105980
v -0.35216494 0.04045786 2.28087426
v -0.36731010 0.07576477 2.32574378
v -0.39527709 0.15153215 1.45459035
v -0.36364046 0.14623498 1.41125038
v -0.41827499 0.13603397 1.53022517
v -0.40223220 0.17726088 2.36545012
v -0.36947827 0.11515059 2.36358085
v -0.35855770 0.15546014 2.40191388
v -0.39367598 0.24469497 1.32797984
v -0.36887505 0.20546750 1.32023002
v -0.36735210 0.22914524 1.27851063
v -0.39562452 0.20901620 1.40002540
v -0.36713421 0.18707093 1.36148436
v -0.42121862 0.21527805 1.46182676
v -0.40930538 0.25199613 2.37638398
v -0.37137536 0.20835661 2.40844742
v -0.38926277 0.32124097 1.17432482
v -0.34561581 0.28506061 1.14076448
v -0.37191124 0.32187833 1.11911692
v -0.39491799 0.28896024 1.25341784
v -0.35358055 0.25902562 1.21003516
v -0.41772956 0.31081402 1.31017331
v -0.42096845 0.27573095 1.38853706
v -0.41819713 0.32971007 2.37519779
v -0.37507750 0.26054864 2.42503945
v -0.38785043 0.31296342 2.42554419
v -0.34608658 0.28554609 2.45868605
v -0.39541337 0.38160140 1.10650404
v -0.37064182 0.34393631 1.08890430
v -0.37013779 0.37553955 1.05154834
v -0.40612233 0.37420882 1.16614486
v -0.41856701 0.36188363 1.23153066
v -0.42450306 0.39607908 2.38224769
v -0.39688872 0.38195001 2.42842507
v -0.35201387 0.35788069 2.47534835
v -0.39148783 0.47181258 0.87750199
v -0.34683763 0.43466983 0.84516279
v -0.37346711 0.46741999 0.81909699
v -0.39202476 0.45173546 0.94878829
v -0.35190206 0.41818640 0.91600931
v -0.40646256 0.44776471 1.02285202
v -0.36707575 0.40735898 0.98958013
v -0.41971838 0.44911315 1.09579590
v -0.42155471 0.42357912 1.16231188
v -0.41318641 0.43525858 2.42665659
v -0.37972975 0.43755533 2.47650620
v -0.38868988 0.55043612 -2.43423722
v -0.34127782 0.50822137 -2.45092919
v -0.37174449 0.53859106 -2.48897733
v -0.35912698 0.51917647 -2.39852894
v -0.38653359 0.55519082 -2.28036087
v -0.34275594 0.50943765 -2.29890994
v -0.37674341 0.53710789 -2.33471430
v -0.35401680 0.52282397 -2.24685238
v -0.39269390 0.54522380 -1.59787546
v -0.33996697 0.50576276 -1.61687724
v -0.37411142 0.53851555 -1.65926903
v -0.39490935 0.53983988 -1.51674065
v -0.35376483 0.50399793 -1.53825656
v -0.39022909 0.54599519 -1.44803210
v -0.35568958 0.50845843 -1.46854474
v -0.35630960 0.52246637 -1.42026101
v -0.39250302 0.54568523 0.05125620
v -0.34120866 0.50493591 0.03052558
v -0.37401402 0.53909802 -0.01008337
v -0.39545503 0.53856724 0.13351271
v -0.35441925 0.50298039 0.11065172
v -0.39585332 0.53824231 0.20928501
v -0.35624877 0.50259208 0.18742178
v -0.39549677 0.53584819 0.28483705
v -0.35520414 0.50373521 0.26350876
v -0.39251669 0.52698184 0.35273400
v -0.35396926 0.50330252 0.33905836
v -0.40580291 0.53473806 0.42027191
v -0.35569646 0.50313197 0.41263855
v -0.40545537 0.52728478 0.50686076
v -0.35597713 0.50194413 0.48677490
v -0.40642486 0.52717196 0.58189819
v -0.35733064 0.49998912 0.56173751
v -0.40577832 0.52712340 0.65419371
v -0.36759465 0.50213173 0.62434178
v -0.40567225 0.52440757 0.72807218
v -0.35593880 0.48928240 0.69017901
v -0.40767027 0.51513660 0.80756610
v -0.36900770 0.48309218 0.76463444
v -0.42106254 0.52421974 0.87246553
v -0.42052561 0.50214660 0.94053574
v -0.40244987 0.55795585 2.51435050
v -0.39125712 0.50000029 2.50075395
v -0.35077253 0.51670306 2.53637050
v -0.39074039 0.58511926 -2.49711212
v -0.35959134 0.55598923 -2.52389381
v -0.35726297 0.60294869 -2.53844056
v -0.41753544 0.60878394 -2.44207711
v -0.37957309 0.54115222 -2.37684765
v -0.40935155 0.58441755 -2.35738988
v -0.41661478 0.61787557 -2.27357684
v -0.37290536 0.55236367 -2.22083429
v -0.39808910 0.60457660 -2.20416365
v -0.39498434 0.61075003 -2.12007932
v -0.36938444 0.56365213 -2.16004108
v -0.39291975 0.60339522 -2.05284393
v -0.36734752 0.56538973 -2.08635551
v -0.40574986 0.61988456 -1.97901951
v -0.36848267 0.56603093 -2.01148134
v -0.39497068 0.60198015 -1.90283451
v -0.36831053 0.56577780 -1.93563192
v -0.40601986 0.60990545 -1.83294479
v -0.36760575 0.56482542 -1.86047879
v -0.40668698 0.59933213 -1.74945803
v -0.36908171 0.56359574 -1.78549480
v -0.40829394 0.58709657 -1.66981698
v -0.37210992 0.55592741 -1.71500683
v -0.42146139 0.59842875 -1.60392612
v -0.42000859 0.58983829 -1.54129320
v -0.41840197 0.58978837 -1.46678013
v -0.37451073 0.55040425 -1.39490945
v -0.40809471 0.59121630 -1.38542127
v -0.40728064 0.60109530 -1.29973639
v -0.37107998 0.56190241 -1.33460328
v -0.40705591 0.60180333 -1.22311432
v -0.36937492 0.56450431 -1.25987796
v -0.40723569 0.60117930 -1.14812327
v -0.36951654 0.56394609 -1.18467628
v -0.40730300 0.60097603 -1.07323164
v -0.36978094 0.56350580 -1.10967425
v -0.40728566 0.60100089 -0.99825038
v -0.36980780 0.56348054 -1.03467907
v -0.40727617 0.60101951 -0.92324543
v -0.36978096 0.56351768 -0.95967590
v -0.40727752 0.60101818 -0.84824423
v -0.36977674 0.56352099 -0.88467596
v -0.40727812 0.60101702 -0.77324459
v -0.36977889 0.56351808 -0.80967659
v -0.40727805 0.60101735 -0.69824429
v -0.36977912 0.56351787 -0.73467670
v -0.40727847 0.60101850 -0.62324263
v -0.36977897 0.56351795 -0.65967672
v -0.40727783 0.60102171 -0.54823988
v -0.36977755 0.56351954 -0.58467608
v -0.40728156 0.60101648 -0.47324063
v -0.36977662 0.56352036 -0.50967496
v -0.40731092 0.60098628 -0.39824693
v -0.36979723 0.56349980 -0.43467812
v -0.40732536 0.60103484 -0.32322106
v -0.36982619 0.56348516 -0.35967527
v -0.40713353 0.60141449 -0.24810434
v -0.36965885 0.56369772 -0.28458491
v -0.40673563 0.60172224 -0.17310148
v -0.36913197 0.56417955 -0.20938620
v -0.40689087 0.59927622 -0.09868997
v -0.36918810 0.56334046 -0.13498946
v -0.40799901 0.58807316 -0.02012080
v -0.37193213 0.55667878 -0.06549922
v -0.42098682 0.59913474 0.04581842
v -0.41939280 0.59051413 0.10818436
v -0.41972856 0.58915405 0.18187766
v -0.42032362 0.58685445 0.25662353
v -0.42221145 0.57331869 0.33745877
v -0.40832005 0.62731986 2.51631739
v -0.35683183 0.58671634 2.54162506
v -0.40712204 0.65304093 -2.50322668
v -0.35810252 0.67324781 -2.54489682
v -0.42410938 0.66560425 -2.21026467
v -0.41800044 0.66446116 -2.14083837
v -0.41902902 0.65394664 -2.06014397
v -0.42462687 0.64939256 -1.90538678
v -0.40885464 0.70278212 2.51597710
v -0.35877591 0.66159291 2.54157421
v -0.41407147 0.72552824 -2.52068793
v -0.37293258 0.75653039 -2.54779526
v -0.40821900 0.77866731 2.51571739
v -0.35856437 0.73735024 2.54103401
v -0.37008176 0.83086758 -2.55424541
v -0.40800714 0.85385314 2.51568270
v -0.35826480 0.81262990 2.54088876
v -0.37062228 0.90437228 -2.55540811
v -0.40803692 0.92880440 2.51565190
v -0.35824461 0.88760553 2.54089030
v -0.37137519 0.97929861 -2.55513633
v -0.40803501 1.00382116 2.51562812
v -0.35825383 0.96258936 2.54084566
v -0.37170711 1.05503022 -2.55470142
v -0.40810137 1.07879677 2.51608124
v -0.35824061 1.03762087 2.54090186
v -0.36812753 1.12993791 -2.55376573
v -0.43191692 1.13454992 -0.09442254
v -0.42691087 1.13378318 -0.03867932
v -0.42270348 1.14177334 0.04103460
v -0.41951602 1.13003383 0.10460582
v -0.42306745 1.13779018 0.17853752
v -0.42681263 1.12944187 0.26147213
v -0.42738051 1.12833387 0.33726896
v -0.42718556 1.12892403 0.41199153
v -0.42710427 1.12930777 0.48684581
v -0.42699969 1.12953572 0.56221676
v -0.42662468 1.12921857 0.63837241
v -0.42700700 1.12697184 0.71230655
v -0.43132116 1.12305636 0.76789083
v -0.43744902 1.12902254 1.53686233
v -0.40844895 1.15330680 2.51720173
v -0.35846330 1.11250703 2.54152932
v -0.35540979 1.19217132 -2.55278863
v -0.42395634 1.17624353 0.11674642
v -0.40870754 1.22722203 2.51573037
v -0.35908817 1.18701582 2.54239238
v -0.42249755 1.27421066 -2.52203810
v -0.36904945 1.26841757 -2.54462458
v -0.43813843 1.28001014 1.38795380
v -0.40780632 1.30564036 2.50049337
v -0.35875925 1.26206370 2.54057474
v -0.41144392 1.33513648 -2.51774402
v -0.35998860 1.35255983 -2.54275171
v -0.41993472 1.38291212 -1.23817554
v -0.41688470 1.36830532 -1.15891359
v -0.41668114 1.36599496 -1.08358347
v -0.41713171 1.36683888 -1.00851943
v -0.41738428 1.36693427 -0.93374402
v -0.41743186 1.36674194 -0.85909770
v -0.41745372 1.36714197 -0.78406364
v -0.41743508 1.36750312 -0.70865582
v -0.41731443 1.36755251 -0.63339707
v -0.41728846 1.36748077 -0.55836756
v -0.41749000 1.36734537 -0.48334409
v -0.41760053 1.36741091 -0.40821995
v -0.41733652 1.36729620 -0.33300581
v -0.41792098 1.36707017 -0.25871240
v -0.42326256 1.36835173 -0.19041591
v -0.42276203 1.36824362 2.43810699
v -0.39274264 1.37576671 2.49441512
v -0.35035078 1.34230075 2.53604161
v -0.40933362 1.41197893 -2.51548189
v -0.35830720 1.43194915 -2.54242479
v -0.41942697 1.45658670 -1.69068935
v -0.41695024 1.44229293 -1.61299970
v -0.41672314 1.44015057 -1.53736442
v -0.41751217 1.44265740 -1.46103538
v -0.41871761 1.44337847 -1.38350194
v -0.41689683 1.43368017 -1.30078593
v -0.40847085 1.44726392 -1.22439771
v -0.40713204 1.43457337 -1.16224161
v -0.40628565 1.42970396 -1.08893854
v -0.40543489 1.43059189 -1.01601113
v -0.40434706 1.43081580 -0.94192196
v -0.40403820 1.42835160 -0.86685736
v -0.40486976 1.42976431 -0.79042894
v -0.40659651 1.43192964 -0.71293741
v -0.40737889 1.43114463 -0.63817783
v -0.40613338 1.43170717 -0.56561721
v -0.40466278 1.43144755 -0.49157645
v -0.40435068 1.42932783 -0.41635311
v -0.40438723 1.42932195 -0.34119201
v -0.40410821 1.42924857 -0.26617797
v -0.40558295 1.42861800 -0.19228525
v -0.41473595 1.42642566 -0.11697280
v -0.41868862 1.44229706 -0.03338424
v -0.42017240 1.44506562 0.04169753
v -0.41962889 1.44464357 0.11595138
v -0.41904271 1.44391550 0.19073243
v -0.41891207 1.44378068 0.26589795
v -0.41900071 1.44426652 0.34126819
v -0.41887226 1.44446887 0.41651550
v -0.41823677 1.44313325 0.49023271
v -0.41671777 1.44443731 0.56444058
v -0.41722513 1.44270896 0.64130095
v -0.42186228 1.42958684 0.70412472
v -0.42978934 1.43657839 0.76079959
v -0.42596282 1.45944203 1.55184728
v -0.41905874 1.44467761 1.61781569
v -0.41817002 1.44235011 1.69088025
v -0.41870303 1.44391614 1.76635510
v -0.41891951 1.44479765 1.84214650
v -0.41874276 1.44340831 1.91620482
v -0.41780303 1.44364414 1.98897242
v -0.41673538 1.44346986 2.06322097
v -0.41669908 1.44172685 2.13824267
v -0.41751974 1.44279843 2.21307530
v -0.41857702 1.44298339 2.28935900
v -0.41698936 1.43150958 2.37320234
v -0.39773308 1.43234312 2.44918669
v -0.37541661 1.43071925 2.49251483
v -0.35916070 1.40169638 2.52010162
v -0.40897122 1.49080245 -2.50602130
v -0.34503453 1.51289267 -2.54103677
v -0.42782190 1.53593281 -2.37627968
v -0.41127128 1.49628786 -1.74107011
v -0.39373745 1.50634292 -1.69985135
v -0.39371356 1.49614730 -1.63693041
v -0.39407220 1.49281512 -1.56093301
v -0.39520279 1.49462248 -1.48373140
v -0.39835166 1.50671764 -1.39820953
v -0.40676328 1.50482350 -1.31730231
v -0.40740755 1.50670368 -1.24081738
v -0.40606982 1.50708299 -1.16605233
v -0.40461167 1.50301943 -1.09217811
v -0.40322689 1.49130445 -1.02981826
v -0.39546294 1.50839289 -0.96198613
v -0.39236334 1.49453375 -0.88349868
v -0.39274833 1.49269881 -0.80727790
v -0.39667539 1.50522218 -0.72139502
v -0.40394206 1.50211248 -0.64112558
v -0.40421908 1.49204760 -0.57907042
v -0.39618340 1.50884369 -0.51161257
v -0.39294238 1.49558768 -0.43326780
v -0.39258859 1.49271856 -0.35838667
v -0.39266911 1.49284998 -0.28323523
v -0.39227238 1.49252341 -0.20827506
v -0.39370757 1.49310129 -0.13261493
v -0.39795648 1.50590237 -0.04729690
v -0.40668457 1.50649067 0.03292642
v -0.40817167 1.50795099 0.10743496
v -0.40764052 1.50783456 0.18212485
v -0.40720921 1.50757463 0.25704331
v -0.40727900 1.50791001 0.33208050
v -0.40710104 1.50815302 0.40718226
v -0.40567260 1.50539875 0.48162511
v -0.40472105 1.49522767 0.54509126
v -0.39770527 1.51748735 0.62300847
v -0.41429139 1.49433897 0.71862458
v -0.41716012 1.52998150 1.52852008
v -0.40875795 1.51056466 1.60701254
v -0.40664651 1.50579425 1.68138344
v -0.40706317 1.50691649 1.75663463
v -0.40735683 1.50824556 1.83224645
v -0.40638461 1.50594199 1.90700092
v -0.40569238 1.49461563 1.96908173
v -0.39673750 1.50988195 2.03674554
v -0.39443519 1.49708134 2.11528783
v -0.39455031 1.49463226 2.18997299
v -0.39611264 1.49579685 2.26522466
v -0.39678842 1.49572340 2.34126087
v -0.38906402 1.49510384 2.41357141
v -0.35590951 1.50071839 2.47875063
v -0.38637862 1.55107490 -2.49896325
v -0.39829619 1.57085526 -2.44005963
v -0.36190262 1.58937473 -2.48506848
v -0.39498861 1.58231265 -2.38113271
v -0.40880095 1.57100765 -2.31162564
v -0.40816650 1.58074183 -2.23249561
v -0.40811594 1.58365224 -2.15804203
v -0.40827503 1.58362209 -2.08306357
v -0.40881739 1.58375847 -2.00747236
v -0.40802434 1.58449424 -1.93270883
v -0.40159968 1.58266334 -1.86424699
v -0.38983975 1.56850238 -1.80701018
v -0.37953893 1.54447481 -1.74605195
v -0.36651460 1.54347108 -1.67240752
v -0.36621102 1.54140471 -1.59674962
v -0.36731987 1.54128197 -1.52033930
v -0.37017577 1.54483887 -1.44568408
v -0.37532631 1.55755260 -1.38599135
v -0.35803051 1.58739389 -1.35845664
v -0.38899403 1.56051051 -1.33228084
v -0.39431419 1.56745362 -1.26186701
v -0.39623890 1.57036289 -1.18613457
v -0.39498861 1.56996395 -1.10961365
v -0.39084503 1.56134438 -1.02785818
v -0.37489098 1.57092709 -0.96832456
v -0.37066251 1.55163907 -0.91368953
v -0.36786861 1.54360707 -0.84335277
v -0.37076110 1.54567639 -0.76949535
v -0.37664666 1.55914115 -0.70981629
v -0.35891439 1.58898820 -0.68309412
v -0.38921848 1.56135873 -0.65450978
v -0.39037524 1.55970686 -0.57756812
v -0.37578896 1.57091039 -0.51815451
v -0.37156581 1.55241966 -0.46353862
v -0.36856710 1.54499317 -0.39341228
v -0.36875201 1.54402242 -0.31876607
v -0.36877772 1.54408808 -0.24357214
v -0.36840220 1.54354653 -0.16853878
v -0.37053731 1.54605462 -0.09461742
v -0.37547701 1.55820883 -0.03526182
v -0.35807530 1.58764968 -0.00816990
v -0.38877966 1.56088331 0.01858347
v -0.39354156 1.56737288 0.08875490
v -0.39494697 1.56935358 0.16383555
v -0.39442117 1.56942862 0.23882002
v -0.39421451 1.56950264 0.31368331
v -0.39416842 1.56993773 0.38856841
v -0.39263890 1.56861523 0.46422251
v -0.38866992 1.56011076 0.54640449
v -0.37483102 1.57162502 0.60429525
v -0.37539062 1.56637805 0.64414714
v -0.35771063 1.58970776 0.66634270
v -0.38764285 1.56110166 0.69253091
v -0.40515733 1.56511855 0.76516251
v -0.40953039 1.58183517 0.84043170
v -0.40942529 1.58398991 0.91541408
v -0.40838955 1.58335135 0.99153624
v -0.40798440 1.58312084 1.06702202
v -0.40796807 1.58311332 1.14197057
v -0.40807478 1.58327720 1.21682221
v -0.40838012 1.58385692 1.29184476
v -0.40850526 1.58330281 1.36838093
v -0.40751140 1.57514393 1.45343894
v -0.39390150 1.58274771 1.52168330
v -0.39474001 1.57179406 1.58747896
v -0.39360036 1.56760224 1.66271010
v -0.39384524 1.56825797 1.73821277
v -0.39430079 1.56984200 1.81356639
v -0.39329971 1.56927106 1.88949319
v -0.38940928 1.56033174 1.97063850
v -0.37342199 1.56940960 2.03053585
v -0.36963530 1.55071613 2.08491761
v -0.36700710 1.54336388 2.15495711
v -0.36794899 1.54276617 2.22967964
v -0.36968115 1.54422307 2.30528054
v -0.36820833 1.54532015 2.37829759
v -0.35793949 1.54430540 2.43567899
v -0.34980426 1.60672262 -2.42785635
v -0.35728230 1.60707240 -2.34626471
v -0.35904637 1.60706824 -2.26992216
v -0.35851240 1.60882665 -2.19475661
v -0.35830317 1.60885111 -2.12005318
v -0.35860723 1.60860814 -2.04482321
v -0.35872884 1.60914928 -1.96923465
v -0.35631527 1.60919684 -1.89490878
v -0.34965356 1.60345690 -1.82555050
v -0.34987677 1.60417492 -1.29970460
v -0.35901536 1.60826232 -1.21849040
v -0.35976764 1.60988284 -1.14229151
v -0.35682065 1.60842506 -1.06673176
v -0.34960310 1.60350610 -0.99601139
v -0.34832039 1.60420436 -0.62410122
v -0.34966730 1.60267615 -0.54698716
v -0.34965801 1.60409544 0.05064095
v -0.35821828 1.60754362 0.13199843
v -0.35888499 1.60839832 0.20801212
v -0.35837220 1.60835309 0.28306849
v -0.35831936 1.60864425 0.35786230
v -0.35770821 1.60885259 0.43260834
v -0.35489616 1.60652670 0.50773931
v -0.35023232 1.60157803 0.57847667
v -0.34826522 1.60346720 0.72242507
v -0.35834614 1.60758591 0.80342433
v -0.35954604 1.60968943 0.87910045
v -0.35863766 1.60898506 0.95466696
v -0.35818584 1.60841869 1.03001175
v -0.35819491 1.60833228 1.10501501
v -0.35823671 1.60836849 1.17989654
v -0.35831942 1.60860510 1.25468824
v -0.35861448 1.60893971 1.32975313
v -0.35895010 1.60818033 1.40645050
v -0.35799071 1.60806975 1.48258611
v -0.35719287 1.60769994 1.55682318
v -0.35755850 1.60652495 1.63191843
v -0.35787479 1.60713772 1.70764547
v -0.35834179 1.60841905 1.78286884
v -0.35818945 1.60921963 1.85785470
v -0.35563084 1.60751595 1.93295556
v -0.34870887 1.60251632 2.00365883
v -0.32683531 -0.15011897 1.93650583
v -0.26761270 -0.17203565 1.90932320
v -0.30651541 -0.14519813 1.87978803
v -0.33403954 -0.15063416 2.00886188
v -0.28278759 -0.17802323 1.98994107
v -0.33220732 -0.13340420 2.08239442
v -0.28677949 -0.17644681 2.06436394
v -0.30907560 -0.12827944 2.13452888
v -0.29242567 -0.16528314 2.11679670
v -0.27260252 -0.14781048 2.15150183
v -0.33083606 -0.05634210 1.69938437
v -0.26833831 -0.09037974 1.69787062
v -0.28953082 -0.05791466 1.65538975
v -0.34432896 -0.07588183 1.76622522
v -0.30221360 -0.09940459 1.76212804
v -0.29291700 -0.12552645 1.82431311
v -0.33008454 -0.06240992 2.14371647
v -0.27338355 -0.09301704 2.17417183
v -0.32282090 -0.01776037 1.62855814
v -0.26815490 -0.03236350 1.60024890
v -0.30573746 0.00282444 1.57810506
v -0.35284943 0.00141076 2.15512550
v -0.28205427 -0.04119444 2.21657108
v -0.32984529 -0.00202028 2.22111376
v -0.31931289 0.00611492 2.28094027
v -0.28213582 -0.01612670 2.28091039
v -0.29118218 0.00645974 2.32498934
v -0.30469279 0.04144431 1.46999262
v -0.31177208 0.08068965 1.42474002
v -0.31306070 0.02767589 1.52173617
v -0.33220639 0.07448210 2.36737847
v -0.29185321 0.03923239 2.36590691
v -0.29724019 0.07773869 2.40338722
v -0.33037938 0.17029301 1.31790821
v -0.27782006 0.13660428 1.31107623
v -0.29183188 0.16827317 1.27549033
v -0.33224050 0.13934463 1.37834308
v -0.28221367 0.10934280 1.36093699
v -0.32653218 0.17696319 2.43811988
v -0.31245317 0.12147932 2.42437694
v -0.27126556 0.13977669 2.45911638
v -0.32611515 0.20928570 1.25090257
v -0.26776774 0.19469828 1.22343029
v -0.30523515 0.22929737 1.20256917
v -0.34431085 0.23241105 2.44257240
v -0.28957000 0.21834571 2.46799501
v -0.34147141 0.31859043 1.08114021
v -0.28418597 0.28069122 1.08155077
v -0.30229698 0.31410768 1.04315742
v -0.28960692 0.25222706 1.15095711
v -0.28768644 0.29463837 2.49030461
v -0.32416748 0.37731851 0.96024229
v -0.27150246 0.35737839 0.92279649
v -0.30447084 0.38500874 0.90862540
v -0.33354059 0.35585854 1.02152315
v -0.28137898 0.33438468 0.98701094
v -0.30295039 0.34984978 2.51058526
v -0.32673279 0.40466941 2.51528886
v -0.27166616 0.36900871 2.53515371
v -0.32420856 0.45405239 0.73743776
v -0.26547983 0.43034276 0.71107810
v -0.30366064 0.45859287 0.68147700
v -0.34349650 0.44972762 0.79262813
v -0.30019818 0.42577983 0.78741747
v -0.29087575 0.40273736 0.85255537
v -0.34749556 0.46292419 2.52030380
v -0.29128014 0.44700120 2.54379473
v -0.33846683 0.52259096 -2.50943604
v -0.28042782 0.50272184 -2.49927845
v -0.31196344 0.54667813 -2.54014626
v -0.28007520 0.48906801 -2.43013555
v -0.35399617 0.51758494 -2.35592262
v -0.30450307 0.49576001 -2.36177767
v -0.28147783 0.49098057 -2.27944847
v -0.33830794 0.52440205 -2.19090919
v -0.29573214 0.49836686 -2.21874778
v -0.33206416 0.52729359 -2.11999925
v -0.28423782 0.50055888 -2.13709104
v -0.33095854 0.52765972 -2.04452822
v -0.28145117 0.50152253 -2.06080896
v -0.33089779 0.52763524 -1.96840860
v -0.28140312 0.50172891 -1.98475657
v -0.33005456 0.52810215 -1.89266120
v -0.28122218 0.50215456 -1.90934701
v -0.32934112 0.52853914 -1.81735066
v -0.28043968 0.50301993 -1.83428892
v -0.33223475 0.52669837 -1.74387396
v -0.28112535 0.50327185 -1.75850265
v -0.34377229 0.52192474 -1.68529541
v -0.29056198 0.50070533 -1.67640996
v -0.27696346 0.49238197 -1.59920138
v -0.28979275 0.49094777 -1.53832067
v -0.29409038 0.49164156 -1.46644943
v -0.33713380 0.52604585 -1.36502247
v -0.29789244 0.49981135 -1.39392590
v -0.33047364 0.52869019 -1.29437830
v -0.28328679 0.50236252 -1.31221341
v -0.32991429 0.52833280 -1.21997386
v -0.28113702 0.50209136 -1.23768257
v -0.33046785 0.52770234 -1.14500088
v -0.28183623 0.50113863 -1.16314096
v -0.33066309 0.52760203 -1.06994885
v -0.28233178 0.50082015 -1.08820273
v -0.33063612 0.52766847 -0.99491836
v -0.28238330 0.50089384 -1.01315000
v -0.33061376 0.52768735 -0.91991564
v -0.28234297 0.50095449 -0.93812510
v -0.33061471 0.52768212 -0.84491844
v -0.28233395 0.50095518 -0.86312537
v -0.33061630 0.52768055 -0.76991898
v -0.28233631 0.50095008 -0.78812766
v -0.33061632 0.52768076 -0.69491889
v -0.28233684 0.50094990 -0.71312781
v -0.33061566 0.52768106 -0.61991903
v -0.28233664 0.50095001 -0.63812775
v -0.33061317 0.52768310 -0.54491861
v -0.28233515 0.50095092 -0.56312779
v -0.33062143 0.52767686 -0.46991859
v -0.28233581 0.50095225 -0.48812611
v -0.33065545 0.52764696 -0.39492700
v -0.28235907 0.50093847 -0.41312595
v -0.33058385 0.52769323 -0.31992572
v -0.28236993 0.50091695 -0.33814992
v -0.33011799 0.52803776 -0.24479898
v -0.28213197 0.50102945 -0.26319553
v -0.32980728 0.52826186 -0.16955732
v -0.28163398 0.50136253 -0.18807419
v -0.33287603 0.52632284 -0.09587596
v -0.28286267 0.50116153 -0.11195792
v -0.34431699 0.52175966 -0.03693992
v -0.29280035 0.49851258 -0.02967365
v -0.27991524 0.48973210 0.04702345
v -0.29153343 0.48939954 0.10908677
v -0.29398588 0.48960178 0.18424045
v -0.29409090 0.49061098 0.25885039
v -0.29223690 0.49061403 0.33228592
v -0.29361015 0.48945354 0.40651538
v -0.30536542 0.48934318 0.46925147
v -0.29044040 0.48009194 0.53758813
v -0.31059114 0.47674347 0.62162154
v -0.29184765 0.52739437 2.55144842
v -0.29454547 0.60364008 -2.55559650
v -0.29340693 0.60352752 2.55172065
v -0.29098931 0.67789568 -2.55681561
v -0.29346234 0.67906702 2.55097760
v -0.29315817 0.75469407 -2.55523177
v -0.29315871 0.75424374 2.55072486
v -0.29434791 0.82951779 -2.55458354
v -0.29307785 0.82922513 2.55073264
v -0.29506724 0.90418115 -2.55419205
v -0.29309965 0.90419795 2.55073198
v -0.29569863 0.97948876 -2.55409755
v -0.29307649 0.97921284 2.55067836
v -0.29601626 1.05528570 -2.55409385
v -0.29310881 1.05423200 2.55077896
v -0.29438870 1.12982386 -2.55395351
v -0.29352451 1.12919825 2.55133998
v -0.29397646 1.20431423 -2.55303285
v -0.29421492 1.20413550 2.55195942
v -0.29425158 1.28103542 -2.55229373
v -0.29274924 1.27828642 2.55162934
v -0.29399877 1.35827795 -2.55301566
v -0.28239889 1.34039385 2.55104786
v -0.29280049 1.43433574 -2.55455123
v -0.33807550 1.45730530 2.51738272
v -0.29837388 1.40942963 2.54288389
v -0.28105775 1.49648115 -2.55564339
v -0.32360616 1.50430514 2.51585236
v -0.27778680 1.49435199 2.53875498
v -0.34141741 1.57396927 -2.52231277
v -0.28175092 1.56432735 -2.54176772
v -0.34666260 1.58694198 -1.77144083
v -0.33255973 1.58281975 -1.70995528
v -0.32959022 1.58130841 -1.63423447
v -0.33054739 1.58084293 -1.55819687
v -0.33232861 1.58103112 -1.48329743
v -0.33968974 1.58389258 -1.41298189
v -0.34621103 1.58961281 -0.94145266
v -0.33352282 1.58400790 -0.88206947
v -0.33199300 1.58143649 -0.80827921
v -0.34019576 1.58467087 -0.73794528
v -0.34732553 1.58992168 -0.49150780
v -0.33472023 1.58501035 -0.43218815
v -0.33190300 1.58268303 -0.35798581
v -0.33234343 1.58275117 -0.28277586
v -0.33217093 1.58247040 -0.20763269
v -0.33286729 1.58205166 -0.13306367
v -0.33987602 1.58440054 -0.06281816
v -0.35296244 1.59097914 0.62695816
v -0.34545386 1.58868655 2.05816712
v -0.33333950 1.58382287 2.11739245
v -0.33099146 1.58147539 2.19156780
v -0.33242341 1.58219317 2.26736930
v -0.33283312 1.58402715 2.34344516
v -0.32776778 1.58378155 2.41464829
v -0.31592256 1.57038038 2.47129616
v -0.29700556 1.54500777 2.51328074
v -0.30030954 1.60703056 -2.49149632
v -0.28271125 1.62032368 -2.42831450
v -0.29270948 1.61957639 -2.36480832
v -0.29434256 1.61883075 -2.28870931
v -0.29368945 1.61874689 -2.21317319
v -0.29313940 1.61861782 -2.13833771
v -0.29315478 1.61829855 -2.06342006
v -0.29345087 1.61845876 -1.98815210
v -0.29310255 1.61907945 -1.91267755
v -0.29120267 1.61814001 -1.83712910
v -0.29237063 1.61055059 -1.75665333
v -0.28187955 1.60833386 -1.67088429
v -0.28162813 1.60791153 -1.59442280
v -0.28232666 1.60764840 -1.51942575
v -0.28529529 1.60784958 -1.44465098
v -0.29831413 1.61039525 -1.36601857
v -0.28262111 1.61891911 -1.29912094
v -0.29442612 1.62011896 -1.23689103
v -0.29695171 1.62147799 -1.16211035
v -0.29601338 1.62188904 -1.08689132
v -0.29354076 1.62002406 -1.01180540
v -0.29403453 1.61141545 -0.93121924
v -0.28231866 1.60773436 -0.84591967
v -0.28453994 1.60760127 -0.76976978
v -0.29844447 1.61108155 -0.69123587
v -0.28242669 1.61982291 -0.62453664
v -0.29216734 1.61916707 -0.56212998
v -0.29524462 1.61165104 -0.48160118
v -0.28345619 1.60858983 -0.39610541
v -0.28252005 1.60817852 -0.31976606
v -0.28282863 1.60831872 -0.24474086
v -0.28264804 1.60789771 -0.16974889
v -0.28528675 1.60790795 -0.09480436
v -0.29831583 1.61039678 -0.01604440
v -0.28264212 1.61891373 0.05087978
v -0.29428905 1.61999590 0.11324268
v -0.29653208 1.62083809 0.18819469
v -0.29602924 1.62081385 0.26357476
v -0.29573504 1.62080270 0.33855724
v -0.29567948 1.62120670 0.41331070
v -0.29483749 1.62122425 0.48800061
v -0.29416941 1.61905776 0.56356793
v -0.30511566 1.61236342 0.64803208
v -0.28118991 1.61857862 0.72428092
v -0.29176762 1.61903657 0.78712610
v -0.29419422 1.61948768 0.86137782
v -0.29360280 1.61890384 0.93656529
v -0.29306872 1.61831072 1.01168547
v -0.29303752 1.61817183 1.08666181
v -0.29309426 1.61818923 1.16161229
v -0.29308751 1.61823999 1.23650047
v -0.29315093 1.61842890 1.31124888
v -0.29346236 1.61863578 1.38614972
v -0.29399550 1.61879295 1.46145123
v -0.29458914 1.61902767 1.53699682
v -0.29510888 1.61937809 1.61269608
v -0.29544472 1.61994917 1.68832295
v -0.29570872 1.62063578 1.76355186
v -0.29594037 1.62131074 1.83844056
v -0.29543535 1.62162419 1.91322516
v -0.29340880 1.61981626 1.98825955
v -0.29426660 1.61133738 2.06878166
v -0.28302609 1.60815227 2.15384649
v -0.28268875 1.60789524 2.23042005
v -0.28375124 1.60964668 2.30718380
v -0.28218413 1.61179784 2.38442484
v -0.27527384 1.60762898 2.45467232
v -0.26516726 -0.15374933 1.84818018
v -0.20298800 -0.17219669 1.84054242
v -0.23560268 -0.14593306 1.80385449
v -0.20416577 -0.18374095 1.92067532
v -0.21651303 -0.18695010 1.98517532
v -0.21959269 -0.18911520 2.06178228
v -0.22934101 -0.17734966 2.13250808
v -0.22295036 -0.13775891 2.17875947
v -0.20119755 -0.09943493 1.66838698
v -0.23852262 -0.07068777 1.64370076
v -0.22373316 -0.12309759 1.74338006
v -0.22137841 -0.09215836 2.19794146
v -0.25859194 0.01754345 1.47201299
v -0.19119655 -0.01539406 1.47133419
v -0.21282367 0.01582647 1.42626028
v -0.27130162 -0.00267530 1.54292908
v -0.22354430 -0.02471480 1.53480012
v -0.20462571 -0.05247220 1.58872017
v -0.23805860 -0.05961856 2.21434033
v -0.22034855 -0.04284056 2.27758723
v -0.25446564 0.00470111 2.36399869
v -0.23185609 -0.01717260 2.34189617
v -0.20582295 0.00590339 2.39535614
v -0.24902950 0.05642805 1.40029013
v -0.19031858 0.04401317 1.37415706
v -0.23012829 0.08057036 1.35311831
v -0.26184505 0.09042940 2.44246207
v -0.23381990 0.05090010 2.42591237
v -0.21209133 0.08642072 2.46023991
v -0.24077589 0.11071021 1.32154682
v -0.23581986 0.14409248 1.27216358
v -0.21196497 0.14912270 2.47524946
v -0.26279422 0.22458439 1.17499422
v -0.21120866 0.20854299 1.17131064
v -0.22827209 0.23435547 1.13974349
v -0.19948121 0.17442506 1.21523768
v -0.20983794 0.22467177 2.48911459
v -0.26269256 0.30001598 1.02335913
v -0.20159662 0.27805204 1.01828583
v -0.23172076 0.30688929 0.97995765
v -0.21883169 0.25536029 1.09655709
v -0.22630372 0.28151687 2.50936941
v -0.26127481 0.32011819 2.51863523
v -0.21249558 0.31542390 2.53307853
v -0.26299048 0.37510205 0.87649937
v -0.20717778 0.35497901 0.85577135
v -0.23231276 0.38161715 0.83242355
v -0.21401074 0.32721281 0.92231402
v -0.21341628 0.37742976 2.54895800
v -0.24945552 0.45316003 0.58787467
v -0.18922362 0.43201435 0.55967214
v -0.22952969 0.45769560 0.52944131
v -0.26705337 0.44832500 0.64753826
v -0.21284465 0.42631752 0.64505590
v -0.21246955 0.41525898 0.70687413
v -0.22216384 0.40267373 0.77009778
v -0.21790542 0.45463312 2.55344263
v -0.19713437 0.49876496 -2.50626423
v -0.24098149 0.53867220 -2.54449866
v -0.21597203 0.48651387 -2.44136402
v -0.22136480 0.48678231 -2.36611098
v -0.22056185 0.48826898 -2.28927328
v -0.21856577 0.48904858 -2.21457960
v -0.21781047 0.49075784 -2.14017826
v -0.21557433 0.49171372 -2.06359175
v -0.21672338 0.49196251 -1.98902456
v -0.21693512 0.49119101 -1.91633245
v -0.21694394 0.49055726 -1.84268024
v -0.21809601 0.49107200 -1.76794929
v -0.21879118 0.49132016 -1.69220286
v -0.21841022 0.49028541 -1.61552166
v -0.21897702 0.48883135 -1.54117520
v -0.22138093 0.48800331 -1.46797374
v -0.22117333 0.48889741 -1.39281361
v -0.21867807 0.49133641 -1.31607589
v -0.21694868 0.49218520 -1.24029680
v -0.21734522 0.49106455 -1.16604950
v -0.21797138 0.49017230 -1.09149683
v -0.21817158 0.49002735 -1.01657148
v -0.21815992 0.49011187 -0.94154082
v -0.21814075 0.49014255 -0.86652494
v -0.21813995 0.49013810 -0.79152504
v -0.21814095 0.49013567 -0.71652631
v -0.21814098 0.49013579 -0.64152632
v -0.21814108 0.49013594 -0.56652650
v -0.21814067 0.49013790 -0.49152643
v -0.21814870 0.49013794 -0.41652272
v -0.21817697 0.49012088 -0.34152433
v -0.21813224 0.49011580 -0.26658063
v -0.21780762 0.49024671 -0.19172620
v -0.21755129 0.49049284 -0.11672109
v -0.21891344 0.49035368 -0.04055949
v -0.21919065 0.48931555 0.03619711
v -0.21890094 0.48897576 0.11128407
v -0.21899077 0.48974142 0.18637994
v -0.22003042 0.48924684 0.26073070
v -0.23124158 0.48790190 0.32072558
v -0.21530178 0.47931679 0.38864401
v -0.23848708 0.47388634 0.47021335
v -0.21922352 0.53188110 2.55293885
v -0.21967407 0.60106559 -2.55755603
v -0.21929901 0.60744075 2.55173990
v -0.21430225 0.67640365 -2.55627047
v -0.21897604 0.68240378 2.55138723
v -0.21550326 0.75347996 -2.55304550
v -0.21881866 0.75728491 2.55143775
v -0.21704747 0.82922191 -2.55158080
v -0.21881721 0.83222887 2.55148807
v -0.21765677 0.90428964 -2.55138308
v -0.21881921 0.90722429 2.55146614
v -0.21805503 0.97954401 -2.55158274
v -0.21878540 0.98223294 2.55141306
v -0.21839305 1.05511866 -2.55183149
v -0.21887455 1.05727116 2.55148082
v -0.21843398 1.13066099 -2.55207395
v -0.21934168 1.13247147 2.55182044
v -0.21843894 1.20599823 -2.55235569
v -0.21989423 1.20782969 2.55225314
v -0.21899691 1.28129146 -2.55285413
v -0.21930591 1.28189030 2.55245475
v -0.22047680 1.35706355 -2.55391290
v -0.22042914 1.35539156 2.55179693
v -0.22133881 1.43253586 -2.55586763
v -0.21835912 1.43092712 2.55133672
v -0.21963463 1.50702261 -2.55597278
v -0.20507256 1.49480720 2.55152422
v -0.19906445 1.57166377 -2.54427926
v -0.26622968 1.58878938 2.50275704
v -0.22294197 1.55748420 2.53727132
v -0.22122875 1.60880951 -2.50586229
v -0.22163620 1.62119973 -2.44186430
v -0.21941815 1.62137729 -2.36832310
v -0.21999389 1.61985061 -2.29265088
v -0.21948910 1.61931817 -2.21665562
v -0.21891689 1.61915326 -2.14150798
v -0.21876604 1.61896509 -2.06660716
v -0.21891903 1.61892617 -1.99162314
v -0.21908666 1.61928458 -1.91651627
v -0.21880648 1.61978215 -1.84128344
v -0.21836140 1.61925515 -1.76538658
v -0.21743216 1.61832334 -1.68853442
v -0.21700940 1.61819522 -1.61254286
v -0.21739493 1.61819821 -1.53788541
v -0.21759302 1.61793271 -1.46320243
v -0.21952214 1.61796055 -1.38799904
v -0.21968695 1.61906988 -1.31385647
v -0.21946042 1.62008085 -1.24118423
v -0.22089962 1.62032136 -1.16708047
v -0.22067414 1.62064855 -1.09170640
v -0.21992013 1.62083913 -1.01668927
v -0.21916337 1.61975557 -0.94103893
v -0.21736686 1.61807865 -0.86408821
v -0.21644552 1.61739917 -0.78788260
v -0.21922044 1.61788680 -0.71284342
v -0.21995323 1.61961986 -0.63907276
v -0.21943846 1.62090039 -0.56659986
v -0.22016474 1.61993550 -0.49177595
v -0.21845765 1.61835589 -0.41432306
v -0.21725028 1.61795372 -0.33792753
v -0.21770773 1.61818860 -0.26309514
v -0.21763015 1.61817128 -0.18831394
v -0.21750712 1.61782543 -0.11335596
v -0.21945731 1.61787571 -0.03804899
v -0.21970882 1.61905933 0.03609888
v -0.21950493 1.62013519 0.10877496
v -0.22083233 1.62028087 0.18293625
v -0.22046145 1.62017442 0.25847497
v -0.22000644 1.62002493 0.33369368
v -0.21997536 1.62013501 0.40863200
v -0.21986205 1.62052142 0.48338081
v -0.21945322 1.62055937 0.55817865
v -0.22035302 1.61938590 0.63437297
v -0.21911729 1.61901636 0.71068025
v -0.21813881 1.61972953 0.78445909
v -0.21964497 1.61972124 0.85818531
v -0.21938587 1.61935632 0.93334721
v -0.21887680 1.61899411 1.00847919
v -0.21877134 1.61889869 1.08345867
v -0.21882483 1.61892882 1.15843219
v -0.21883039 1.61893849 1.23342939
v -0.21880105 1.61896250 1.30835122
v -0.21883359 1.61905441 1.38315378
v -0.21903222 1.61917995 1.45797824
v -0.21938900 1.61932018 1.53301835
v -0.21973265 1.61953104 1.60828756
v -0.21990709 1.61980368 1.68358354
v -0.21996227 1.62001303 1.75871305
v -0.22007674 1.62019642 1.83366654
v -0.22020101 1.62058552 1.90850823
v -0.21992389 1.62087856 1.98334747
v -0.21940237 1.61980482 2.05898170
v -0.21803906 1.61815233 2.13573822
v -0.21731591 1.61779028 2.21190917
v -0.21827728 1.61917847 2.28803652
v -0.21851718 1.62210981 2.36611697
v -0.21648126 1.62205226 2.44219639
v -0.21361836 1.60629417 2.50363140
v -0.19057199 -0.15277898 1.77126609
v -0.12714247 -0.17224898 1.76482576
v -0.15797210 -0.14537561 1.72539721
v -0.13025546 -0.18291087 1.84502562
v -0.14320078 -0.18453518 1.91004025
v -0.14398690 -0.18719838 1.98568182
v -0.14315151 -0.18989749 2.06245710
v -0.14715626 -0.18764164 2.13566906
v -0.17426723 -0.11898968 2.22852683
v -0.15943436 -0.16674246 2.19156562
v -0.11396671 -0.14658864 2.24539521
v -0.18728851 -0.07791247 1.62056299
v -0.13208389 -0.09666615 1.60649570
v -0.15529620 -0.06983416 1.57763791
v -0.13896359 -0.12502694 1.67177175
v -0.20140822 -0.07355489 2.23390735
v -0.12672981 -0.10888802 2.28882577
v -0.16763855 -0.07660078 2.28683421
v -0.12710823 -0.07872585 2.33198058
v -0.13000874 -0.02196111 1.45980839
v -0.15890000 0.00449154 1.42243960
v -0.14403841 -0.04635130 1.52003707
v -0.14622457 -0.04220456 2.36282177
v -0.13582220 -0.00564922 2.41766635
v -0.19223010 0.09119709 1.30869148
v -0.12716760 0.05513127 1.32688220
v -0.14350118 0.09201225 1.27489937
v -0.12991457 0.02620846 1.38381408
v -0.16660813 0.03411793 2.44147091
v -0.13603698 0.07280498 2.46922214
v -0.17587167 0.13143986 1.24931523
v -0.11904795 0.12003378 1.23582714
v -0.14550355 0.15630590 1.20969188
v -0.13493984 0.14854627 2.48862512
v -0.13429546 0.19364335 1.16907170
v -0.16605328 0.23052118 1.12601460
v -0.14339242 0.20832158 2.49972338
v -0.18866842 0.29864796 0.94869410
v -0.12536886 0.27967722 0.94213405
v -0.15736391 0.30555766 0.90130601
v -0.12495434 0.26742644 1.02098578
v -0.14327150 0.25524004 1.07566817
v -0.16913640 0.25952180 2.51447560
v -0.13864805 0.29762791 2.54116519
v -0.18682524 0.37480612 0.79815100
v -0.13032733 0.35492093 0.78175552
v -0.15494338 0.38214284 0.75220947
v -0.13891838 0.32576851 0.84731705
v -0.13992689 0.37728696 2.55283284
v -0.17413290 0.45320175 0.43814743
v -0.11381572 0.43466264 0.42497847
v -0.14643288 0.46005925 0.38807557
v -0.19262868 0.44822940 0.49458433
v -0.13721524 0.42709804 0.49689668
v -0.12786046 0.41734064 0.56966756
v -0.15112132 0.41607851 0.61982327
v -0.14836678 0.40242120 0.69279984
v -0.14193452 0.45478323 2.55254541
v -0.12014237 0.49879558 -2.50637536
v -0.16355156 0.53641104 -2.54462531
v -0.14016696 0.48694491 -2.44313093
v -0.14532239 0.48726498 -2.36761443
v -0.14443823 0.48926512 -2.29032527
v -0.14282282 0.49015473 -2.21417896
v -0.14157738 0.49078455 -2.13856927
v -0.14184718 0.49130560 -2.06404474
v -0.14367338 0.48999677 -1.99159188
v -0.15523662 0.48827891 -1.93071406
v -0.14085501 0.47953034 -1.86415920
v -0.15468345 0.47757348 -1.78587475
v -0.15635979 0.47799155 -1.71161437
v -0.15554762 0.47860740 -1.63677822
v -0.15524539 0.47876204 -1.56135045
v -0.15567347 0.47828328 -1.48575234
v -0.15517768 0.47785978 -1.40892056
v -0.14415700 0.47968828 -1.32139563
v -0.14501543 0.48904962 -1.23928954
v -0.14398570 0.49107183 -1.16384597
v -0.14388204 0.49005302 -1.08939136
v -0.14397743 0.48934209 -1.01474573
v -0.14401980 0.48926975 -0.93982139
v -0.14402052 0.48932829 -0.86480410
v -0.14401812 0.48934085 -0.78979286
v -0.14401797 0.48933711 -0.71479296
v -0.14401813 0.48933621 -0.63979372
v -0.14401944 0.48933649 -0.56479385
v -0.14402060 0.48933772 -0.48979486
v -0.14401866 0.48934008 -0.41479481
v -0.14402290 0.48933533 -0.33978746
v -0.14403151 0.48931292 -0.26478633
v -0.14394296 0.48930297 -0.18986225
v -0.14367344 0.48937424 -0.11508594
v -0.14357161 0.48956035 -0.04028254
v -0.14374277 0.49001004 0.03499589
v -0.14330380 0.49115514 0.11104965
v -0.14150251 0.49248382 0.18741246
v -0.14104897 0.49066869 0.26178792
v -0.15278753 0.48094229 0.33411122
v -0.14263140 0.53083071 2.55052733
v -0.14321261 0.60001711 -2.55568877
v -0.14259332 0.60599211 2.54977629
v -0.13823386 0.67589328 -2.55423463
v -0.14244892 0.68086243 2.54983855
v -0.13961094 0.75339544 -2.55139053
v -0.14238110 0.75572905 2.54997671
v -0.14119024 0.82937378 -2.55031667
v -0.14235880 0.83066453 2.55001862
v -0.14166196 0.90439143 -2.55035831
v -0.14233037 0.90563897 2.54999980
v -0.14176107 0.97939562 -2.55060379
v -0.14229713 0.98062368 2.54995537
v -0.14187936 1.05461958 -2.55081568
v -0.14238150 1.05568704 2.54996023
v -0.14192431 1.12977494 -2.55103580
v -0.14270544 1.13101027 2.55009372
v -0.14203523 1.20466492 -2.55122558
v -0.14313645 1.20658627 2.55033812
v -0.14272893 1.27969138 -2.55145341
v -0.14376280 1.28230691 2.55066165
v -0.14452682 1.35571567 -2.55237773
v -0.14413321 1.35859620 2.55145640
v -0.14708413 1.43316531 -2.55462681
v -0.14258450 1.43448302 2.55320144
v -0.14482937 1.50894612 -2.55528658
v -0.14285690 1.50825615 2.55275959
v -0.12305611 1.57229873 -2.54370325
v -0.14358722 1.57258439 2.54044581
v -0.14449352 1.60977180 -2.50679453
v -0.14654292 1.62120030 -2.44383528
v -0.14416593 1.62054735 -2.36851937
v -0.14304601 1.61835265 -2.29123175
v -0.14271051 1.61753295 -2.21500232
v -0.14240341 1.61746291 -2.13970270
v -0.14227635 1.61745545 -2.06474144
v -0.14231216 1.61741977 -1.98979180
v -0.14242217 1.61748807 -1.91483290
v -0.14251670 1.61778089 -1.83991526
v -0.14254484 1.61818466 -1.76505999
v -0.14267027 1.61850141 -1.69027950
v -0.14308603 1.61876925 -1.61566791
v -0.14349929 1.61897834 -1.54118421
v -0.14342015 1.61894695 -1.46655620
v -0.14322595 1.61866755 -1.39164346
v -0.14324352 1.61834302 -1.31656696
v -0.14319125 1.61804970 -1.24136715
v -0.14307737 1.61775482 -1.16587199
v -0.14284380 1.61762547 -1.09029514
v -0.14259852 1.61783974 -1.01512948
v -0.14256285 1.61820840 -0.94033239
v -0.14253154 1.61843916 -0.86555923
v -0.14247472 1.61850898 -0.79083737
v -0.14281644 1.61846121 -0.71622916
v -0.14332827 1.61839688 -0.64151265
v -0.14345945 1.61845917 -0.56655990
v -0.14334955 1.61852845 -0.49129584
v -0.14310010 1.61851439 -0.41588665
v -0.14306753 1.61861563 -0.34083869
v -0.14349051 1.61886027 -0.26620367
v -0.14371054 1.61900350 -0.19153136
v -0.14339647 1.61889891 -0.11664650
v -0.14317173 1.61861425 -0.04163832
v -0.14323850 1.61832165 0.03342778
v -0.14322150 1.61807256 0.10860223
v -0.14310680 1.61781960 0.18408185
v -0.14278918 1.61760649 0.25969012
v -0.14241283 1.61747469 0.33501355
v -0.14232115 1.61743509 0.41006122
v -0.14235733 1.61756123 0.48498476
v -0.14225283 1.61783548 0.55975934
v -0.14220284 1.61796828 0.63453966
v -0.14235035 1.61788400 0.70952098
v -0.14258638 1.61782900 0.78456196
v -0.14284913 1.61775779 0.85968276
v -0.14275913 1.61758271 0.93498374
v -0.14242626 1.61744566 1.01021185
v -0.14230534 1.61742784 1.08524699
v -0.14233550 1.61746782 1.16022961
v -0.14235665 1.61748371 1.23523974
v -0.14234208 1.61747351 1.31025902
v -0.14231348 1.61747153 1.38523447
v -0.14230163 1.61748686 1.46014973
v -0.14233587 1.61750370 1.53506387
v -0.14239418 1.61752457 1.61004242
v -0.14241515 1.61755619 1.68506632
v -0.14238135 1.61755409 1.76007463
v -0.14236094 1.61750333 1.83505388
v -0.14243372 1.61755870 1.91000603
v -0.14254859 1.61787403 1.98487509
v -0.14261706 1.61821444 2.05962178
v -0.14268885 1.61827718 2.13426310
v -0.14298992 1.61841855 2.20892251
v -0.14362944 1.61963064 2.28446242
v -0.14419712 1.62244557 2.36189774
v -0.14402704 1.62356216 2.43831657
v -0.14311446 1.61176063 2.50259259
v -0.11180971 -0.15280767 1.69595731
v -0.05456013 -0.16997737 1.70366988
v -0.07699518 -0.14456622 1.65837188
v -0.05366824 -0.18411998 1.77028587
v -0.06771421 -0.18525510 1.83299075
v -0.07006039 -0.18530246 1.90866619
v -0.06866290 -0.18563860 1.98556803
v -0.06573330 -0.18761963 2.06376418
v -0.06875308 -0.18765265 2.13852415
v -0.08607832 -0.17631410 2.20093932
v -0.04565823 -0.15078892 2.25284685
v -0.11112238 -0.07655216 1.54840927
v -0.05302363 -0.09512734 1.55546779
v -0.07486983 -0.06696509 1.51118910
v -0.06733271 -0.12131155 1.61831506
v -0.07639644 -0.12400869 2.28897924
v -0.10425775 -0.07071321 2.36097801
v -0.07676033 -0.09315740 2.33689564
v -0.06715833 -0.06249050 2.37930066
v -0.06112720 -0.03501886 1.46839619
v -0.09091981 0.00036492 1.42119611
v -0.11000701 0.01285799 2.44650481
v -0.07038142 -0.02674536 2.42052921
v -0.06028983 0.01512005 2.46045649
v -0.04728328 0.05054478 1.32027231
v -0.08607661 0.08089700 1.27348867
v -0.06787162 0.02794623 1.37419754
v -0.05261442 0.08550708 2.48467967
v -0.05038725 0.11462489 1.23285555
v -0.08441860 0.15472122 1.19813997
v -0.07563026 0.13787132 2.50592610
v -0.09826036 0.18069237 2.51336904
v -0.04768088 0.17485851 2.52623482
v -0.04772415 0.19325810 1.16099410
v -0.08909307 0.22918236 1.12142064
v -0.11884341 0.23179712 2.52061005
v -0.07435871 0.23037816 2.53730017
v -0.11244661 0.29775763 0.87098389
v -0.05462619 0.28108386 0.87942679
v -0.07767006 0.30549190 0.83276851
v -0.05154278 0.26857180 0.94765261
v -0.06333341 0.26604067 1.00880931
v -0.06878927 0.25501524 1.07252783
v -0.06498144 0.30052944 2.55032766
v -0.10843530 0.37519417 0.72327298
v -0.05061128 0.35649480 0.73124709
v -0.07545109 0.38379887 0.68611160
v -0.06669193 0.32906529 0.79273805
v -0.06414511 0.37684203 2.55301116
v -0.09777075 0.45269848 -1.81401755
v -0.03599608 0.42880473 -1.83872553
v -0.07689932 0.45705653 -1.87168142
v -0.10512637 0.45198326 -1.74152813
v -0.05224042 0.42516216 -1.76083015
v -0.10479765 0.45259571 -1.66722419
v -0.05425097 0.42540238 -1.68514011
v -0.10363292 0.45304094 -1.59230172
v -0.05285585 0.42585134 -1.60995467
v -0.10317911 0.45285818 -1.51659664
v -0.05157189 0.42569005 -1.53446993
v -0.10345803 0.45228165 -1.44024449
v -0.05140481 0.42500516 -1.45815299
v -0.10208121 0.45331556 -1.36456827
v -0.05379462 0.42551877 -1.38357639
v -0.09048173 0.45737790 -1.30192169
v -0.05481040 0.43240122 -1.31572826
v -0.05399650 0.44900690 -1.26676992
v -0.04428813 0.42764191 0.42001688
v -0.08666223 0.45480257 0.37392566
v -0.06356579 0.41759965 0.48427041
v -0.06735397 0.41411846 0.55932188
v -0.07890591 0.40490395 0.63289305
v -0.06542433 0.45299527 2.55089297
v -0.04514136 0.49931355 -2.50587266
v -0.08780370 0.53651116 -2.54350012
v -0.06490871 0.48777437 -2.44260784
v -0.06980185 0.48841844 -2.36707697
v -0.06854269 0.49073966 -2.28976493
v -0.06683098 0.49188080 -2.21374928
v -0.06555219 0.49252250 -2.13826786
v -0.06605568 0.49200153 -2.06303524
v -0.07875736 0.48997934 -2.00172586
v -0.07398974 0.47771088 -1.93086472
v -0.07580698 0.47579859 -1.23966785
v -0.06970129 0.49032832 -1.16367434
v -0.06824588 0.49238709 -1.08783829
v -0.06759436 0.49145441 -1.01314114
v -0.06748619 0.49099502 -0.93839880
v -0.06751687 0.49099294 -0.86345062
v -0.06753047 0.49103139 -0.78843577
v -0.06753004 0.49103413 -0.71342916
v -0.06752947 0.49103158 -0.63842989
v -0.06753138 0.49103186 -0.56343044
v -0.06753263 0.49103325 -0.48843130
v -0.06752319 0.49103310 -0.41343217
v -0.06750081 0.49102652 -0.33842633
v -0.06748689 0.49100913 -0.26340331
v -0.06747969 0.49098098 -0.18837525
v -0.06740721 0.49094178 -0.11341387
v -0.06728955 0.49091426 -0.03859560
v -0.06729448 0.49115175 0.03623473
v -0.06705941 0.49223253 0.11158936
v -0.06549499 0.49376003 0.18741613
v -0.06391899 0.49180363 0.26037325
v -0.06943262 0.47932347 0.32378174
v -0.06626208 0.52894992 2.54927533
v -0.06803050 0.60013448 -2.55466175
v -0.06665235 0.60448338 2.54891458
v -0.06326516 0.67596698 -2.55373085
v -0.06671759 0.67957978 2.54900222
v -0.06467754 0.75344518 -2.55126378
v -0.06665812 0.75450589 2.54909698
v -0.06625286 0.82941576 -2.55032959
v -0.06660115 0.82943273 2.54913933
v -0.06667717 0.90439727 -2.55035996
v -0.06655597 0.90438072 2.54914306
v -0.06660616 0.97925288 -2.55052392
v -0.06651656 0.97934073 2.54911635
v -0.06650750 1.05420072 -2.55061230
v -0.06653630 1.05437377 2.54909012
v -0.06641516 1.12910637 -2.55063736
v -0.06665930 1.12958181 2.54910738
v -0.06637412 1.20393627 -2.55055570
v -0.06691999 1.20499238 2.54918942
v -0.06679952 1.27904685 -2.55056098
v -0.06733455 1.28072326 2.54948784
v -0.06859374 1.35524576 -2.55150110
v -0.06760546 1.35720679 2.55059816
v -0.07152930 1.43284716 -2.55395424
v -0.06762648 1.43465091 2.55286093
v -0.06967163 1.50854664 -2.55475291
v -0.06757384 1.51018173 2.55320123
v -0.04826775 1.57178783 -2.54329705
v -0.06749195 1.57345066 2.54117271
v -0.06949503 1.60941379 -2.50606486
v -0.07116503 1.62090520 -2.44288389
v -0.06830302 1.62001975 -2.36728939
v -0.06680060 1.61749440 -2.28974279
v -0.06654753 1.61650540 -2.21350710
v -0.06652547 1.61647901 -2.13829130
v -0.06650786 1.61658177 -2.06335437
v -0.06652303 1.61660280 -1.98839628
v -0.06654549 1.61658917 -1.91340987
v -0.06658184 1.61661950 -1.83845548
v -0.06664506 1.61676318 -1.76358987
v -0.06676972 1.61700199 -1.68885993
v -0.06702142 1.61724467 -1.61424927
v -0.06730726 1.61742163 -1.53962920
v -0.06736939 1.61749482 -1.46485810
v -0.06716641 1.61743464 -1.38992003
v -0.06695055 1.61723981 -1.31485004
v -0.06685174 1.61695702 -1.23959829
v -0.06675164 1.61667035 -1.16414647
v -0.06657420 1.61647360 -1.08868864
v -0.06643929 1.61645076 -1.01347977
v -0.06648513 1.61663252 -0.93857105
v -0.06667810 1.61694518 -0.86385849
v -0.06687087 1.61723675 -0.78924590
v -0.06695893 1.61734487 -0.71461611
v -0.06695964 1.61720696 -0.63978098
v -0.06693681 1.61696828 -0.56462607
v -0.06689523 1.61686221 -0.48928729
v -0.06685426 1.61696545 -0.41408921
v -0.06694463 1.61717767 -0.33923078
v -0.06720851 1.61736974 -0.26456767
v -0.06742632 1.61747545 -0.18981750
v -0.06738262 1.61749253 -0.11489613
v -0.06714814 1.61741845 -0.03989729
v -0.06695030 1.61722994 0.03516311
v -0.06686302 1.61695216 0.11039926
v -0.06677123 1.61668430 0.18584000
v -0.06659480 1.61651773 0.26128352
v -0.06641782 1.61645533 0.33651110
v -0.06635859 1.61643568 0.41154956
v -0.06639036 1.61643234 0.48654016
v -0.06639228 1.61649373 0.56149068
v -0.06633949 1.61662877 0.63633216
v -0.06636597 1.61673772 0.71111456
v -0.06655467 1.61674543 0.78600726
v -0.06674401 1.61667910 0.86112201
v -0.06673505 1.61660261 0.93637149
v -0.06659820 1.61656816 1.01155821
v -0.06652875 1.61658468 1.08660848
v -0.06654604 1.61661573 1.16159721
v -0.06656674 1.61662999 1.23659147
v -0.06656757 1.61662723 1.31160130
v -0.06655817 1.61661878 1.38661797
v -0.06653857 1.61661016 1.46162685
v -0.06651125 1.61659897 1.53661721
v -0.06648307 1.61658153 1.61159503
v -0.06645448 1.61656008 1.68656988
v -0.06642225 1.61653128 1.76154452
v -0.06639096 1.61648162 1.83652820
v -0.06638256 1.61643493 1.91153095
v -0.06641887 1.61647433 1.98651721
v -0.06650102 1.61661720 2.06136788
v -0.06664916 1.61675126 2.13596777
v -0.06690042 1.61699865 2.21055996
v -0.06721770 1.61814368 2.28609791
v -0.06750751 1.62074618 2.36330203
v -0.06766270 1.62175848 2.43917692
v -0.06757278 1.61062012 2.50310958
v 0.02067636 -0.16698717 1.70413849
v -0.01892065 -0.14704579 1.65218176
v 0.01041396 -0.18277561 1.76166989
v 0.00589162 -0.18723999 1.83222813
v 0.00532079 -0.18583227 1.90815303
v 0.00844034 -0.18518097 1.98652474
v 0.01134266 -0.18653760 2.06469198
v 0.00814097 -0.18621728 2.13958352
v -0.01063789 -0.17609236 2.20388082
v 0.02788734 -0.14577033 2.25293812
v 0.02259114 -0.09092448 1.55550788
v -0.01455157 -0.06837831 1.50527018
v 0.01386931 -0.11803876 1.61530271
v -0.01278146 -0.11127560 2.30247903
v -0.02274649 -0.07840943 2.35301915
v 0.03489687 -0.07473572 2.33467771
v 0.02907798 -0.03460217 1.47266639
v -0.01620097 -0.00016687 1.42013072
v 0.00624273 -0.04926148 2.39080764
v -0.00613610 -0.02216268 2.43908015
v 0.00835596 0.01360424 2.46539499
v 0.02942015 0.05149014 1.32120122
v -0.01078959 0.07933132 1.27375050
v 0.00641353 0.02801183 1.37147346
v 0.02415948 0.06166914 2.47907403
v 0.02466932 0.11625426 1.23565229
v -0.00936939 0.15322024 1.19731200
v -0.03358442 0.13863271 2.50774589
v 0.02210366 0.12897186 2.49376409
v 0.02941964 0.19279850 1.16313750
v -0.01161877 0.22935483 1.12116012
v 0.00010969 0.17388313 2.51832585
v -0.00076144 0.22967685 2.53900630
v 0.02054377 0.28381842 0.87947656
v -0.01931693 0.30312343 0.82685230
v 0.01167183 0.26917075 0.93808026
v 0.00864613 0.26370667 1.00719661
v 0.00453203 0.25453365 1.07136774
v 0.01037025 0.30512260 2.55054687
v 0.02607751 0.36021140 0.73019870
v -0.01663110 0.38187629 0.68027810
v 0.01520817 0.33190878 0.78938674
v 0.01066980 0.37714914 2.55222169
v -0.03381760 0.44883250 -1.89913807
v 0.01903430 0.43477773 -1.88625526
v -0.00420880 0.45925635 -1.93100682
v 0.02406649 0.41770682 -1.82477806
v 0.01038912 0.41445791 -1.76473591
v 0.00674291 0.41453107 -1.68935680
v 0.00764860 0.41516140 -1.61343077
v 0.00925845 0.41516646 -1.53801380
v 0.01016213 0.41454200 -1.46210493
v 0.00650930 0.41446989 -1.38676854
v -0.00717023 0.41773025 -1.32676277
v -0.02388754 0.45899266 -1.22776982
v -0.00217537 0.43478823 -1.26529177
v 0.02100457 0.45927717 -1.22050856
v 0.02985621 0.42695750 0.42285656
v -0.01332172 0.45272110 0.37161613
v 0.01101140 0.41483357 0.48404182
v 0.00678542 0.41322031 0.55773430
v 0.00971822 0.40492712 0.63634634
v 0.01061179 0.45135769 2.55064674
v 0.02964193 0.49892504 -2.50605141
v -0.01307494 0.53668126 -2.54326786
v 0.01001308 0.48781013 -2.44244821
v 0.00529503 0.48867403 -2.36666292
v 0.00672602 0.49106470 -2.28927981
v 0.00834863 0.49216692 -2.21345144
v 0.00922868 0.49291537 -2.13854186
v 0.00992026 0.49264484 -2.06257052
v 0.00485350 0.48297415 -1.97859363
v 0.01191045 0.48288131 -1.17292081
v 0.00692625 0.49248630 -1.08900879
v 0.00782840 0.49267465 -1.01297797
v 0.00841534 0.49193443 -0.93813722
v 0.00846227 0.49176621 -0.86328199
v 0.00842344 0.49180682 -0.78829712
v 0.00841567 0.49182438 -0.71328512
v 0.00841727 0.49182221 -0.63828304
v 0.00841559 0.49182180 -0.56328402
v 0.00841558 0.49182368 -0.48828499
v 0.00843280 0.49182094 -0.41328437
v 0.00846691 0.49180721 -0.33827570
v 0.00847198 0.49179430 -0.26325447
v 0.00840581 0.49181083 -0.18822001
v 0.00831893 0.49185400 -0.11317388
v 0.00828690 0.49185619 -0.03815114
v 0.00822640 0.49188057 0.03680563
v 0.00817453 0.49246957 0.11185996
v 0.00899482 0.49378203 0.18724882
v 0.01100327 0.49219742 0.26145147
v 0.00646371 0.47942867 0.32437439
v 0.00939466 0.52767986 2.54953095
v 0.00669730 0.59991976 -2.55476955
v 0.00855704 0.60371481 2.54904054
v 0.01163667 0.67551446 -2.55399940
v 0.00831066 0.67914081 2.54889143
v 0.01037731 0.75300392 -2.55152064
v 0.00830498 0.75426198 2.54887867
v 0.00875828 0.82917006 -2.55049092
v 0.00832459 0.82927985 2.54890104
v 0.00816357 0.90435894 -2.55041290
v 0.00835130 0.90424672 2.54891701
v 0.00814041 0.97928921 -2.55050243
v 0.00839553 0.97919555 2.54891180
v 0.00826355 1.05421003 -2.55054022
v 0.00843207 1.05416924 2.54889083
v 0.00844189 1.12911213 -2.55050200
v 0.00843442 1.12918043 2.54885514
v 0.00865181 1.20396719 -2.55034612
v 0.00835417 1.20422908 2.54878791
v 0.00843096 1.27901999 -2.55031039
v 0.00817632 1.27954467 2.54888789
v 0.00667144 1.35506032 -2.55125602
v 0.00802179 1.35583112 2.54992855
v 0.00352040 1.43253459 -2.55372199
v 0.00800670 1.43338933 2.55240936
v 0.00507556 1.50823385 -2.55458013
v 0.00807657 1.50895055 2.55315401
v 0.02628648 1.57156434 -2.54324550
v 0.00813908 1.57205080 2.54153947
v 0.00508360 1.60899380 -2.50593565
v 0.00357076 1.62051666 -2.44253815
v 0.00672037 1.61971261 -2.36678306
v 0.00841284 1.61720895 -2.28927665
v 0.00860229 1.61622149 -2.21321743
v 0.00846143 1.61622517 -2.13815785
v 0.00840166 1.61636517 -2.06328754
v 0.00838355 1.61640846 -1.98834051
v 0.00837944 1.61640026 -1.91333872
v 0.00838692 1.61637741 -1.83833000
v 0.00838863 1.61636550 -1.76334156
v 0.00837183 1.61639051 -1.68839706
v 0.00832529 1.61644268 -1.61350083
v 0.00825514 1.61648755 -1.53860962
v 0.00821393 1.61651134 -1.46366515
v 0.00824958 1.61651984 -1.38866410
v 0.00832855 1.61650607 -1.31364120
v 0.00837834 1.61645785 -1.23858826
v 0.00839460 1.61639024 -1.16347514
v 0.00842478 1.61633395 -1.08834106
v 0.00846463 1.61630433 -1.01326786
v 0.00846246 1.61631047 -0.93828117
v 0.00839851 1.61636453 -0.86335644
v 0.00830782 1.61645475 -0.78847186
v 0.00826180 1.61652866 -0.71359058
v 0.00830344 1.61652607 -0.63864152
v 0.00838478 1.61644598 -0.56357050
v 0.00843886 1.61636786 -0.48841388
v 0.00845531 1.61637032 -0.41330154
v 0.00842938 1.61644264 -0.33833501
v 0.00835658 1.61651186 -0.26346587
v 0.00828290 1.61653721 -0.18856305
v 0.00826322 1.61654044 -0.11357689
v 0.00830594 1.61654690 -0.03855922
v 0.00837472 1.61653709 0.03645303
v 0.00841836 1.61648392 0.11149671
v 0.00842927 1.61640768 0.18660476
v 0.00844192 1.61635627 0.26172106
v 0.00845792 1.61634764 0.33676013
v 0.00844878 1.61635728 0.41172469
v 0.00841870 1.61635349 0.48668818
v 0.00840064 1.61633830 0.56168403
v 0.00841541 1.61634460 0.63667381
v 0.00844147 1.61638066 0.71162068
v 0.00842978 1.61641085 0.78656169
v 0.00838923 1.61641124 0.86157231
v 0.00838739 1.61640091 0.93665756
v 0.00842738 1.61640429 1.01173895
v 0.00844483 1.61641846 1.08676228
v 0.00842307 1.61642661 1.16174622
v 0.00839661 1.61642313 1.23672288
v 0.00838095 1.61641523 1.31170022
v 0.00837089 1.61640882 1.38668090
v 0.00836721 1.61640341 1.46167227
v 0.00837350 1.61639766 1.53667513
v 0.00838699 1.61639139 1.61168066
v 0.00840111 1.61638428 1.68668020
v 0.00841086 1.61637686 1.76167286
v 0.00841686 1.61636805 1.83666617
v 0.00842403 1.61635431 1.91167323
v 0.00843347 1.61633548 1.98669347
v 0.00843623 1.61629416 2.06166311
v 0.00840803 1.61620453 2.13648681
v 0.00833109 1.61629397 2.21137358
v 0.00825125 1.61735628 2.28720037
v 0.00823281 1.61985558 2.36455875
v 0.00823563 1.62064136 2.44032585
v 0.00819568 1.60924184 2.50390217
v 0.03726339 -0.14368278 1.67088432
v 0.07132967 -0.15181597 1.71451013
v 0.08718574 -0.17029782 1.76718901
v 0.08353645 -0.18509229 1.83433097
v 0.08285032 -0.18715157 1.90952005
v 0.08540711 -0.18633769 1.98760831
v 0.08633713 -0.18707573 2.06427739
v 0.08323591 -0.18576901 2.13782818
v 0.06564333 -0.17307852 2.20284763
v 0.10735635 -0.13142862 2.24881834
v 0.03994643 -0.06589504 1.52247788
v 0.07105621 -0.07495018 1.56425400
v 0.08882932 -0.09466772 1.61819467
v 0.09307443 -0.12428653 1.68611827
v 0.06133546 -0.10345752 2.28886551
v 0.09175407 -0.06875750 2.31519097
v 0.10536827 -0.02294644 1.47379917
v 0.05919688 0.00127733 1.42043638
v 0.09472156 -0.04882746 1.53627328
v 0.09466846 -0.04539681 2.36670577
v 0.06043903 -0.02480677 2.42970028
v 0.08164276 0.01488610 2.46288303
v 0.09904822 0.05527209 1.33026081
v 0.07970298 0.08927131 1.28139746
v 0.08068613 0.02937803 1.37412208
v 0.08633880 0.07716291 2.47864947
v 0.08560574 0.12742054 1.23986763
v 0.06149748 0.15476051 1.20404156
v 0.10590767 0.15255652 2.48845047
v 0.10740909 0.19266698 1.17693720
v 0.06312214 0.22870616 1.12376773
v 0.05726552 0.19374048 2.51406886
v 0.08473836 0.25532882 2.53534012
v 0.03694328 0.30643352 0.84544729
v 0.07136275 0.29855077 0.88925517
v 0.08797281 0.28081705 0.94279353
v 0.08504482 0.26532968 1.00976618
v 0.07936757 0.25344425 1.07381428
v 0.07376411 0.31757695 2.54948703
v 0.03968180 0.38482190 0.69563409
v 0.07763392 0.37504916 0.73301858
v 0.09561697 0.35123003 0.78763363
v 0.09342929 0.32397607 0.85979176
v 0.08551031 0.37621364 2.55102254
v 0.04067661 0.45904983 -1.92374761
v 0.07081325 0.44910348 -1.88467115
v 0.07170918 0.43244113 -1.83568869
v 0.07069893 0.42551905 -1.76783968
v 0.06824210 0.42497646 -1.69333340
v 0.06832411 0.42571110 -1.61709869
v 0.06958246 0.42596885 -1.54159108
v 0.07099357 0.42556596 -1.46628568
v 0.06898990 0.42528256 -1.39051948
v 0.05277020 0.42884207 -1.31270360
v 0.05057876 0.44885110 -1.25231480
v 0.09346233 0.45727448 -1.27948708
v 0.09761237 0.43355299 0.43218328
v 0.05854186 0.45408692 0.37887416
v 0.08586298 0.41824164 0.48818517
v 0.08250401 0.41478206 0.55973996
v 0.08430746 0.41206877 0.63460383
v 0.08647201 0.39822878 0.69691602
v 0.08657653 0.45003067 2.55132083
v 0.10509040 0.49738140 -2.50605185
v 0.06176732 0.53585128 -2.54361506
v 0.08560093 0.48648934 -2.44239664
v 0.08103232 0.48772366 -2.36629029
v 0.08251659 0.49022540 -2.28872206
v 0.08399675 0.49116064 -2.21285447
v 0.08420402 0.49169250 -2.13821337
v 0.08444398 0.49269724 -2.06379691
v 0.08584896 0.49079131 -1.98807654
v 0.09231138 0.47624513 -1.91191525
v 0.09061678 0.47787280 -1.22031382
v 0.09581804 0.48992230 -1.14960859
v 0.08339648 0.49180406 -1.08841461
v 0.08310652 0.49210449 -1.01318847
v 0.08410281 0.49134042 -0.93792346
v 0.08437064 0.49102798 -0.86301442
v 0.08433886 0.49103942 -0.78806886
v 0.08431431 0.49107056 -0.71306407
v 0.08431424 0.49107227 -0.63805814
v 0.08431360 0.49107101 -0.56305848
v 0.08431406 0.49107314 -0.48806006
v 0.08433629 0.49106827 -0.41305977
v 0.08437034 0.49104788 -0.33804829
v 0.08431053 0.49104411 -0.26303462
v 0.08405545 0.49112578 -0.18807162
v 0.08369390 0.49132184 -0.11319009
v 0.08342698 0.49156618 -0.03830977
v 0.08328685 0.49176548 0.03666239
v 0.08312369 0.49214220 0.11170206
v 0.08324412 0.49320137 0.18684522
v 0.08485791 0.49308302 0.26231131
v 0.08811035 0.48160980 0.33959222
v 0.08506225 0.52627125 2.55044495
v 0.08177478 0.59895915 -2.55506571
v 0.08404031 0.60252296 2.54960641
v 0.08699719 0.67461983 -2.55425713
v 0.08356905 0.67834266 2.54917495
v 0.08605605 0.75223662 -2.55179811
v 0.08336168 0.75380184 2.54901677
v 0.08441694 0.82874712 -2.55073051
v 0.08323445 0.82899905 2.54897922
v 0.08344843 0.90431726 -2.55056814
v 0.08319722 0.90401620 2.54898417
v 0.08313735 0.97943333 -2.55060282
v 0.08323338 0.97897400 2.54899405
v 0.08317268 1.05441689 -2.55063014
v 0.08328062 1.05392785 2.54899089
v 0.08336621 1.12934357 -2.55059320
v 0.08331160 1.12884606 2.54893327
v 0.08363072 1.20417969 -2.55043028
v 0.08331304 1.20370799 2.54876486
v 0.08347402 1.27916093 -2.55037621
v 0.08328812 1.27876218 2.54874142
v 0.08172108 1.35513852 -2.55129544
v 0.08324625 1.35475062 2.54978025
v 0.07846798 1.43260082 -2.55377204
v 0.08319480 1.43204755 2.55241362
v 0.07987592 1.50831257 -2.55468397
v 0.08321476 1.50751116 2.55334855
v 0.10125643 1.57184638 -2.54305136
v 0.08338643 1.57077125 2.54187773
v 0.07983238 1.60907921 -2.50556494
v 0.07837757 1.62045647 -2.44224197
v 0.08161633 1.61965099 -2.36652286
v 0.08336300 1.61719992 -2.28906153
v 0.08352670 1.61626185 -2.21309600
v 0.08332365 1.61629700 -2.13812263
v 0.08323954 1.61644766 -2.06328690
v 0.08323139 1.61648781 -1.98834178
v 0.08323194 1.61648213 -1.91333945
v 0.08323633 1.61647266 -1.83832883
v 0.08324534 1.61645759 -1.76331599
v 0.08325662 1.61643779 -1.68830050
v 0.08327007 1.61641963 -1.61328584
v 0.08328413 1.61640309 -1.53827016
v 0.08329490 1.61638783 -1.46324664
v 0.08330072 1.61638177 -1.38821922
v 0.08330271 1.61639096 -1.31320459
v 0.08329866 1.61640934 -1.23820959
v 0.08328604 1.61642888 -1.16322382
v 0.08327126 1.61644789 -1.08824115
v 0.08326136 1.61646134 -1.01326452
v 0.08325477 1.61645961 -0.93828682
v 0.08325059 1.61644316 -0.86329338
v 0.08325381 1.61642515 -0.78827934
v 0.08327276 1.61641953 -0.71324691
v 0.08331347 1.61643059 -0.63819938
v 0.08336566 1.61645088 -0.56314558
v 0.08340905 1.61647318 -0.48809606
v 0.08343689 1.61649988 -0.41305931
v 0.08345208 1.61652812 -0.33804305
v 0.08345753 1.61654114 -0.26304230
v 0.08346189 1.61653163 -0.18803641
v 0.08346868 1.61651651 -0.11301546
v 0.08347064 1.61651429 -0.03799376
v 0.08346554 1.61652232 0.03701140
v 0.08345140 1.61652854 0.11199716
v 0.08342133 1.61653089 0.18696750
v 0.08338066 1.61653123 0.26192227
v 0.08333909 1.61652704 0.33686212
v 0.08329420 1.61651907 0.41179592
v 0.08324843 1.61650905 0.48673696
v 0.08321786 1.61649252 0.56170028
v 0.08321626 1.61647175 0.63669800
v 0.08324453 1.61646244 0.71172460
v 0.08328638 1.61647391 0.78675976
v 0.08332383 1.61649905 0.86179222
v 0.08335904 1.61652865 0.93682375
v 0.08339226 1.61655739 1.01185179
v 0.08340188 1.61657747 1.08686552
v 0.08337874 1.61658081 1.16185694
v 0.08334395 1.61656566 1.23682942
v 0.08331428 1.61653877 1.31179490
v 0.08328538 1.61651315 1.38676015
v 0.08325539 1.61649646 1.46172355
v 0.08323448 1.61648558 1.53669017
v 0.08322791 1.61647767 1.61167185
v 0.08322909 1.61647471 1.68666927
v 0.08322985 1.61647625 1.76167174
v 0.08322759 1.61647986 1.83667259
v 0.08322516 1.61648585 1.91167593
v 0.08322898 1.61648772 1.98668724
v 0.08324077 1.61644387 2.06167502
v 0.08324180 1.61631471 2.13657827
v 0.08321149 1.61634252 2.21159038
v 0.08320604 1.61732522 2.28752798
v 0.08333802 1.61966848 2.36495000
v 0.08354387 1.62014909 2.44074792
v 0.08357433 1.60833244 2.50431634
v 0.11395378 -0.14498561 1.74419177
v 0.15002405 -0.15357782 1.78351760
v 0.16806507 -0.17526653 1.83792381
v 0.16165705 -0.18733853 1.91184883
v 0.16196340 -0.18856159 1.98906129
v 0.15941128 -0.18784962 2.06581174
v 0.14519359 -0.18634112 2.12743474
v 0.14651499 -0.16987650 2.19360195
v 0.17774381 -0.12685562 2.23272692
v 0.11269904 -0.06800197 1.59350119
v 0.14888509 -0.07557920 1.63355928
v 0.16935852 -0.10007301 1.68809735
v 0.16326050 -0.12840914 1.74855392
v 0.11633897 -0.08457412 2.28404012
v 0.16818216 -0.08365219 2.26465973
v 0.17184213 -0.01519323 1.48176624
v 0.12994696 0.00436571 1.42676789
v 0.16485108 -0.03398410 1.53889249
v 0.16071508 -0.05297342 1.59766231
v 0.15612283 -0.05066021 2.31482113
v 0.15792583 -0.03500479 2.36516104
v 0.14479033 -0.01901734 2.41764858
v 0.16179045 0.02989763 2.46061866
v 0.12016170 0.07696230 1.31017197
v 0.15265939 0.07097287 1.33562875
v 0.16793218 0.03968390 1.38845987
v 0.14745975 0.09142380 2.47694908
v 0.11498576 0.15673324 1.22257883
v 0.14270170 0.13645324 1.26073511
v 0.16863600 0.10639091 1.30523212
v 0.17295595 0.13756078 2.47938102
v 0.17591267 0.20889755 1.18301783
v 0.13416478 0.23006871 1.13147773
v 0.16750964 0.17717936 1.22690233
v 0.11578791 0.21498490 2.50822035
v 0.17546069 0.20517654 2.49227092
v 0.11474374 0.30495937 0.91900091
v 0.15087739 0.29654900 0.95923483
v 0.16737785 0.27651114 1.01423610
v 0.16374228 0.25602274 1.09037740
v 0.15097021 0.25115049 2.51771681
v 0.14956394 0.30574196 2.53995714
v 0.17341609 0.36093992 0.80775325
v 0.13313294 0.37957437 0.75202683
v 0.16564651 0.34025433 0.86415121
v 0.16317311 0.31973158 0.92397632
v 0.16140997 0.37822777 2.54982721
v 0.10723309 0.45773136 -1.84945683
v 0.11879774 0.45371059 -1.78676871
v 0.11995396 0.45257497 -1.71120231
v 0.11938673 0.45312433 -1.63523767
v 0.11978865 0.45349456 -1.55980518
v 0.12114409 0.45327863 -1.48470650
v 0.12162096 0.45269324 -1.40993031
v 0.11427152 0.45318997 -1.33711337
v 0.11478951 0.45842686 0.40035622
v 0.14532433 0.44993075 0.44239304
v 0.14719461 0.43395345 0.48937106
v 0.16144087 0.42658516 0.56411948
v 0.15992013 0.41696999 0.63865083
v 0.16263934 0.40437625 0.71493171
v 0.16137574 0.45037968 2.55212038
v 0.18149083 0.49753352 -2.50381542
v 0.13801621 0.53540065 -2.54319010
v 0.16176932 0.48466261 -2.44143360
v 0.15745236 0.48586381 -2.36520516
v 0.15898131 0.48863934 -2.28725695
v 0.16041455 0.48959634 -2.21120789
v 0.16024928 0.48978508 -2.13647513
v 0.15959640 0.49059239 -2.06235824
v 0.15982140 0.49163013 -1.98844848
v 0.16129205 0.48954794 -1.91328799
v 0.16056658 0.48035903 -1.83080656
v 0.17116124 0.47881577 -1.74311696
v 0.17125249 0.47915996 -1.66650591
v 0.17087731 0.47948521 -1.59144037
v 0.17173883 0.47938680 -1.51626386
v 0.17307294 0.47890915 -1.44107178
v 0.17135381 0.47850067 -1.36607147
v 0.15724057 0.48022208 -1.28704146
v 0.17154294 0.48880484 -1.22010035
v 0.16050821 0.49009540 -1.15932779
v 0.15922293 0.49111247 -1.08704284
v 0.15919915 0.49047706 -1.01235742
v 0.16027126 0.48976771 -0.93665157
v 0.16071769 0.48945159 -0.86150769
v 0.16072740 0.48944236 -0.78655334
v 0.16068873 0.48947922 -0.71156464
v 0.16068293 0.48948592 -0.63655856
v 0.16068341 0.48948428 -0.56155729
v 0.16068299 0.48948642 -0.48655906
v 0.16070413 0.48948035 -0.41156109
v 0.16073912 0.48945281 -0.33655070
v 0.16062518 0.48945727 -0.26153322
v 0.16016160 0.48960035 -0.18662551
v 0.15961278 0.48984686 -0.11198031
v 0.15932556 0.49002887 -0.03760896
v 0.15918260 0.49020049 0.03677541
v 0.15905089 0.49058093 0.11152342
v 0.15889759 0.49143242 0.18652137
v 0.15922276 0.49263288 0.26159094
v 0.16139402 0.49058350 0.33733991
v 0.16735980 0.47629470 0.41467350
v 0.16140935 0.52492367 2.55142362
v 0.15698207 0.60020021 -2.55465845
v 0.16047160 0.60085093 2.55070559
v 0.16168198 0.67526681 -2.55447808
v 0.15987310 0.67659260 2.55029247
v 0.16244074 0.75172201 -2.55262971
v 0.15951564 0.75219036 2.55007308
v 0.16110401 0.82832064 -2.55190651
v 0.15919079 0.82748370 2.54997702
v 0.15987960 0.90398887 -2.55171917
v 0.15908869 0.90251440 2.54995900
v 0.15925530 0.97920480 -2.55160969
v 0.15911591 0.97748874 2.54997605
v 0.15911664 1.05425505 -2.55152794
v 0.15914404 1.05246951 2.54998318
v 0.15918656 1.12920516 -2.55145761
v 0.15916210 1.12740888 2.54991107
v 0.15939252 1.20400301 -2.55131789
v 0.15920321 1.20224534 2.54973166
v 0.15928174 1.27893774 -2.55130579
v 0.15921575 1.27714170 2.54980670
v 0.15758489 1.35490204 -2.55227109
v 0.15906596 1.35284175 2.55102931
v 0.15429547 1.43235869 -2.55480869
v 0.15897946 1.43004595 2.55365562
v 0.15587177 1.50820630 -2.55555912
v 0.15914492 1.50584896 2.55442805
v 0.17833715 1.57244033 -2.54300454
v 0.15949835 1.56956825 2.54292728
v 0.15591213 1.61023921 -2.50409455
v 0.15420357 1.62157292 -2.44038004
v 0.15746852 1.62067002 -2.36472289
v 0.15925907 1.61817434 -2.28737400
v 0.15942582 1.61722901 -2.21146289
v 0.15920631 1.61727376 -2.13650007
v 0.15911959 1.61742987 -2.06165609
v 0.15912316 1.61746602 -1.98669960
v 0.15913101 1.61745598 -1.91169269
v 0.15913197 1.61745127 -1.83668686
v 0.15913254 1.61745082 -1.76168454
v 0.15913503 1.61744676 -1.68667819
v 0.15914108 1.61743802 -1.61166527
v 0.15915158 1.61742696 -1.53664727
v 0.15916367 1.61741636 -1.46162780
v 0.15917064 1.61740928 -1.38661187
v 0.15916836 1.61740871 -1.31160440
v 0.15916004 1.61741533 -1.23660763
v 0.15915112 1.61742688 -1.16162051
v 0.15914340 1.61744034 -1.08664055
v 0.15913575 1.61745230 -1.01166366
v 0.15912779 1.61745828 -0.93668220
v 0.15912635 1.61745427 -0.86168498
v 0.15914725 1.61744033 -0.78666014
v 0.15919232 1.61742724 -0.71160695
v 0.15922505 1.61743104 -0.63655613
v 0.15920460 1.61744599 -0.56156205
v 0.15914687 1.61744659 -0.48664675
v 0.15910887 1.61743529 -0.41176293
v 0.15911496 1.61744195 -0.33683701
v 0.15914091 1.61746724 -0.26184100
v 0.15916137 1.61748366 -0.18680625
v 0.15917282 1.61748368 -0.11177453
v 0.15917719 1.61747720 -0.03675930
v 0.15917122 1.61746412 0.03824251
v 0.15914896 1.61745095 0.11322580
v 0.15911414 1.61746234 0.18818212
v 0.15909779 1.61749690 0.26313016
v 0.15913045 1.61751558 0.33812506
v 0.15918463 1.61750431 0.41320048
v 0.15920029 1.61749153 0.48830459
v 0.15917154 1.61748892 0.56335652
v 0.15915078 1.61747769 0.63835859
v 0.15916977 1.61745964 0.71337228
v 0.15919549 1.61745957 0.78840352
v 0.15917972 1.61747273 0.86339426
v 0.15913254 1.61746557 0.93831493
v 0.15910197 1.61743524 1.01320529
v 0.15909562 1.61742317 1.08812188
v 0.15908738 1.61745604 1.16307995
v 0.15908705 1.61750333 1.23806800
v 0.15912734 1.61751758 1.31310037
v 0.15918754 1.61749874 1.38819635
v 0.15920922 1.61748284 1.46330925
v 0.15918228 1.61748039 1.53836146
v 0.15914710 1.61747306 1.61334689
v 0.15913044 1.61745850 1.68832019
v 0.15912787 1.61745054 1.76331144
v 0.15912819 1.61745123 1.83831241
v 0.15912732 1.61745600 1.91331459
v 0.15912804 1.61746360 1.98831980
v 0.15913199 1.61744543 2.06330659
v 0.15911967 1.61735537 2.13822108
v 0.15907010 1.61738314 2.21321532
v 0.15907742 1.61823459 2.28903745
v 0.15935275 1.62021809 2.36626484
v 0.15983647 1.62007275 2.44189539
v 0.15990966 1.60759918 2.50540103
v 0.24902078 -0.16819183 1.85806820
v 0.20951154 -0.14873172 1.80323380
v 0.23821670 -0.18339660 1.91561369
v 0.23640079 -0.18795363 1.98991873
v 0.23242950 -0.18680748 2.06674489
v 0.21198189 -0.17704143 2.14367946
v 0.20484727 -0.15162945 2.20083039
v 0.26336823 -0.13422800 2.18164176
v 0.25008479 -0.09075289 1.70902928
v 0.20771433 -0.07060621 1.65345033
v 0.24246227 -0.11896919 1.76764660
v 0.22688782 -0.11768687 2.21605713
v 0.22874396 -0.08046752 2.23946905
v 0.18609304 0.00763735 1.44753340
v 0.22040531 -0.00143373 1.49052258
v 0.23836113 -0.01894874 1.54599923
v 0.23896311 -0.04390170 1.61643707
v 0.23072160 -0.04533409 2.28165024
v 0.22006324 -0.02297948 2.35828645
v 0.20586030 -0.00177651 2.42305771
v 0.25352596 0.00361410 2.39361015
v 0.25341502 0.05598070 1.40541634
v 0.23183224 0.09049349 1.35559329
v 0.24438915 0.02452652 1.46244187
v 0.24228444 0.02834495 2.43384799
v 0.22243593 0.08004433 2.46712098
v 0.24271313 0.13135651 1.31932513
v 0.23072433 0.16404760 1.28058015
v 0.23795936 0.15326963 2.47715706
v 0.19034072 0.23448707 1.15197519
v 0.22371840 0.22607018 1.19239899
v 0.22903500 0.20323182 1.23131917
v 0.26081429 0.23110771 2.48855432
v 0.23261625 0.28733316 1.03079814
v 0.20670606 0.30166060 0.98044453
v 0.24469861 0.27645915 1.09332600
v 0.24634242 0.25174624 1.16606441
v 0.21044001 0.26754269 2.51382594
v 0.23561357 0.32966527 2.53552785
v 0.18891482 0.38399970 0.77584439
v 0.22410726 0.37501138 0.81777348
v 0.23947873 0.35629917 0.87199486
v 0.23679909 0.33139845 0.94399669
v 0.22389586 0.39234263 2.54916765
v 0.18209711 0.45848647 0.47724251
v 0.20095166 0.45305261 0.53535948
v 0.22418509 0.44805986 0.59157281
v 0.23605081 0.43200672 0.64596019
v 0.23729910 0.41689480 0.71555759
v 0.24564160 0.39928291 0.78971656
v 0.23648373 0.45408491 2.55055392
v 0.25386254 0.50419565 -2.49513984
v 0.22160060 0.54391804 -2.53991945
v 0.23573165 0.48711984 -2.43909865
v 0.23190575 0.48650727 -2.36456253
v 0.23335410 0.48917582 -2.28627201
v 0.23471633 0.49031862 -2.20981630
v 0.23452601 0.49045545 -2.13484731
v 0.23375622 0.49072026 -2.06052034
v 0.23508270 0.49098342 -1.98627013
v 0.23660484 0.49027564 -1.91265310
v 0.23641802 0.48881167 -1.83839608
v 0.23694725 0.48841329 -1.76185879
v 0.23704881 0.48905968 -1.68584320
v 0.23640667 0.48941252 -1.61118159
v 0.23682876 0.48937370 -1.53612321
v 0.23773183 0.48925669 -1.46058461
v 0.23668080 0.48920226 -1.38649523
v 0.23485036 0.48995660 -1.31195725
v 0.23443263 0.49169931 -1.23625759
v 0.23320424 0.49235717 -1.16223288
v 0.23246124 0.49162811 -1.08759207
v 0.23356631 0.49084549 -1.01136585
v 0.23454117 0.49030544 -0.93540355
v 0.23495182 0.49011806 -0.86008331
v 0.23497456 0.49012753 -0.78508928
v 0.23492966 0.49016434 -0.71011327
v 0.23491764 0.49017330 -0.63511196
v 0.23491870 0.49017156 -0.56010956
v 0.23491739 0.49017347 -0.48511056
v 0.23493131 0.49016852 -0.41011426
v 0.23497057 0.49013549 -0.33510915
v 0.23487684 0.49013778 -0.26007466
v 0.23434668 0.49034339 -0.18510530
v 0.23379048 0.49062072 -0.11048691
v 0.23526991 0.49022176 -0.03584089
v 0.23665487 0.48866312 0.03820808
v 0.23645345 0.48763636 0.11188324
v 0.23643862 0.48810091 0.18646772
v 0.23629128 0.48923026 0.26139242
v 0.23643950 0.49036788 0.33639268
v 0.23749289 0.48857202 0.41276564
v 0.23800115 0.47906155 0.49498892
v 0.25804202 0.47121647 0.57570843
v 0.23774806 0.52809090 2.55185710
v 0.22117405 0.61243429 -2.55391498
v 0.23656804 0.60117359 2.55266031
v 0.23531591 0.67673198 -2.55435284
v 0.23746732 0.67537643 2.55267956
v 0.23824239 0.75228143 -2.55456769
v 0.23708637 0.75086557 2.55256645
v 0.23871931 0.82716301 -2.55435199
v 0.23664339 0.82606620 2.55243674
v 0.23749746 0.90262500 -2.55397886
v 0.23654309 0.90105882 2.55240397
v 0.23653564 0.97791470 -2.55354783
v 0.23656907 0.97604856 2.55242116
v 0.23604549 1.05309769 -2.55337279
v 0.23657753 1.05106602 2.55241461
v 0.23586625 1.12804120 -2.55343872
v 0.23661588 1.12604053 2.55235349
v 0.23608868 1.20264753 -2.55351566
v 0.23669459 1.20082694 2.55234554
v 0.23620494 1.27732559 -2.55368433
v 0.23652250 1.27552928 2.55270296
v 0.23470928 1.35309413 -2.55478088
v 0.23606157 1.35124688 2.55371716
v 0.23167901 1.43056636 -2.55731538
v 0.23714957 1.43008039 2.55504826
v 0.23427185 1.50695572 -2.55750919
v 0.23637826 1.50778168 2.55566174
v 0.25820029 1.57201944 -2.54412412
v 0.23595777 1.57090526 2.54502788
v 0.23461719 1.61177940 -2.50326595
v 0.23197203 1.62392430 -2.43787243
v 0.23487429 1.62322661 -2.36150703
v 0.23662992 1.62072944 -2.28409610
v 0.23684742 1.61971645 -2.20828560
v 0.23665463 1.61971672 -2.13336089
v 0.23657084 1.61986843 -2.05850220
v 0.23657667 1.61990947 -1.98352929
v 0.23658783 1.61989963 -1.90851653
v 0.23658929 1.61989395 -1.83351036
v 0.23658821 1.61989505 -1.75851129
v 0.23658709 1.61989674 -1.68351296
v 0.23658627 1.61989751 -1.60851312
v 0.23658626 1.61989746 -1.53351161
v 0.23658727 1.61989708 -1.45850942
v 0.23658845 1.61989681 -1.38350812
v 0.23658833 1.61989659 -1.30850838
v 0.23658681 1.61989633 -1.23350947
v 0.23658546 1.61989629 -1.15851077
v 0.23658543 1.61989658 -1.08351262
v 0.23658565 1.61989709 -1.00851552
v 0.23658343 1.61989827 -0.93351929
v 0.23658248 1.61989913 -0.85851859
v 0.23660294 1.61989468 -0.78349927
v 0.23664607 1.61988896 -0.70846187
v 0.23662229 1.61989898 -0.63347027
v 0.23641249 1.61989068 -0.55864122
v 0.23604793 1.61975622 -0.48401407
v 0.23570367 1.61946970 -0.40947646
v 0.23551176 1.61918602 -0.33487518
v 0.23546763 1.61906006 -0.26011566
v 0.23548624 1.61906877 -0.18518984
v 0.23550264 1.61910283 -0.11017667
v 0.23550677 1.61911076 -0.03515720
v 0.23550404 1.61908962 0.03984360
v 0.23548623 1.61906729 0.11482150
v 0.23546168 1.61912179 0.18977892
v 0.23550700 1.61927954 0.26476315
v 0.23572311 1.61945759 0.33988204
v 0.23609042 1.61959518 0.41523206
v 0.23643731 1.61970686 0.49076023
v 0.23661824 1.61981691 0.56624100
v 0.23666258 1.61990031 0.64149621
v 0.23667208 1.61991883 0.71656427
v 0.23662364 1.61991103 0.79153211
v 0.23640891 1.61989172 0.86635443
v 0.23604967 1.61975384 0.94098734
v 0.23570813 1.61944672 1.01552741
v 0.23550090 1.61914107 1.09011059
v 0.23543214 1.61907044 1.16482791
v 0.23549489 1.61923745 1.23973674
v 0.23572551 1.61944789 1.31486773
v 0.23609436 1.61959536 1.39023577
v 0.23644132 1.61970617 1.46576793
v 0.23662141 1.61981551 1.54124521
v 0.23664510 1.61990288 1.61648198
v 0.23661360 1.61992564 1.69151579
v 0.23659167 1.61990608 1.76649457
v 0.23658671 1.61989276 1.84148713
v 0.23658767 1.61989299 1.91648845
v 0.23658987 1.61989908 1.99149272
v 0.23659392 1.61989298 2.06648755
v 0.23657852 1.61983021 2.14142091
v 0.23651395 1.61982684 2.21636908
v 0.23652814 1.62045833 2.29195599
v 0.23696605 1.62198461 2.36883717
v 0.23777600 1.62125609 2.44427743
v 0.23792795 1.60820269 2.50766764
v 0.26702408 -0.14477907 1.82602357
v 0.29960602 -0.15420163 1.86782162
v 0.30115883 -0.16970649 1.91618411
v 0.30199944 -0.17663111 1.98565227
v 0.29961731 -0.17738068 2.06114712
v 0.28673612 -0.16798206 2.12860902
v 0.33040715 -0.12438379 2.15838723
v 0.26533877 -0.06676131 1.67644678
v 0.30149285 -0.07687689 1.71782044
v 0.31775345 -0.09766679 1.77107812
v 0.32045839 -0.12584392 1.84053922
v 0.26807753 -0.08667687 2.21051602
v 0.32489853 -0.06795063 2.18907147
v 0.26432502 0.00463283 1.52161076
v 0.29841608 -0.00236705 1.56638299
v 0.31564411 -0.02178983 1.62113406
v 0.32030573 -0.05042288 1.68924368
v 0.29554173 -0.04004260 2.23699576
v 0.28816797 -0.01732421 2.30001574
v 0.28165926 -0.00189754 2.35046867
v 0.31195073 0.00373118 2.32204220
v 0.27397706 0.08131476 1.38510370
v 0.31600275 0.07992133 1.41172600
v 0.32266660 0.04729430 1.46230884
v 0.31967549 0.02197856 1.53605160
v 0.31336984 0.03166328 2.36882209
v 0.28725792 0.05706472 2.43713415
v 0.29574155 0.10444076 2.45748097
v 0.27577157 0.15877205 1.31477144
v 0.31168581 0.15328531 1.34922976
v 0.31013029 0.11260704 1.38209439
v 0.31581947 0.17746072 2.46748392
v 0.26586063 0.23154640 1.22316267
v 0.28999271 0.21504715 1.26788198
v 0.30922873 0.19106758 1.31102648
v 0.31657426 0.23449692 2.47929946
v 0.25638336 0.30939280 1.00845261
v 0.27973952 0.30603245 1.06295818
v 0.32192131 0.30967997 1.12347795
v 0.31914747 0.27784307 1.17246620
v 0.32128393 0.25115517 1.24044561
v 0.26881333 0.29073867 2.50983580
v 0.32792604 0.30067494 2.48984779
v 0.26781288 0.38019105 0.84835119
v 0.29779418 0.37320900 0.89264279
v 0.29915477 0.35691645 0.94217758
v 0.30310785 0.34042187 1.01670778
v 0.32459362 0.33779287 1.08153756
v 0.29836760 0.33374441 2.51848548
v 0.29383234 0.39170378 2.53669352
v 0.26736647 0.45633172 0.62628088
v 0.29572304 0.44971089 0.66854658
v 0.29989113 0.43380863 0.71575535
v 0.31802373 0.42222468 0.79077276
v 0.32036979 0.39976730 0.86620224
v 0.31637111 0.47578471 2.54281727
v 0.28353460 0.53853394 -2.52156785
v 0.32198309 0.53123624 -2.47846958
v 0.30068395 0.50200788 -2.43639301
v 0.29781373 0.49734702 -2.36896676
v 0.29904769 0.49893317 -2.29170750
v 0.30005374 0.50009556 -2.21485494
v 0.29987746 0.50037499 -2.13953274
v 0.29911868 0.50062902 -2.06484114
v 0.30104625 0.50016233 -1.99055811
v 0.31543661 0.49734753 -1.90995454
v 0.31175194 0.48966388 -1.83746261
v 0.31142496 0.48862023 -1.76467721
v 0.31090180 0.48955758 -1.69052140
v 0.31037031 0.49014878 -1.61604821
v 0.31064864 0.49017396 -1.54113845
v 0.31112035 0.49031874 -1.46558874
v 0.30797394 0.49124149 -1.39091870
v 0.29549177 0.49225864 -1.32897558
v 0.30940019 0.49960898 -1.25211125
v 0.29927609 0.50160929 -1.16920341
v 0.29818206 0.50113909 -1.09218942
v 0.29914182 0.50031817 -1.01587320
v 0.29993349 0.49996024 -0.94007009
v 0.30017065 0.49992603 -0.86482489
v 0.30014758 0.49997687 -0.78983800
v 0.30009891 0.50001006 -0.71487097
v 0.30008517 0.50001648 -0.63987524
v 0.30008669 0.50001433 -0.56487288
v 0.30008572 0.50001565 -0.48987276
v 0.30009039 0.50001405 -0.41487562
v 0.30012568 0.49998266 -0.33987732
v 0.30010319 0.49996874 -0.26484498
v 0.29969738 0.50020778 -0.18977041
v 0.29906273 0.50067335 -0.11492106
v 0.30113200 0.50014135 -0.04051024
v 0.31560736 0.49692203 0.04032305
v 0.31214439 0.48845967 0.11336500
v 0.31223223 0.48679612 0.18673029
v 0.31229638 0.48742405 0.26148163
v 0.31206627 0.48849324 0.33634721
v 0.31172074 0.48970813 0.41120798
v 0.31149043 0.48995038 0.48726295
v 0.31436975 0.48752500 0.56473177
v 0.31987269 0.47491658 0.64204360
v 0.30040060 0.54323986 2.55159246
v 0.32739962 0.56570392 -2.51594996
v 0.29539790 0.60502908 -2.54429311
v 0.31133521 0.60567090 2.55260577
v 0.29768596 0.68682613 -2.55384326
v 0.31327413 0.68048438 2.55339239
v 0.31171901 0.75032464 -2.55424559
v 0.31276428 0.75581231 2.55336071
v 0.31382815 0.82534892 -2.55415612
v 0.31237894 0.83084071 2.55321273
v 0.31239229 0.90089224 -2.55355624
v 0.31234321 0.90580661 2.55318614
v 0.31115343 0.97628296 -2.55322357
v 0.31236424 0.98081394 2.55318916
v 0.31056095 1.05161483 -2.55350479
v 0.31238700 1.05584314 2.55317102
v 0.31049878 1.12653926 -2.55402746
v 0.31250417 1.13077255 2.55325618
v 0.31093624 1.20066077 -2.55427262
v 0.31246463 1.20540615 2.55356500
v 0.31125015 1.27458298 -2.55454472
v 0.31154786 1.28006588 2.55360581
v 0.31006171 1.34989747 -2.55576164
v 0.31099441 1.35666062 2.55230680
v 0.30799466 1.42764534 -2.55802794
v 0.32311794 1.44458184 2.54788750
v 0.31220791 1.50487199 -2.55726605
v 0.29982328 1.52290388 2.55534055
v 0.33371736 1.56892732 -2.54431241
v 0.31056847 1.57470897 2.54449190
v 0.31184976 1.60967801 -2.50756218
v 0.30909729 1.62321513 -2.44201357
v 0.31117440 1.62344907 -2.36408085
v 0.31241454 1.62149290 -2.28570136
v 0.31253709 1.62062878 -2.20973568
v 0.31241124 1.62055614 -2.13491566
v 0.31236616 1.62064324 -2.06010705
v 0.31237129 1.62067927 -1.98513093
v 0.31237868 1.62067781 -1.91011142
v 0.31238108 1.62067445 -1.83510210
v 0.31238145 1.62067550 -1.76010018
v 0.31238109 1.62067683 -1.68510042
v 0.31238041 1.62067749 -1.61010164
v 0.31237953 1.62067828 -1.53510324
v 0.31237849 1.62067934 -1.46010494
v 0.31237752 1.62068043 -1.38510674
v 0.31237694 1.62068115 -1.31010839
v 0.31237691 1.62068116 -1.23510931
v 0.31237737 1.62068045 -1.16010906
v 0.31237827 1.62067923 -1.08510769
v 0.31237930 1.62067783 -1.01010591
v 0.31237860 1.62067739 -0.93510532
v 0.31237775 1.62067795 -0.86010313
v 0.31239658 1.62067181 -0.78508581
v 0.31243781 1.62065974 -0.71005937
v 0.31235888 1.62068259 -0.63512381
v 0.31191971 1.62071992 -0.56047264
v 0.31124402 1.62053310 -0.48615108
v 0.31067165 1.61995767 -0.41181398
v 0.31023817 1.61917290 -0.33724172
v 0.30995462 1.61851754 -0.26262287
v 0.30986809 1.61823526 -0.18794435
v 0.30987791 1.61822994 -0.11307074
v 0.30989315 1.61826275 -0.03807626
v 0.30989326 1.61824915 0.03693142
v 0.30987640 1.61822443 0.11190626
v 0.30985942 1.61833380 0.18686869
v 0.30994734 1.61866989 0.26191601
v 0.31028824 1.61898013 0.33718384
v 0.31081033 1.61928981 0.41268380
v 0.31137347 1.61976984 0.48828508
v 0.31193240 1.62013872 0.56395325
v 0.31231928 1.62041269 0.63958652
v 0.31247131 1.62063785 0.71491950
v 0.31238835 1.62071590 0.78989316
v 0.31192763 1.62073000 0.86453164
v 0.31124620 1.62052962 0.93885496
v 0.31067358 1.61993472 1.01319026
v 0.31022462 1.61912843 1.08773490
v 0.30992346 1.61858366 1.16231621
v 0.30992454 1.61863801 1.23704150
v 0.31027515 1.61894159 1.31218156
v 0.31081109 1.61928467 1.38767323
v 0.31137640 1.61977151 1.46328625
v 0.31193490 1.62013819 1.53895507
v 0.31230245 1.62041825 1.61457041
v 0.31241276 1.62065640 1.68987634
v 0.31240835 1.62071230 1.76491377
v 0.31238654 1.62068757 1.83989959
v 0.31237935 1.62067399 1.91489837
v 0.31238107 1.62067764 1.98990208
v 0.31238662 1.62068006 2.06490427
v 0.31237788 1.62063815 2.13986705
v 0.31231278 1.62058595 2.21478961
v 0.31230912 1.62095656 2.29009734
v 0.31283698 1.62213776 2.36655783
v 0.31392454 1.62165488 2.44234527
v 0.31360629 1.61042445 2.50703085
v 0.33658232 -0.14618398 1.90298203
v 0.34980008 -0.14969169 1.96643644
v 0.35194726 -0.15142579 2.04324192
v 0.34494099 -0.14810867 2.11202791
v 0.34349907 -0.07236236 1.74614583
v 0.37330101 -0.07773979 1.78977374
v 0.37627077 -0.09459802 1.84196106
v 0.37897158 -0.11232031 1.92117265
v 0.38995195 -0.11265305 2.01072912
v 0.38773435 -0.11358974 2.08457948
v 0.37582883 -0.11041897 2.13467335
v 0.37776567 -0.06718203 2.15787081
v 0.34228267 0.00379964 1.59692107
v 0.37283057 -0.00107125 1.64111606
v 0.37650445 -0.02088859 1.69249252
v 0.38058646 -0.04830210 1.75414807
v 0.35059836 -0.01075921 2.21569427
v 0.38339847 -0.00496453 2.18492869
v 0.33886981 0.00774809 2.27679076
v 0.38417398 0.06146474 1.48062923
v 0.36679249 0.07669122 1.44083019
v 0.37783838 0.04718864 1.53571785
v 0.37972957 0.02661652 1.60295087
v 0.38539668 0.03581570 2.23589939
v 0.37361246 0.05322059 2.30407949
v 0.36183685 0.08061489 2.37022079
v 0.39350503 0.09480725 2.33330359
v 0.32906307 0.07589835 2.41880852
v 0.34894360 0.14516110 1.38355229
v 0.37109332 0.12394764 1.41645034
v 0.38673763 0.12084194 2.37763277
v 0.35438515 0.12777801 2.42604789
v 0.39226062 0.16008683 2.40800388
v 0.34216963 0.22892760 1.29751877
v 0.36607859 0.21135590 1.34214217
v 0.37976142 0.17683243 1.38870132
v 0.37344767 0.18444907 2.44330099
v 0.36797502 0.24362662 2.46266517
v 0.34955291 0.30038229 1.16228675
v 0.37216551 0.29838647 1.19288996
v 0.37638230 0.28097110 1.24171610
v 0.38101166 0.25405632 1.30579693
v 0.38573020 0.31776018 2.46356071
v 0.33550556 0.38233403 0.92944584
v 0.34828226 0.37869185 0.99115206
v 0.35573644 0.37327728 1.06011268
v 0.36704487 0.35857160 1.11707244
v 0.37698095 0.32861760 1.16455777
v 0.33733415 0.36914791 2.51016113
v 0.38106177 0.38687084 2.47929402
v 0.33513194 0.45754737 0.70380936
v 0.35444792 0.45071353 0.75996891
v 0.37618232 0.44642222 0.81524275
v 0.37574089 0.43097927 0.86758357
v 0.37736568 0.41519536 0.94619818
v 0.38807894 0.41314022 1.03126040
v 0.39120837 0.39967793 1.09294758
v 0.35612370 0.42945903 2.51614923
v 0.39443621 0.45728269 2.49188177
v 0.34013281 0.52296791 -2.43410469
v 0.34671594 0.52304136 -2.38548132
v 0.34962459 0.52410006 -2.31148759
v 0.35027602 0.52516341 -2.23496248
v 0.34996220 0.52555312 -2.15945598
v 0.34919141 0.52599886 -2.08442900
v 0.34946996 0.52586219 -2.01014714
v 0.35584421 0.52259517 -1.94026114
v 0.37512726 0.51953554 -1.88430793
v 0.37432764 0.50568950 -1.83339166
v 0.37510771 0.49936352 -1.76331698
v 0.37529694 0.49919963 -1.68952124
v 0.37507141 0.49998119 -1.61485996
v 0.37532330 0.50016084 -1.53988057
v 0.37590566 0.50028092 -1.46460659
v 0.37338966 0.50137642 -1.38940562
v 0.35953971 0.50421563 -1.31171056
v 0.36384407 0.52046769 -1.24438695
v 0.39309641 0.53744016 -1.26732585
v 0.35180126 0.52485636 -1.18509936
v 0.34866795 0.52612078 -1.11085198
v 0.34920801 0.52552665 -1.03509770
v 0.34987957 0.52512607 -0.95964448
v 0.35001123 0.52512771 -0.88457159
v 0.34993766 0.52520524 -0.80963167
v 0.34988652 0.52523398 -0.73467177
v 0.34987675 0.52523454 -0.65967789
v 0.34987945 0.52523149 -0.58467561
v 0.34987975 0.52523202 -0.50967489
v 0.34987852 0.52523363 -0.43467566
v 0.34989828 0.52521245 -0.35967907
v 0.34992659 0.52517909 -0.28467146
v 0.34973998 0.52536227 -0.20959755
v 0.34913880 0.52597240 -0.13449174
v 0.34947824 0.52593709 -0.06017006
v 0.35586542 0.52264821 0.00972112
v 0.37513347 0.51958014 0.06567170
v 0.37440364 0.50554678 0.11675992
v 0.37536510 0.49887132 0.18722886
v 0.37589154 0.49835054 0.26155801
v 0.37589201 0.49904617 0.33659058
v 0.37560697 0.49978803 0.41137511
v 0.37501471 0.50109651 0.48595181
v 0.37456995 0.50268258 0.56090428
v 0.37538443 0.50085829 0.63762387
v 0.37833843 0.48703397 0.71984447
v 0.39256548 0.47464833 0.79032328
v 0.37752744 0.48513075 2.52080968
v 0.36824901 0.54364048 2.53738825
v 0.35629817 0.60613584 -2.52409826
v 0.37036017 0.58262266 -2.48637926
v 0.37607967 0.56041320 -2.42379084
v 0.38666549 0.56126683 -2.34329850
v 0.38806296 0.56227533 -2.26693291
v 0.38772123 0.56285546 -2.19172675
v 0.38712184 0.56333955 -2.11676171
v 0.38665513 0.56362852 -2.04160010
v 0.38812329 0.56043883 -1.96762815
v 0.39250457 0.54847134 -1.90810347
v 0.39007713 0.55664029 -1.21119552
v 0.38673898 0.56305508 -1.14134162
v 0.38670861 0.56338288 -1.06694518
v 0.38733404 0.56279613 -0.99179887
v 0.38750004 0.56264917 -0.91677595
v 0.38742744 0.56270826 -0.84183692
v 0.38737919 0.56273805 -0.76687204
v 0.38737529 0.56273518 -0.69187574
v 0.38737966 0.56273114 -0.61687282
v 0.38738088 0.56273105 -0.54187202
v 0.38737865 0.56273369 -0.46687190
v 0.38738309 0.56272546 -0.39187206
v 0.38741388 0.56268847 -0.31687668
v 0.38739007 0.56275680 -0.24187448
v 0.38706181 0.56325209 -0.16678691
v 0.38666144 0.56363579 -0.09158494
v 0.38812097 0.56048209 -0.01764443
v 0.39248402 0.54854252 0.04184522
v 0.37609513 0.62476571 2.54103617
v 0.39115056 0.63073658 -2.50523307
v 0.36047564 0.67035944 -2.53954026
v 0.37661198 0.70060854 2.54195282
v 0.37504399 0.75177466 -2.54027598
v 0.37603043 0.77567301 2.54181963
v 0.37570475 0.82884361 -2.54115891
v 0.37583787 0.85061946 2.54169333
v 0.37409567 0.90377803 -2.54220750
v 0.37585624 0.92560193 2.54168249
v 0.37442323 0.97813135 -2.54293075
v 0.37587115 1.00061799 2.54166403
v 0.37572724 1.05429600 -2.54392485
v 0.37595886 1.07560847 2.54172322
v 0.37595998 1.13032311 -2.54391155
v 0.37609506 1.15043015 2.54209986
v 0.37514562 1.20369710 -2.54282087
v 0.37544151 1.22507826 2.54225009
v 0.37424898 1.27653108 -2.54339802
v 0.37264631 1.30024181 2.53982384
v 0.37365001 1.35167241 -2.54454943
v 0.36812267 1.37152651 2.53480524
v 0.37339012 1.43030879 -2.54587634
v 0.37171074 1.42105876 2.52417326
v 0.39609854 1.43981912 2.50028231
v 0.39447385 1.39813816 2.50489670
v 0.37775256 1.50763328 -2.54371557
v 0.37783288 1.46355204 2.52473131
v 0.36672218 1.52130249 2.54036958
v 0.38648898 1.56423385 -2.53340314
v 0.36758941 1.58192843 2.53359112
v 0.36842384 1.59934628 -2.51634799
v 0.37311816 1.61025334 -2.46357219
v 0.37621516 1.61006350 -2.38804634
v 0.37664258 1.60893940 -2.30817916
v 0.37607439 1.60899381 -2.23110261
v 0.37580942 1.60922320 -2.15611185
v 0.37584335 1.60922796 -2.08142348
v 0.37588412 1.60918209 -2.00651309
v 0.37588067 1.60917082 -1.93151022
v 0.37587534 1.60917108 -1.85650884
v 0.37587762 1.60917174 -1.78150794
v 0.37588031 1.60917393 -1.70650381
v 0.37588104 1.60917575 -1.63150124
v 0.37588085 1.60917614 -1.55650114
v 0.37588055 1.60917603 -1.48150176
v 0.37588031 1.60917609 -1.40650225
v 0.37588013 1.60917623 -1.33150257
v 0.37588011 1.60917630 -1.25650272
v 0.37588024 1.60917628 -1.18150268
v 0.37588045 1.60917616 -1.10650240
v 0.37588070 1.60917588 -1.03150199
v 0.37587996 1.60917612 -0.95650247
v 0.37587778 1.60917758 -0.88150236
v 0.37588968 1.60917179 -0.80648983
v 0.37593069 1.60915070 -0.73146875
v 0.37586291 1.60917824 -0.65654306
v 0.37533749 1.60933793 -0.58193872
v 0.37455305 1.60933819 -0.50768528
v 0.37528242 1.60884587 -0.43287137
v 0.37644291 1.60880010 -0.35631973
v 0.37635824 1.60855537 -0.27980992
v 0.37610387 1.60770599 -0.20472188
v 0.37600846 1.60742028 -0.12993456
v 0.37601873 1.60743123 -0.05504453
v 0.37603145 1.60743845 0.01994043
v 0.37601884 1.60741041 0.09491781
v 0.37600311 1.60752065 0.16989085
v 0.37609256 1.60796301 0.24503714
v 0.37640430 1.60827796 0.32051347
v 0.37668583 1.60715329 0.39627590
v 0.37548454 1.60778071 0.47103347
v 0.37462626 1.60886138 0.54407485
v 0.37528954 1.60836785 0.61802823
v 0.37573789 1.60880087 0.69340907
v 0.37586771 1.60916681 0.76846959
v 0.37536367 1.60937407 0.84306280
v 0.37455904 1.60934624 0.91731281
v 0.37528183 1.60883050 0.99212833
v 0.37643037 1.60875752 1.06865065
v 0.37633120 1.60862406 1.14513087
v 0.37616628 1.60821711 1.22036569
v 0.37638255 1.60824518 1.29562928
v 0.37667339 1.60712982 1.37127967
v 0.37548569 1.60777984 1.44602599
v 0.37462990 1.60886047 1.51907468
v 0.37528046 1.60837173 1.59301712
v 0.37568776 1.60882606 1.66837645
v 0.37588524 1.60916480 1.74351088
v 0.37590641 1.60921164 1.81849922
v 0.37588517 1.60918209 1.89349375
v 0.37587873 1.60917458 1.96849872
v 0.37588361 1.60918134 2.04350348
v 0.37588363 1.60916330 2.11849215
v 0.37583170 1.60908860 2.19342413
v 0.37578198 1.60921549 2.26848440
v 0.37622771 1.61011985 2.34438806
v 0.37752283 1.61065397 2.42079263
v 0.37706451 1.60402580 2.49046101
v 0.40956199 -0.04713269 1.83141078
v 0.41287552 -0.06048349 1.91121227
v 0.41523563 -0.06260264 1.99006072
v 0.41451601 -0.06377124 2.06649282
v 0.40367573 -0.07415832 2.12052193
v 0.40930364 0.02792641 1.68252425
v 0.41449765 0.00362501 1.77025387
v 0.42424143 0.01407847 1.84895545
v 0.42440541 0.00314735 1.91058535
v 0.42511574 0.00183406 1.98524422
v 0.42487320 0.00258605 2.06125253
v 0.41390445 -0.00693240 2.13404662
v 0.40579668 0.10284806 1.47075705
v 0.41318626 0.08852907 1.53619749
v 0.41435636 0.07656500 1.61857622
v 0.42371163 0.09023652 1.69852349
v 0.42388154 0.07769113 1.76158440
v 0.42454128 0.07486494 1.83717439
v 0.42467610 0.07545501 1.91143510
v 0.42446921 0.07544645 1.98534284
v 0.42513468 0.07713210 2.06074361
v 0.42449300 0.07716785 2.13522377
v 0.41545604 0.07348920 2.20731064
v 0.40843966 0.09156000 2.28245405
v 0.41459695 0.17432130 1.45561371
v 0.42405162 0.15345772 1.53327183
v 0.42449751 0.14876105 1.60936872
v 0.42426991 0.15045283 1.68665298
v 0.42424684 0.15159561 1.76108793
v 0.42340510 0.15062829 1.83495673
v 0.42254084 0.15122264 1.91039388
v 0.42193764 0.15213470 1.98586747
v 0.42210606 0.15316574 2.06131389
v 0.42343217 0.15438090 2.13664186
v 0.42481708 0.15498836 2.21136307
v 0.42382079 0.15587052 2.28522734
v 0.41211111 0.15176652 2.35426024
v 0.41212552 0.24314494 1.39053222
v 0.42448738 0.24266384 1.47240533
v 0.42528907 0.22755384 1.53466097
v 0.42485433 0.22420487 1.60927939
v 0.42345589 0.22559846 1.68509226
v 0.42244373 0.22706708 1.76049673
v 0.42177106 0.22769614 1.83556629
v 0.42122158 0.22818965 1.91084636
v 0.42078731 0.22869794 1.98626779
v 0.42056876 0.22901567 2.06156466
v 0.42110777 0.22961611 2.13691619
v 0.42325461 0.23097780 2.21289339
v 0.42616006 0.23185942 2.28924630
v 0.42367995 0.22727509 2.36145242
v 0.40579351 0.21238410 2.41774217
v 0.40783790 0.33030158 1.23169460
v 0.41459636 0.30493604 1.31987624
v 0.42399503 0.31493100 1.39913737
v 0.42433714 0.30415778 1.46228688
v 0.42413702 0.30143843 1.53595183
v 0.42290627 0.30085671 1.61038919
v 0.42185552 0.30236660 1.68599337
v 0.42119326 0.30359183 1.76126888
v 0.42088109 0.30402295 1.83635289
v 0.42075142 0.30420928 1.91150118
v 0.42067156 0.30434660 1.98666535
v 0.42051670 0.30427911 2.06168737
v 0.42046926 0.30433389 2.13667437
v 0.42150455 0.30548791 2.21237364
v 0.42418259 0.30729661 2.28933373
v 0.42455964 0.30373580 2.36402666
v 0.41146096 0.28385932 2.42518333
v 0.40985482 0.39258477 1.16621619
v 0.42292128 0.39258529 1.24663866
v 0.42380837 0.37779576 1.31017582
v 0.42432219 0.37565887 1.38611899
v 0.42380737 0.37664438 1.46062106
v 0.42251042 0.37623041 1.53493259
v 0.42148812 0.37716322 1.61076517
v 0.42090395 0.37847667 1.68649495
v 0.42069574 0.37931460 1.76177912
v 0.42068253 0.37948760 1.83678185
v 0.42074066 0.37942921 1.91178644
v 0.42080612 0.37938169 1.98682090
v 0.42076680 0.37922224 2.06175337
v 0.42060402 0.37906037 2.13655766
v 0.42097881 0.37981628 2.21175571
v 0.42284117 0.38195244 2.28822139
v 0.42366081 0.38074764 2.36438185
v 0.41337919 0.36059610 2.42833874
v 0.40995689 0.47870536 0.85791022
v 0.41147557 0.46561618 0.93603843
v 0.41284640 0.46223922 1.01373517
v 0.41509699 0.45295414 1.09787933
v 0.42246833 0.46595386 1.17358127
v 0.42360951 0.45404753 1.23637423
v 0.42447821 0.45076444 1.30998988
v 0.42354578 0.45010236 1.38439149
v 0.42239286 0.45148986 1.45991005
v 0.42144660 0.45257907 1.53538212
v 0.42087704 0.45333228 1.61103404
v 0.42067054 0.45404526 1.68662011
v 0.42068497 0.45443015 1.76184620
v 0.42076926 0.45444583 1.83683794
v 0.42084702 0.45434102 1.91180040
v 0.42090427 0.45427055 1.98679568
v 0.42087986 0.45413789 2.06173769
v 0.42070584 0.45395293 2.13654642
v 0.42082803 0.45442945 2.21156568
v 0.42236123 0.45644285 2.28769673
v 0.42426310 0.45760460 2.36475536
v 0.41602553 0.44714340 2.44017905
v 0.40945889 0.55217735 -1.84183770
v 0.41224040 0.53819234 -1.76391724
v 0.41328426 0.53564027 -1.68876776
v 0.41337919 0.53627853 -1.61357290
v 0.41351268 0.53669946 -1.53840128
v 0.41414707 0.53675627 -1.46325065
v 0.41370266 0.53722831 -1.38890803
v 0.40706441 0.53820291 -1.31847678
v 0.40943055 0.55224945 0.10810993
v 0.41220762 0.53826318 0.18606065
v 0.41330730 0.53564828 0.26132353
v 0.41349928 0.53619186 0.33664252
v 0.41344253 0.53660689 0.41172847
v 0.41323837 0.53697418 0.48646636
v 0.41273845 0.53815369 0.56088092
v 0.41209942 0.53964872 0.63551847
v 0.41206233 0.53781399 0.71246801
v 0.41513671 0.52694069 0.79718360
v 0.42344466 0.54052890 0.87398562
v 0.42354435 0.52901775 0.93523076
v 0.42343068 0.52677929 1.00906326
v 0.42297614 0.52683097 1.08493792
v 0.42315929 0.52771580 1.16088398
v 0.42331982 0.52752178 1.23502302
v 0.42273689 0.52608035 1.30946853
v 0.42199051 0.52672623 1.38525237
v 0.42129649 0.52795252 1.46084625
v 0.42087690 0.52879025 1.53622113
v 0.42072208 0.52915004 1.61151581
v 0.42073328 0.52932348 1.68673734
v 0.42080682 0.52937561 1.76181049
v 0.42087352 0.52931375 1.83678181
v 0.42091378 0.52924105 1.91175063
v 0.42093681 0.52920622 1.98674842
v 0.42090069 0.52911156 2.06170821
v 0.42072167 0.52895504 2.13654371
v 0.42070308 0.52931761 2.21153177
v 0.42198710 0.53106159 2.28760702
v 0.42495866 0.53289632 2.36488647
v 0.42440029 0.52848659 2.43868738
v 0.40878532 0.51306470 2.49504901
v 0.40958648 0.62688561 -2.44284777
v 0.41195819 0.61232217 -2.36237260
v 0.41290542 0.61143274 -2.28575844
v 0.41271669 0.61219879 -2.21107412
v 0.41254160 0.61279970 -2.13663136
v 0.41222536 0.61329388 -2.06169450
v 0.41225387 0.61203376 -1.98541958
v 0.41460190 0.60190045 -1.90253352
v 0.42287668 0.61525235 -1.82637902
v 0.42391994 0.60253819 -1.76400637
v 0.42486092 0.59899928 -1.68905975
v 0.42503460 0.59939122 -1.61338612
v 0.42500642 0.60002179 -1.53807245
v 0.42534526 0.60014553 -1.46288815
v 0.42586665 0.60024962 -1.38804044
v 0.42425846 0.60032540 -1.31467188
v 0.41581424 0.59686129 -1.24162347
v 0.41254299 0.61139251 -1.16084806
v 0.41198533 0.61349692 -1.08649151
v 0.41244066 0.61288318 -1.01168039
v 0.41266220 0.61249738 -0.93665671
v 0.41262902 0.61248545 -0.86166409
v 0.41258807 0.61252088 -0.78667853
v 0.41258683 0.61252238 -0.71167900
v 0.41259209 0.61251815 -0.63667595
v 0.41259335 0.61251767 -0.56167520
v 0.41259225 0.61251946 -0.48667542
v 0.41259048 0.61251954 -0.41167407
v 0.41260252 0.61249702 -0.33667277
v 0.41262905 0.61248410 -0.26169271
v 0.41254583 0.61272210 -0.18674815
v 0.41221829 0.61324355 -0.11165167
v 0.41224675 0.61203559 -0.03539754
v 0.41459412 0.60192104 0.04745079
v 0.42286992 0.61526876 0.12360151
v 0.42389191 0.60258834 0.18594322
v 0.42481138 0.59908666 0.26085793
v 0.42500117 0.59949065 0.33651884
v 0.42496176 0.60007567 0.41178974
v 0.42495668 0.60010529 0.48680461
v 0.42488609 0.60024497 0.56158996
v 0.42455406 0.60109750 0.63603820
v 0.42392528 0.60207205 0.71050477
v 0.42344945 0.60128615 0.78623594
v 0.42386419 0.60141844 0.86230455
v 0.42424164 0.60142005 0.93617160
v 0.42389537 0.60048650 1.00983071
v 0.42334042 0.60146658 1.08474854
v 0.42266885 0.60240667 1.15968182
v 0.42205611 0.60266417 1.23479395
v 0.42149182 0.60273537 1.31028010
v 0.42103042 0.60323639 1.38601642
v 0.42077592 0.60396803 1.46156159
v 0.42071235 0.60436927 1.53676219
v 0.42075638 0.60442378 1.61180889
v 0.42082972 0.60436278 1.68681403
v 0.42088771 0.60429610 1.76178697
v 0.42091639 0.60423469 1.83674602
v 0.42092704 0.60420401 1.91172688
v 0.42093373 0.60419668 1.98673324
v 0.42089671 0.60411649 2.06170199
v 0.42073379 0.60397858 2.13654878
v 0.42066307 0.60432542 2.21151134
v 0.42167788 0.60591470 2.28753668
v 0.42455823 0.60751854 2.36514393
v 0.42577634 0.60307834 2.44050515
v 0.41305613 0.58316494 2.50184382
v 0.41005195 0.69150179 -2.49433030
v 0.42382757 0.68980008 -2.42749259
v 0.42399297 0.67787952 -2.36664724
v 0.42306020 0.67666957 -2.29068210
v 0.42181198 0.67651766 -2.21510636
v 0.42198514 0.67752166 -2.14099941
v 0.42227492 0.67811343 -2.06662726
v 0.42210943 0.67831957 -1.99166562
v 0.42209477 0.67698540 -1.91531475
v 0.42311088 0.67676105 -1.83858520
v 0.42408913 0.67633578 -1.76392314
v 0.42425588 0.67475702 -1.68933708
v 0.42423850 0.67516346 -1.61357720
v 0.42412132 0.67584446 -1.53820747
v 0.42415061 0.67604841 -1.46308773
v 0.42454651 0.67605843 -1.38798920
v 0.42493051 0.67612027 -1.31334893
v 0.42395994 0.67592102 -1.23967532
v 0.42240122 0.67731118 -1.16565264
v 0.42198565 0.67880680 -1.09103894
v 0.42225964 0.67825692 -1.01643793
v 0.42246253 0.67772927 -0.94148272
v 0.42246153 0.67763532 -0.86645662
v 0.42242839 0.67767196 -0.79145054
v 0.42242571 0.67768373 -0.71644990
v 0.42243043 0.67768071 -0.64144845
v 0.42243139 0.67767971 -0.56644802
v 0.42243104 0.67768033 -0.49144841
v 0.42242955 0.67768231 -0.41644828
v 0.42242977 0.67767630 -0.34144402
v 0.42244603 0.67764871 -0.26644297
v 0.42245922 0.67768993 -0.19149809
v 0.42234950 0.67800948 -0.11665497
v 0.42207378 0.67828488 -0.04162680
v 0.42208366 0.67698791 0.03469595
v 0.42311511 0.67675903 0.11141569
v 0.42409049 0.67633384 0.18607388
v 0.42424695 0.67476763 0.26064497
v 0.42422877 0.67519297 0.33638984
v 0.42413808 0.67588079 0.41174690
v 0.42411596 0.67602689 0.48680758
v 0.42416307 0.67589128 0.56181303
v 0.42417424 0.67594272 0.63669118
v 0.42399552 0.67640410 0.71127000
v 0.42353151 0.67689676 0.78571091
v 0.42290940 0.67708888 0.86041268
v 0.42236620 0.67713704 0.93547992
v 0.42199589 0.67731360 1.01079431
v 0.42173356 0.67790449 1.08611174
v 0.42146703 0.67856722 1.16114941
v 0.42117343 0.67881800 1.23608139
v 0.42091785 0.67888133 1.31124067
v 0.42075999 0.67907488 1.38656766
v 0.42072288 0.67932804 1.46180984
v 0.42077199 0.67942856 1.53687124
v 0.42084226 0.67936938 1.61183605
v 0.42089243 0.67928006 1.68679051
v 0.42091529 0.67922556 1.76175432
v 0.42091920 0.67920067 1.83672913
v 0.42091980 0.67920174 1.91172418
v 0.42092496 0.67920546 1.98673546
v 0.42089015 0.67912396 2.06170578
v 0.42074282 0.67898884 2.13655866
v 0.42068859 0.67934593 2.21151274
v 0.42159349 0.68090833 2.28745920
v 0.42414365 0.68237283 2.36503053
v 0.42534005 0.67773586 2.44098090
v 0.41426242 0.65799675 2.50423938
v 0.41280387 0.77360767 -2.50340467
v 0.42595616 0.75011577 -2.44121398
v 0.42794955 0.73676871 -2.37961716
v 0.43251152 0.75940709 -2.30119442
v 0.42386997 0.74984547 -2.21491381
v 0.42202146 0.75089964 -2.13924533
v 0.42272755 0.75202490 -2.06487101
v 0.42309140 0.75235636 -1.99030268
v 0.42286059 0.75242503 -1.91547162
v 0.42250466 0.75234124 -1.84025936
v 0.42221752 0.75227978 -1.76478073
v 0.42196341 0.75238328 -1.68918641
v 0.42176900 0.75283655 -1.61359123
v 0.42165068 0.75335722 -1.53827589
v 0.42158744 0.75353860 -1.46323530
v 0.42166300 0.75352446 -1.38818470
v 0.42198673 0.75352569 -1.31310530
v 0.42238152 0.75347463 -1.23833082
v 0.42260504 0.75332878 -1.16395654
v 0.42278977 0.75303533 -1.08959356
v 0.42303401 0.75248457 -1.01494727
v 0.42317860 0.75201828 -0.94003572
v 0.42318430 0.75190228 -0.86501487
v 0.42315804 0.75193584 -0.79000067
v 0.42315310 0.75195642 -0.71499988
v 0.42315638 0.75195565 -0.64000037
v 0.42315716 0.75195408 -0.56500047
v 0.42315699 0.75195409 -0.49000074
v 0.42315676 0.75195497 -0.41500132
v 0.42315530 0.75195603 -0.34000035
v 0.42315729 0.75194477 -0.26499227
v 0.42317361 0.75192331 -0.18999151
v 0.42317892 0.75199188 -0.11507260
v 0.42307861 0.75224824 -0.04029525
v 0.42281809 0.75241505 0.03454540
v 0.42250277 0.75234667 0.10974408
v 0.42222263 0.75227655 0.18522163
v 0.42196586 0.75237701 0.26081741
v 0.42177045 0.75283131 0.33641348
v 0.42166615 0.75335970 0.41173468
v 0.42163094 0.75354264 0.48677050
v 0.42164536 0.75347644 0.56176408
v 0.42169034 0.75337565 0.63679575
v 0.42172823 0.75338167 0.71175978
v 0.42167585 0.75353285 0.78654585
v 0.42146685 0.75369809 0.86124443
v 0.42116253 0.75376479 0.93612566
v 0.42092020 0.75383816 1.01133062
v 0.42081979 0.75404432 1.08666211
v 0.42080471 0.75427384 1.16182816
v 0.42079766 0.75435105 1.23680721
v 0.42078448 0.75431786 1.31177731
v 0.42078828 0.75431224 1.38680939
v 0.42082084 0.75433641 1.46183568
v 0.42086696 0.75431841 1.53681303
v 0.42090241 0.75425854 1.61176992
v 0.42091729 0.75420945 1.68673961
v 0.42091736 0.75419161 1.76172539
v 0.42091244 0.75419297 1.83672044
v 0.42091337 0.75420768 1.91172638
v 0.42092167 0.75421292 1.98673993
v 0.42088809 0.75412737 2.06170905
v 0.42074348 0.75398967 2.13656367
v 0.42070864 0.75435254 2.21152544
v 0.42162423 0.75592472 2.28744875
v 0.42404348 0.75736032 2.36491009
v 0.42490783 0.75262044 2.44080069
v 0.41371947 0.73290466 2.50444428
v 0.41311312 0.84923142 -2.50766191
v 0.42736177 0.81497953 -2.45737220
v 0.43908286 0.81573554 -2.38310304
v 0.45417025 0.81501590 -2.31971904
v 0.45220762 0.81080693 -2.27673449
v 0.43194751 0.82358853 -2.21615502
v 0.45844378 0.85468228 -2.25490299
v 0.42111011 0.82543933 -2.13830228
v 0.42067370 0.82797300 -2.06325191
v 0.42154040 0.82862589 -1.98843250
v 0.42171086 0.82864344 -1.91365249
v 0.42148491 0.82869691 -1.83885924
v 0.42118686 0.82876299 -1.76389367
v 0.42092657 0.82888939 -1.68869140
v 0.42076415 0.82914585 -1.61340605
v 0.42069973 0.82939234 -1.53824780
v 0.42067531 0.82947185 -1.46324883
v 0.42065585 0.82943941 -1.38827670
v 0.42069609 0.82942415 -1.31322484
v 0.42087190 0.82942395 -1.23813966
v 0.42115200 0.82932586 -1.16315598
v 0.42142943 0.82905535 -1.08829075
v 0.42162353 0.82869476 -1.01341502
v 0.42170311 0.82843962 -0.93844818
v 0.42169897 0.82837887 -0.86342954
v 0.42167802 0.82841331 -0.78841441
v 0.42167213 0.82843664 -0.71341166
v 0.42167326 0.82843809 -0.63841137
v 0.42167315 0.82843675 -0.56341069
v 0.42167256 0.82843714 -0.48841041
v 0.42167258 0.82843762 -0.41341070
v 0.42167235 0.82843885 -0.33841150
v 0.42167102 0.82843879 -0.26340976
v 0.42167352 0.82842646 -0.18839888
v 0.42168824 0.82841068 -0.11339355
v 0.42169770 0.82845552 -0.03845852
v 0.42164008 0.82858695 0.03635797
v 0.42146086 0.82870776 0.11114953
v 0.42118858 0.82876820 0.18610941
v 0.42092758 0.82888815 0.26131021
v 0.42076381 0.82914293 0.33659592
v 0.42070070 0.82938978 0.41175826
v 0.42069088 0.82947583 0.48676694
v 0.42069435 0.82944564 0.56173465
v 0.42070152 0.82939994 0.63674100
v 0.42072336 0.82936245 0.71178029
v 0.42075899 0.82934351 0.78679859
v 0.42077855 0.82935138 0.86175536
v 0.42075846 0.82935807 0.93669251
v 0.42072256 0.82935471 1.01169870
v 0.42071572 0.82936802 1.08678000
v 0.42074731 0.82938445 1.16184841
v 0.42079241 0.82936199 1.23685298
v 0.42083151 0.82931142 1.31182694
v 0.42086349 0.82927471 1.38680504
v 0.42089103 0.82925489 1.46178238
v 0.42091079 0.82923045 1.53675279
v 0.42091868 0.82920296 1.61172820
v 0.42091689 0.82918897 1.68671792
v 0.42091140 0.82918995 1.76171760
v 0.42090729 0.82919790 1.83672068
v 0.42091115 0.82921321 1.91172943
v 0.42092190 0.82921582 1.98674220
v 0.42088886 0.82912702 2.06170870
v 0.42074209 0.82898735 2.13656064
v 0.42070914 0.82935147 2.21152618
v 0.42164552 0.83093163 2.28746046
v 0.42407740 0.83237190 2.36489965
v 0.42483463 0.82759703 2.44068921
v 0.41336480 0.80782643 2.50424067
v 0.41112809 0.91738657 -2.51691697
v 0.43821821 0.89690489 -2.45841363
v 0.46003607 0.88679546 -2.39551953
v 0.46510762 0.85621411 -2.35086960
v 0.43428938 0.90199751 -2.20110009
v 0.46100806 0.92073859 -2.24940920
v 0.42126989 0.89972172 -2.13746728
v 0.41931380 0.90304407 -2.06335041
v 0.42038499 0.90439313 -1.98810549
v 0.42092925 0.90438442 -1.91304036
v 0.42092521 0.90428087 -1.83812548
v 0.42083108 0.90429785 -1.76322518
v 0.42076112 0.90433392 -1.68826235
v 0.42072103 0.90438246 -1.61323953
v 0.42071668 0.90442675 -1.53822180
v 0.42072916 0.90442286 -1.46324361
v 0.42072827 0.90438572 -1.38827843
v 0.42070756 0.90436592 -1.31328782
v 0.42069888 0.90437665 -1.23825416
v 0.42073678 0.90438255 -1.16319348
v 0.42080894 0.90434056 -1.08814131
v 0.42086674 0.90425955 -1.01310904
v 0.42088038 0.90420431 -0.93808312
v 0.42086406 0.90421135 -0.86306136
v 0.42084845 0.90424565 -0.78805190
v 0.42084499 0.90426449 -0.71305207
v 0.42084626 0.90426608 -0.63805286
v 0.42084592 0.90426460 -0.56305118
v 0.42084432 0.90426489 -0.48804888
v 0.42084317 0.90426598 -0.41304754
v 0.42084285 0.90426723 -0.33804746
v 0.42084244 0.90426897 -0.26304847
v 0.42084126 0.90426835 -0.18804760
v 0.42084346 0.90425758 -0.11303829
v 0.42085635 0.90424191 -0.03802641
v 0.42087437 0.90424800 0.03695392
v 0.42087054 0.90428115 0.11187670
v 0.42082510 0.90431123 0.18678214
v 0.42075990 0.90433656 0.26174309
v 0.42071802 0.90438314 0.33676380
v 0.42071345 0.90442749 0.41178050
v 0.42072580 0.90442519 0.48676204
v 0.42073372 0.90439371 0.56173478
v 0.42073260 0.90437668 0.63672318
v 0.42073003 0.90437398 0.71172997
v 0.42073677 0.90436430 0.78675186
v 0.42075731 0.90434667 0.86177707
v 0.42078559 0.90432936 0.93678948
v 0.42081290 0.90431352 1.01178807
v 0.42083682 0.90429792 1.08678236
v 0.42085852 0.90427843 1.16177382
v 0.42087746 0.90425110 1.23676099
v 0.42089277 0.90422426 1.31174904
v 0.42090464 0.90420940 1.38674087
v 0.42091262 0.90420365 1.46173262
v 0.42091550 0.90419822 1.53672347
v 0.42091369 0.90419352 1.61171797
v 0.42090990 0.90419387 1.68671818
v 0.42090660 0.90419776 1.76172086
v 0.42090547 0.90420360 1.83672362
v 0.42091140 0.90421581 1.91173063
v 0.42092248 0.90421386 1.98673971
v 0.42088777 0.90412003 2.06169986
v 0.42073758 0.90397784 2.13654372
v 0.42070001 0.90434289 2.21150292
v 0.42163735 0.90592806 2.28744098
v 0.42408869 0.90737777 2.36489595
v 0.42486654 0.90260213 2.44068375
v 0.41334368 0.88279777 2.50418271
v 0.42503102 0.98670443 -2.50983204
v 0.45949855 0.97098455 -2.46541012
v 0.46867767 0.93471537 -2.42477591
v 0.43392377 0.97821330 -2.20094452
v 0.46006253 0.99632844 -2.25361071
v 0.42108797 0.97467331 -2.13677187
v 0.41881892 0.97751096 -2.06404186
v 0.41997563 0.97938546 -1.98854980
v 0.42077606 0.97954995 -1.91318945
v 0.42087682 0.97935203 -1.83814500
v 0.42082987 0.97929825 -1.76317139
v 0.42083150 0.97930221 -1.68819451
v 0.42085264 0.97929449 -1.61321504
v 0.42087209 0.97927750 -1.53823612
v 0.42088773 0.97925427 -1.46325738
v 0.42089575 0.97923165 -1.38827342
v 0.42089173 0.97922050 -1.31328277
v 0.42087506 0.97922268 -1.23828651
v 0.42085310 0.97923409 -1.16327942
v 0.42083416 0.97924992 -1.08825816
v 0.42081708 0.97926681 -1.01323037
v 0.42079776 0.97928722 -0.93820894
v 0.42078157 0.97931168 -0.86320405
v 0.42077781 0.97932982 -0.78821750
v 0.42078640 0.97933283 -0.71324080
v 0.42079923 0.97932571 -0.63826229
v 0.42080960 0.97931740 -0.56327521
v 0.42081494 0.97931060 -0.48827901
v 0.42081557 0.97930596 -0.41327727
v 0.42081417 0.97930487 -0.33827462
v 0.42081318 0.97930644 -0.26327394
v 0.42081285 0.97930783 -0.18827606
v 0.42081275 0.97930606 -0.11327779
v 0.42081453 0.97929926 -0.03826991
v 0.42082105 0.97929207 0.03675287
v 0.42083161 0.97929292 0.11177923
v 0.42084087 0.97929960 0.18679263
v 0.42084673 0.97930140 0.26179198
v 0.42085442 0.97929486 0.33678461
v 0.42086716 0.97928013 0.41177019
v 0.42087996 0.97925591 0.48674778
v 0.42088816 0.97923082 0.56172333
v 0.42089389 0.97921806 0.63669996
v 0.42090066 0.97921623 0.71167606
v 0.42090921 0.97921316 0.78665534
v 0.42091970 0.97920290 0.86164682
v 0.42093168 0.97919008 0.93665415
v 0.42094199 0.97918348 1.01167088
v 0.42094637 0.97918677 1.08668716
v 0.42094282 0.97919405 1.16169860
v 0.42093314 0.97919748 1.23670738
v 0.42092254 0.97919710 1.31171553
v 0.42091617 0.97919764 1.38672090
v 0.42091463 0.97920005 1.46172168
v 0.42091445 0.97920219 1.53672049
v 0.42091324 0.97920383 1.61172087
v 0.42091162 0.97920575 1.68672291
v 0.42091059 0.97920748 1.76172444
v 0.42091107 0.97921103 1.83672546
v 0.42091735 0.97922026 1.91173060
v 0.42092612 0.97921135 1.98673536
v 0.42088620 0.97911017 2.06168876
v 0.42073117 0.97896786 2.13652914
v 0.42069235 0.97933645 2.21148917
v 0.42162975 0.98092064 2.28742288
v 0.42408117 0.98237134 2.36486898
v 0.42486841 0.97760542 2.44065994
v 0.41336518 0.95780245 2.50417226
v 0.42583196 1.07339782 -2.51693415
v 0.46336492 1.03560799 -2.47702007
v 0.43101333 1.06329832 -2.21194464
v 0.45531868 1.06113403 -2.26638973
v 0.42067198 1.05092061 -2.13856658
v 0.41880231 1.05208943 -2.06460521
v 0.41994843 1.05409200 -1.98888887
v 0.42083869 1.05450136 -1.91333134
v 0.42098978 1.05431377 -1.83822704
v 0.42092235 1.05422351 -1.76324709
v 0.42090397 1.05422590 -1.68825108
v 0.42091945 1.05422648 -1.61324991
v 0.42093181 1.05421689 -1.53825561
v 0.42093734 1.05420699 -1.46326299
v 0.42093935 1.05420102 -1.38826638
v 0.42094011 1.05420000 -1.31326613
v 0.42093924 1.05420091 -1.23826712
v 0.42093406 1.05420227 -1.16327122
v 0.42092317 1.05420761 -1.08827406
v 0.42090841 1.05421789 -1.01327293
v 0.42089592 1.05422641 -0.93827657
v 0.42089581 1.05422690 -0.86329861
v 0.42091347 1.05421847 -0.78833745
v 0.42094120 1.05419985 -0.71337728
v 0.42096753 1.05417317 -0.63841163
v 0.42099079 1.05414919 -0.56344533
v 0.42101324 1.05413242 -0.48847573
v 0.42103030 1.05411611 -0.41349326
v 0.42103693 1.05410051 -0.33849655
v 0.42103641 1.05409311 -0.26349408
v 0.42103534 1.05409254 -0.18849367
v 0.42103624 1.05409256 -0.11349470
v 0.42103623 1.05409610 -0.03848784
v 0.42102956 1.05411155 0.03653632
v 0.42101445 1.05413891 0.11157546
v 0.42099678 1.05416943 0.18661815
v 0.42098170 1.05419576 0.26165823
v 0.42096634 1.05421317 0.33669587
v 0.42094836 1.05421625 0.41172539
v 0.42093543 1.05420385 0.48673298
v 0.42093852 1.05418467 0.56171119
v 0.42095894 1.05416817 0.63667152
v 0.42098652 1.05415137 0.71163207
v 0.42101164 1.05412794 0.78659603
v 0.42103453 1.05410419 0.86156034
v 0.42105587 1.05409089 0.93653721
v 0.42106575 1.05409206 1.01154264
v 0.42105520 1.05410865 1.08657139
v 0.42103014 1.05413813 1.16160534
v 0.42100142 1.05417137 1.23663868
v 0.42097200 1.05419760 1.31167526
v 0.42094403 1.05421151 1.38670994
v 0.42092525 1.05421587 1.46173120
v 0.42091927 1.05421696 1.53673714
v 0.42092025 1.05421796 1.61173625
v 0.42092151 1.05421858 1.68673542
v 0.42092155 1.05421871 1.76173517
v 0.42092232 1.05422154 1.83673545
v 0.42092767 1.05422819 1.91174022
v 0.42093193 1.05421083 1.98674292
v 0.42088573 1.05410664 2.06169605
v 0.42073275 1.05398849 2.13655932
v 0.42071196 1.05439259 2.21158052
v 0.42167588 1.05597226 2.28757352
v 0.42414333 1.05737836 2.36500990
v 0.42492111 1.05258848 2.44072314
v 0.41339260 1.03280239 2.50416564
v 0.42504300 1.15099670 -2.50397145
v 0.46240155 1.10501642 -2.47382216
v 0.43415767 1.13534718 -2.27194777
v 0.45604077 1.13957194 -2.33413873
v 0.46498703 1.09553268 -2.30473812
v 0.42122289 1.14039541 -2.20028002
v 0.41947923 1.12755074 -2.13925501
v 0.41906327 1.12696491 -2.06494394
v 0.42009397 1.12875283 -1.98894172
v 0.42086082 1.12937826 -1.91331608
v 0.42100457 1.12927120 -1.83820390
v 0.42092837 1.12916751 -1.76324642
v 0.42089035 1.12916633 -1.68826437
v 0.42089247 1.12917646 -1.61326067
v 0.42089612 1.12917681 -1.53825777
v 0.42089552 1.12917623 -1.46325729
v 0.42089409 1.12917717 -1.38825646
v 0.42089339 1.12917899 -1.31325480
v 0.42089410 1.12918028 -1.23825343
v 0.42089557 1.12918037 -1.16325359
v 0.42089554 1.12918098 -1.08825450
v 0.42089310 1.12918023 -1.01325575
v 0.42089492 1.12916833 -0.93826762
v 0.42091436 1.12914646 -0.86330129
v 0.42095168 1.12913722 -0.78832510
v 0.42097801 1.12914400 -0.71327696
v 0.42096196 1.12913872 -0.63816232
v 0.42091424 1.12912513 -0.56306752
v 0.42088077 1.12913877 -0.48804914
v 0.42088613 1.12916760 -0.41308286
v 0.42090955 1.12916824 -0.33811805
v 0.42092317 1.12914428 -0.26313177
v 0.42092478 1.12912732 -0.18813194
v 0.42092481 1.12912438 -0.11312770
v 0.42092366 1.12913511 -0.03811312
v 0.42091074 1.12916850 0.03691143
v 0.42088517 1.12920705 0.11191504
v 0.42087143 1.12920933 0.18686179
v 0.42089395 1.12917835 0.26176474
v 0.42093568 1.12916169 0.33668629
v 0.42095209 1.12916929 0.41167064
v 0.42093421 1.12916599 0.48669168
v 0.42092330 1.12914435 0.56169372
v 0.42094592 1.12913624 0.63668553
v 0.42097110 1.12914677 0.71173482
v 0.42095686 1.12914264 0.78684690
v 0.42091103 1.12912748 0.86194263
v 0.42087644 1.12914961 0.93697472
v 0.42086839 1.12921128 1.01196583
v 0.42086614 1.12925070 1.08693448
v 0.42086605 1.12922993 1.16186696
v 0.42088926 1.12918417 1.23676885
v 0.42092938 1.12916587 1.31169007
v 0.42094714 1.12917643 1.38667273
v 0.42092754 1.12918607 1.46170274
v 0.42089862 1.12918575 1.53673567
v 0.42088604 1.12918430 1.61174862
v 0.42088646 1.12918461 1.68674830
v 0.42088818 1.12918482 1.76174587
v 0.42088927 1.12918765 1.83674554
v 0.42089335 1.12919273 1.91175114
v 0.42089265 1.12916885 1.98675481
v 0.42084418 1.12907050 2.06171058
v 0.42071484 1.12902009 2.13660912
v 0.42075264 1.12954489 2.21174922
v 0.42177579 1.13117731 2.28792509
v 0.42427935 1.13249404 2.36549048
v 0.42508248 1.12756971 2.44116725
v 0.41354521 1.10774299 2.50442015
v 0.41344890 1.22523489 -2.50506728
v 0.45673193 1.15224308 -2.44953932
v 0.43411285 1.20334674 -2.43440608
v 0.46013728 1.15843535 -2.39149961
v 0.43264970 1.19989680 -2.34267063
v 0.42156525 1.21511533 -2.27349946
v 0.41973630 1.20387083 -2.21235961
v 0.41867104 1.20204288 -2.13999827
v 0.41940171 1.20202353 -2.06513653
v 0.42026970 1.20346432 -1.98894256
v 0.42077479 1.20414835 -1.91332734
v 0.42085096 1.20413258 -1.83824750
v 0.42077770 1.20403445 -1.76330850
v 0.42073995 1.20402344 -1.68833658
v 0.42073991 1.20403414 -1.61333636
v 0.42074274 1.20403644 -1.53833386
v 0.42074190 1.20403659 -1.46333317
v 0.42074084 1.20403749 -1.38833258
v 0.42074039 1.20403833 -1.31333198
v 0.42074040 1.20403867 -1.23833160
v 0.42074081 1.20403883 -1.16333148
v 0.42074059 1.20404029 -1.08833086
v 0.42073973 1.20403930 -1.01332919
v 0.42074736 1.20402052 -0.93833761
v 0.42077802 1.20399250 -0.86336757
v 0.42081405 1.20402975 -0.78834304
v 0.42077874 1.20417613 -0.71308915
v 0.42060641 1.20434763 -0.63757568
v 0.42032787 1.20446906 -0.56203387
v 0.42004317 1.20459889 -0.48667963
v 0.41985630 1.20480077 -0.41154103
v 0.41980422 1.20498867 -0.33654555
v 0.41982402 1.20504990 -0.26159299
v 0.41984271 1.20502303 -0.18661854
v 0.41984658 1.20499930 -0.11161727
v 0.41984321 1.20500908 -0.03659891
v 0.41982568 1.20505219 0.03841484
v 0.41980239 1.20506401 0.11334827
v 0.41983895 1.20490250 0.18810767
v 0.42000845 1.20454925 0.26268681
v 0.42029381 1.20421303 0.33720010
v 0.42058374 1.20406240 0.41181568
v 0.42076354 1.20402927 0.48662624
v 0.42082164 1.20400532 0.56158044
v 0.42082527 1.20403632 0.63663986
v 0.42077150 1.20418013 0.71191190
v 0.42059916 1.20435190 0.78742538
v 0.42032417 1.20447182 0.86296816
v 0.42003801 1.20461236 0.93833772
v 0.41983389 1.20485502 1.01348955
v 0.41975849 1.20505423 1.08841889
v 0.41981520 1.20495373 1.16313191
v 0.42000378 1.20457409 1.23768745
v 0.42029355 1.20421376 1.31219927
v 0.42058510 1.20406138 1.38681580
v 0.42075932 1.20404708 1.46163457
v 0.42078886 1.20404897 1.53661741
v 0.42075777 1.20404034 1.61165130
v 0.42073990 1.20403609 1.68666931
v 0.42073938 1.20403668 1.76166972
v 0.42074188 1.20403990 1.83666776
v 0.42074557 1.20404511 1.91167338
v 0.42074166 1.20402027 1.98667984
v 0.42069547 1.20392924 2.06163470
v 0.42061101 1.20395536 2.13653131
v 0.42074857 1.20466336 2.21172259
v 0.42182373 1.20636216 2.28794110
v 0.42421326 1.20761951 2.36552916
v 0.42491496 1.20263912 2.44142891
v 0.41351593 1.18263788 2.50491837
v 0.41180466 1.29782889 -2.50652368
v 0.42394580 1.27739767 -2.44272828
v 0.42378934 1.27526211 -2.36553639
v 0.42031660 1.27776512 -2.28874394
v 0.41867678 1.27808786 -2.21581170
v 0.41918234 1.27678764 -2.14154154
v 0.41996296 1.27749646 -2.06522299
v 0.42055985 1.27855178 -1.98900274
v 0.42079827 1.27908055 -1.91348338
v 0.42079331 1.27909534 -1.83845251
v 0.42072815 1.27901245 -1.76352385
v 0.42070044 1.27899398 -1.68855191
v 0.42070227 1.27900168 -1.61355087
v 0.42070607 1.27900404 -1.53854821
v 0.42070625 1.27900346 -1.46354809
v 0.42070590 1.27900339 -1.38854823
v 0.42070592 1.27900345 -1.31354823
v 0.42070601 1.27900330 -1.23854826
v 0.42070606 1.27900316 -1.16354850
v 0.42070513 1.27900459 -1.08854865
v 0.42070329 1.27900543 -1.01354659
v 0.42071162 1.27898779 -0.93854833
v 0.42074492 1.27895716 -0.86357132
v 0.42075705 1.27904426 -0.78853908
v 0.42059960 1.27939903 -0.71317303
v 0.42015689 1.27980125 -0.63740967
v 0.41963693 1.28014881 -0.56167552
v 0.41923091 1.28050079 -0.48614019
v 0.41881494 1.28075448 -0.41063675
v 0.41847553 1.28112934 -0.33529199
v 0.41836813 1.28153069 -0.26021946
v 0.41838394 1.28164924 -0.18526537
v 0.41840481 1.28161811 -0.11029473
v 0.41840514 1.28160366 -0.03528621
v 0.41838543 1.28164440 0.03971403
v 0.41836588 1.28163740 0.11460194
v 0.41845388 1.28127857 0.18926349
v 0.41878431 1.28047311 0.26376868
v 0.41926702 1.27961503 0.33821177
v 0.41977353 1.27910180 0.41252262
v 0.42031185 1.27896567 0.48684641
v 0.42070716 1.27897431 0.56145657
v 0.42080187 1.27906661 0.63641592
v 0.42061516 1.27940357 0.71180918
v 0.42015520 1.27979918 0.78758957
v 0.41963706 1.28014586 0.86332673
v 0.41923101 1.28050619 0.93887214
v 0.41879699 1.28080036 1.01437317
v 0.41843821 1.28116630 1.08960544
v 0.41841877 1.28120884 1.16433990
v 0.41876475 1.28052255 1.23880019
v 0.41926778 1.27963392 1.31321200
v 0.41977818 1.27909764 1.38751805
v 0.42030693 1.27897896 1.46184630
v 0.42066895 1.27901970 1.53648003
v 0.42075166 1.27902473 1.61140710
v 0.42072239 1.27900672 1.68643464
v 0.42070465 1.27900043 1.76145212
v 0.42070534 1.27900341 1.83645237
v 0.42071010 1.27901013 1.91145574
v 0.42070674 1.27899176 1.98646460
v 0.42066351 1.27890433 2.06142277
v 0.42061517 1.27894578 2.13628538
v 0.42085609 1.27975722 2.21138606
v 0.42189037 1.28141373 2.28748398
v 0.42387047 1.28139967 2.36356012
v 0.42370176 1.27726401 2.43840758
v 0.41205800 1.25832354 2.50351776
v 0.41272222 1.37406534 -2.50678339
v 0.42471178 1.35185738 -2.44310956
v 0.42363598 1.35025702 -2.36806167
v 0.42104544 1.35293067 -2.29148800
v 0.42028799 1.35396432 -2.21601457
v 0.42078446 1.35392772 -2.14052499
v 0.42140334 1.35420610 -2.06447512
v 0.42170260 1.35476389 -1.98859584
v 0.42175306 1.35503534 -1.91328763
v 0.42170088 1.35502004 -1.83831441
v 0.42165119 1.35495165 -1.76338545
v 0.42163629 1.35493277 -1.68840762
v 0.42163977 1.35493790 -1.61340455
v 0.42164313 1.35494039 -1.53840139
v 0.42164342 1.35493992 -1.46340122
v 0.42164320 1.35493966 -1.38840148
v 0.42164323 1.35493964 -1.31340154
v 0.42164331 1.35493956 -1.23840155
v 0.42164343 1.35493938 -1.16340162
v 0.42164287 1.35494012 -1.08840214
v 0.42164078 1.35494214 -1.01340111
v 0.42164700 1.35493083 -0.93839697
v 0.42167922 1.35489648 -0.86340889
v 0.42167436 1.35497227 -0.78842409
v 0.42140657 1.35543288 -0.71321411
v 0.42075291 1.35597654 -0.63763236
v 0.41999890 1.35505917 -0.56354258
v 0.42067219 1.35577691 -0.49079164
v 0.42166511 1.35613902 -0.41635184
v 0.42136871 1.35474473 -0.34050168
v 0.42097248 1.35518738 -0.26488045
v 0.42085665 1.35569993 -0.18971326
v 0.42087612 1.35580921 -0.11475087
v 0.42089262 1.35577514 -0.03977646
v 0.42087744 1.35578890 0.03521106
v 0.42085648 1.35580683 0.11011572
v 0.42095417 1.35544544 0.18489237
v 0.42134353 1.35438500 0.25980299
v 0.42181003 1.35425630 0.33604382
v 0.42120566 1.35468129 0.41268812
v 0.42062881 1.35458566 0.48778023
v 0.42120014 1.35475741 0.56206815
v 0.42163251 1.35499156 0.63662482
v 0.42144616 1.35545884 0.71175129
v 0.42076319 1.35597890 0.78735552
v 0.41999824 1.35505549 0.86145967
v 0.42067271 1.35577638 0.93421669
v 0.42165118 1.35616869 1.00864522
v 0.42133506 1.35479010 1.08439777
v 0.42103661 1.35487017 1.15979565
v 0.42130985 1.35432261 1.23487406
v 0.42179504 1.35430327 1.31107591
v 0.42120912 1.35469132 1.38768728
v 0.42062612 1.35459196 1.46277344
v 0.42116400 1.35479970 1.53707520
v 0.42160107 1.35495915 1.61164729
v 0.42168256 1.35496586 1.68656392
v 0.42165301 1.35494192 1.76158660
v 0.42164102 1.35493775 1.83659902
v 0.42164521 1.35494519 1.91160141
v 0.42164635 1.35493867 1.98660981
v 0.42160904 1.35486159 2.06158241
v 0.42155928 1.35484576 2.13644146
v 0.42182980 1.35555297 2.21141523
v 0.42282020 1.35716704 2.28739418
v 0.42357174 1.35574042 2.36429903
v 0.42295213 1.34110299 2.42710471
v 0.40854577 1.34085040 2.49446442
v 0.41430378 1.45391191 -2.50607204
v 0.42751357 1.42993294 -2.44119745
v 0.42704210 1.42737943 -2.36527289
v 0.42438036 1.43051273 -2.28833203
v 0.42348847 1.43217148 -2.21265167
v 0.42376346 1.43230031 -2.13738236
v 0.42411085 1.43227727 -2.06196041
v 0.42421337 1.43241861 -1.98661362
v 0.42417563 1.43249143 -1.91153784
v 0.42411964 1.43244811 -1.83660954
v 0.42409096 1.43239650 -1.76166910
v 0.42408716 1.43238339 -1.68668207
v 0.42409133 1.43238758 -1.61167751
v 0.42409354 1.43238995 -1.53667468
v 0.42409353 1.43238976 -1.46167462
v 0.42409329 1.43238956 -1.38667486
v 0.42409327 1.43238958 -1.31167489
v 0.42409328 1.43238958 -1.23667487
v 0.42409338 1.43238948 -1.16167481
v 0.42409326 1.43238962 -1.08667517
v 0.42409144 1.43239154 -1.01167552
v 0.42409342 1.43238830 -0.93667043
v 0.42412065 1.43235890 -0.86166658
v 0.42413047 1.43237374 -0.78670544
v 0.42386021 1.43272979 -0.71175016
v 0.42314807 1.43336367 -0.63657971
v 0.42312125 1.43174892 -0.56206053
v 0.42359732 1.41957282 -0.50252812
v 0.43327550 1.43493132 -0.43542270
v 0.43532295 1.42112899 -0.35999000
v 0.43506215 1.41896959 -0.28415990
v 0.43470328 1.41951778 -0.20834212
v 0.43462523 1.41994290 -0.13315651
v 0.43464962 1.41998749 -0.05819662
v 0.43465047 1.41996380 0.01676717
v 0.43462724 1.42000150 0.09170501
v 0.43469367 1.41986638 0.16667011
v 0.43502835 1.41896774 0.24203852
v 0.43541304 1.41864392 0.31897449
v 0.43402191 1.43118985 0.40567116
v 0.42491392 1.43160563 0.48801715
v 0.42327171 1.43167961 0.56420046
v 0.42378929 1.43221024 0.63863219
v 0.42386018 1.43276152 0.71327031
v 0.42317674 1.43338536 0.78839590
v 0.42312501 1.43174907 0.86293594
v 0.42359707 1.41957004 0.92247811
v 0.43326849 1.43493757 0.98957333
v 0.43529273 1.42118113 1.06494015
v 0.43509903 1.41888391 1.14073370
v 0.43507478 1.41853292 1.21692019
v 0.43538081 1.41863359 1.29404081
v 0.43401624 1.43122098 1.38069001
v 0.42491513 1.43160968 1.46301048
v 0.42324461 1.43170869 1.53919142
v 0.42375198 1.43222608 1.61366287
v 0.42409327 1.43242152 1.68834574
v 0.42412193 1.43241068 1.76330081
v 0.42409572 1.43238884 1.83831974
v 0.42409270 1.43239139 1.91332720
v 0.42409822 1.43239568 1.98833325
v 0.42407573 1.43234456 2.06332185
v 0.42400684 1.43226576 2.13822061
v 0.42417223 1.43268953 2.21315207
v 0.42514528 1.43419638 2.28886652
v 0.42571475 1.43389692 2.36668210
v 0.41753915 1.41881898 2.45152746
v 0.41449751 1.52949356 -2.50296002
v 0.42748088 1.50791481 -2.43891744
v 0.42816519 1.50376716 -2.36181642
v 0.42578596 1.50629110 -2.28413337
v 0.42469747 1.50819733 -2.20834819
v 0.42475546 1.50846604 -2.13336925
v 0.42494990 1.50829522 -2.05838009
v 0.42497120 1.50824677 -1.98335293
v 0.42491963 1.50824085 -1.90839560
v 0.42488336 1.50820561 -1.83346762
v 0.42487360 1.50817632 -1.75850510
v 0.42487620 1.50817121 -1.68350842
v 0.42487975 1.50817522 -1.60850329
v 0.42488083 1.50817708 -1.53350125
v 0.42488064 1.50817694 -1.45850136
v 0.42488046 1.50817675 -1.38350155
v 0.42488045 1.50817676 -1.30850155
v 0.42488045 1.50817678 -1.23350153
v 0.42488047 1.50817676 -1.15850150
v 0.42488057 1.50817667 -1.08350160
v 0.42487955 1.50817758 -1.00850252
v 0.42487799 1.50817898 -0.93350084
v 0.42489382 1.50816445 -0.85848928
v 0.42492797 1.50813805 -0.78349861
v 0.42478117 1.50828189 -0.70862357
v 0.42412254 1.50880648 -0.63385134
v 0.42415105 1.50853990 -0.55833335
v 0.43272946 1.50183992 -0.47548013
v 0.45491594 1.49561736 -0.42852816
v 0.45941516 1.47502366 -0.38521516
v 0.46050816 1.46826746 -0.31555934
v 0.46019243 1.46754468 -0.23960302
v 0.45993240 1.46802956 -0.16385442
v 0.45990725 1.46824932 -0.08876750
v 0.45992570 1.46823850 -0.01382235
v 0.45990946 1.46824524 0.06112077
v 0.45993101 1.46831683 0.13615229
v 0.46016200 1.46801340 0.21170597
v 0.46047040 1.46674912 0.28784698
v 0.45962951 1.46752487 0.36150561
v 0.45567645 1.48322794 0.41925343
v 0.43350182 1.51231759 0.48161781
v 0.45657556 1.51928615 0.43169217
v 0.42493224 1.50726879 0.56624462
v 0.42434893 1.50755260 0.64193683
v 0.42465782 1.50821693 0.71651028
v 0.42415191 1.50884601 0.79114067
v 0.42416526 1.50855142 0.86665510
v 0.43273060 1.50183250 0.94952338
v 0.45491316 1.49560488 0.99646670
v 0.45939279 1.47504258 1.03973548
v 0.46050863 1.46835908 1.10942019
v 0.46042411 1.46733134 1.18592944
v 0.46047216 1.46655134 1.26281852
v 0.45960508 1.46754884 1.33656138
v 0.45567458 1.48325291 1.39426360
v 0.43350584 1.51232045 1.45661272
v 0.45657382 1.51929605 1.40669602
v 0.42491951 1.50727970 1.54123047
v 0.42430133 1.50759094 1.61693384
v 0.42475712 1.50811202 1.69163239
v 0.42490994 1.50821584 1.76649047
v 0.42489362 1.50818635 1.84148509
v 0.42487921 1.50817553 1.91649773
v 0.42488366 1.50818301 1.99150348
v 0.42487964 1.50816344 2.06650120
v 0.42481797 1.50807372 2.14144136
v 0.42481753 1.50820097 2.21638371
v 0.42550338 1.50928537 2.29186101
v 0.42696548 1.51046133 2.36826218
v 0.42468004 1.50550061 2.44255653
v 0.40759682 1.49078947 2.49921146
v 0.40354567 1.58227886 -2.49829569
v 0.41389594 1.57349229 -2.44170225
v 0.41601859 1.56919338 -2.36443858
v 0.41449904 1.57002761 -2.28571002
v 0.41337126 1.57153801 -2.20961367
v 0.41325641 1.57194362 -2.13477585
v 0.41339601 1.57180399 -2.05996756
v 0.41342207 1.57170723 -1.98502173
v 0.41339004 1.57169153 -1.91005867
v 0.41337336 1.57168085 -1.83509519
v 0.41337403 1.57167180 -1.76010864
v 0.41337816 1.57167228 -1.68510537
v 0.41338025 1.57167552 -1.61010089
v 0.41338052 1.57167657 -1.53509974
v 0.41338034 1.57167630 -1.46009990
v 0.41338030 1.57167608 -1.38509994
v 0.41338034 1.57167603 -1.31009982
v 0.41338036 1.57167604 -1.23509974
v 0.41338034 1.57167610 -1.16009975
v 0.41338039 1.57167610 -1.08509976
v 0.41338014 1.57167627 -1.01010033
v 0.41337797 1.57167795 -0.93510147
v 0.41338125 1.57167600 -0.86009515
v 0.41341398 1.57165317 -0.78507793
v 0.41340765 1.57165750 -0.71012074
v 0.41301875 1.57188336 -0.63540108
v 0.41220150 1.57221953 -0.56093094
v 0.41369992 1.57151336 -0.48528975
v 0.45579401 1.53159815 -0.41618313
v 0.42577818 1.57218337 -0.40400812
v 0.46161727 1.54545125 -0.35902319
v 0.42747045 1.58181062 -0.31807694
v 0.46346223 1.54597185 -0.28499562
v 0.42761861 1.58149433 -0.24078132
v 0.46340117 1.54501499 -0.20859388
v 0.42738393 1.58079987 -0.16529508
v 0.46317856 1.54482356 -0.13303025
v 0.42730852 1.58069360 -0.09034508
v 0.46314777 1.54488108 -0.05802327
v 0.42732463 1.58071612 -0.01541739
v 0.46316311 1.54487600 0.01691598
v 0.42732522 1.58069239 0.05954694
v 0.46314913 1.54487628 0.09186531
v 0.42730760 1.58074883 0.13451618
v 0.46317466 1.54510679 0.16697408
v 0.42737294 1.58114198 0.20970920
v 0.46337790 1.54548663 0.24270793
v 0.42762058 1.58152674 0.28541523
v 0.46346933 1.54450901 0.31842793
v 0.42764836 1.57947923 0.36099530
v 0.46188814 1.53807187 0.38780191
v 0.42630198 1.56839653 0.43737375
v 0.41204524 1.58006784 0.50456241
v 0.41319771 1.57160138 0.56541854
v 0.41280481 1.57077601 0.64002209
v 0.41318819 1.57140684 0.71499479
v 0.41302772 1.57190868 0.78962152
v 0.41222383 1.57224697 0.86405825
v 0.41370292 1.57151105 0.93970749
v 0.45579142 1.53157041 1.00880589
v 0.42577143 1.57215111 1.02097290
v 0.46159748 1.54543694 1.06592239
v 0.42744647 1.58183418 1.10686453
v 0.46346925 1.54618974 1.14005554
v 0.42766073 1.58191032 1.18435182
v 0.46361163 1.54561200 1.21719069
v 0.42767368 1.58159993 1.26054449
v 0.46348017 1.54444145 1.29347345
v 0.42762542 1.57944375 1.33607298
v 0.46186711 1.53806353 1.36285201
v 0.42629652 1.56839104 1.41237744
v 0.41204916 1.58006628 1.47955867
v 0.41319732 1.57160115 1.54041192
v 0.41277091 1.57079869 1.61499984
v 0.41316069 1.57142573 1.69001543
v 0.41338929 1.57170150 1.76492251
v 0.41340230 1.57170195 1.83988825
v 0.41338142 1.57167668 1.91489525
v 0.41337998 1.57167848 1.98990222
v 0.41338569 1.57167974 2.06490469
v 0.41335864 1.57162329 2.13987189
v 0.41327942 1.57158189 2.21480634
v 0.41349260 1.57210827 2.29010837
v 0.41468738 1.57337942 2.36637385
v 0.41542962 1.57163520 2.44129361
v 0.40675242 1.55695992 2.50361558
v 0.47352092 0.84903113 -2.30539685
v 0.48534049 0.91715945 -2.35663571
v 0.48142583 0.89214686 -2.29105733
v 0.48777155 0.99485148 -2.41863775
v 0.49779958 0.98954712 -2.35271548
v 0.48646226 0.95636471 -2.29931056
v 0.48810753 1.07159020 -2.42793600
v 0.49791895 1.04325702 -2.37506577
v 0.48515700 1.03691239 -2.31073097
v 0.47872911 1.12485311 -2.42493211
v 0.48365018 1.10254853 -2.36493001
v 0.47161219 1.51330280 -0.39317000
v 0.47592750 1.50935051 -0.33743085
v 0.47651199 1.50730580 -0.26322763
v 0.47620578 1.50712146 -0.18698558
v 0.47607022 1.50734306 -0.11161533
v 0.47608096 1.50740250 -0.03664493
v 0.47608206 1.50737791 0.03829220
v 0.47607200 1.50745956 0.11327638
v 0.47619220 1.50766064 0.18867801
v 0.47646340 1.50725162 0.26483506
v 0.47593730 1.50493949 0.33869881
v 0.47192588 1.50141426 0.39445140
v 0.47159871 1.51328195 1.03179278
v 0.47590632 1.50942124 1.08752215
v 0.47661190 1.50757720 1.16212542
v 0.47657686 1.50698298 1.23952418
v 0.47591422 1.50489233 1.31375632
v 0.47191106 1.50143822 1.36948609
v 2.68096043 -1.32360572 1.77816610
v 2.70953173 -1.36909972 1.75260063
v 2.70086345 -1.32997097 1.71905693
v 2.67943002 -1.33497749 1.85852386
v 2.70469273 -1.38186484 1.81721541
v 2.68435763 -1.34309843 1.92258818
v 2.70376885 -1.38595443 1.89266583
v 2.69274940 -1.32860955 1.96585699
v 2.70656786 -1.38028477 1.95880926
v 2.71389686 -1.35844325 2.00227489
v 2.68398224 -1.26992346 1.71166290
v 2.71064136 -1.30086374 1.67439839
v 2.70888251 -1.24473747 1.65402912
v 2.66967223 -1.25954711 1.77137155
v 2.66919296 -1.28144284 1.82575364
v 2.68201459 -1.27791373 1.89740144
v 2.70270443 -1.28416806 1.95761287
v 2.71343671 -1.31553200 1.99805521
v 2.69115443 -1.21194496 1.68689113
v 2.71355396 -1.18779744 1.66035496
v 2.68145095 -1.20864399 1.74063246
v 2.68138920 -1.21755449 1.81776701
v 2.70132777 -1.21246067 1.87665003
v 2.70943429 -1.24127854 1.92511075
v 2.70755428 -1.16328793 1.70883647
v 2.70664229 -1.16018999 1.77807765
v 2.71125463 -1.17262611 1.84077125
v 2.69512572 -1.02450411 2.44386106
v 2.71106909 -1.05787548 2.42732491
v 2.70741918 -1.01617884 2.40805023
v 2.71026252 -1.04635762 2.46363512
v 2.69473097 -0.98789515 2.43761912
v 2.71000650 -0.96603285 2.41652302
v 2.70603279 -0.99532895 2.47185680
v 2.70939301 -0.95463795 2.45246280
v 2.68586105 -0.79998311 1.02374698
v 2.71098634 -0.84269789 1.00679916
v 2.70135749 -0.80852864 0.97003990
v 2.68746112 -0.80100325 1.10154186
v 2.70853547 -0.84779057 1.06462937
v 2.71039755 -0.83331256 1.12240620
v 2.68252133 -0.72375563 -1.44569289
v 2.71224573 -0.76879357 -1.46909877
v 2.70186656 -0.72950928 -1.50420487
v 2.67917111 -0.73361793 -1.36338703
v 2.70798981 -0.78173560 -1.40679053
v 2.67849563 -0.73310335 -1.28657865
v 2.70632069 -0.78493002 -1.33134984
v 2.68124455 -0.73079663 -1.21465127
v 2.70594065 -0.78346474 -1.25646845
v 2.69086844 -0.72739961 -1.16180431
v 2.70810573 -0.77645754 -1.18762280
v 2.71368831 -0.75151199 -1.13760842
v 2.69763698 -0.74880595 0.43170261
v 2.71375038 -0.76821019 0.40605607
v 2.71279783 -0.73216260 0.39829304
v 2.69362048 -0.74682629 0.48751910
v 2.70867689 -0.78204493 0.46163589
v 2.69278671 -0.74484538 0.56280594
v 2.70756282 -0.78419592 0.53601727
v 2.68870632 -0.73469094 0.64708892
v 2.70740965 -0.78259743 0.61397777
v 2.68300755 -0.73455563 0.73225383
v 2.70612327 -0.78021718 0.69260627
v 2.68464312 -0.74110866 0.79881734
v 2.70561408 -0.77956681 0.76871496
v 2.68842800 -0.73298959 0.85783476
v 2.70669079 -0.78015848 0.84002839
v 2.68863457 -0.75702075 0.94367574
v 2.70626377 -0.78930898 0.91042271
v 2.68384478 -0.74922642 1.00247216
v 2.68230852 -0.75565413 1.06994674
v 2.70056725 -0.79754700 1.15779618
v 2.68900170 -0.75463550 1.15438886
v 2.69777516 -0.74165250 1.21793186
v 2.70719294 -0.78047725 1.20920293
v 2.71440919 -0.75603758 1.25338439
v 2.68266069 -0.66481132 -1.52504708
v 2.70942960 -0.70061985 -1.55173818
v 2.70261775 -0.65765653 -1.58427336
v 2.67009156 -0.65966565 -1.45416839
v 2.66858892 -0.67115067 -1.38822698
v 2.66799661 -0.67168889 -1.31188625
v 2.67009472 -0.67014873 -1.23684475
v 2.68163976 -0.67328318 -1.17140309
v 2.70711154 -0.69204047 -1.12306195
v 2.70687685 -0.71197094 0.44299960
v 2.70551171 -0.70713391 0.51233556
v 2.70389020 -0.70396468 0.58653372
v 2.69895106 -0.69265817 0.64477630
v 2.70914400 -0.65817877 0.67821659
v 2.68617298 -0.68959500 0.70094876
v 2.68433853 -0.69015719 0.77780474
v 2.69871945 -0.68065851 0.83190968
v 2.70384396 -0.69987115 0.89155834
v 2.70426213 -0.70912857 0.96189979
v 2.70293679 -0.70956080 1.03356422
v 2.70337018 -0.70846451 1.11126938
v 2.70672997 -0.70791406 1.18875471
v 2.71351594 -0.71963973 1.24619786
v 2.69319274 -0.61375778 -1.59361714
v 2.71351906 -0.62629841 -1.62547600
v 2.71484289 -0.58426617 -1.63103538
v 2.68557505 -0.60065813 -1.55097910
v 2.68065025 -0.60863701 -1.48777839
v 2.67879909 -0.61028224 -1.41313085
v 2.67853069 -0.61006325 -1.33696438
v 2.67896680 -0.60810932 -1.26046216
v 2.68525949 -0.61053977 -1.18965241
v 2.70584727 -0.62289524 -1.12995923
v 2.70743617 -0.64347877 0.73405125
v 2.70873900 -0.64705350 0.79312867
v 2.70825387 -0.56352097 -1.58769110
v 2.70587184 -0.55875933 -1.52091385
v 2.70566877 -0.55952233 -1.44488552
v 2.70565037 -0.55859298 -1.36717007
v 2.70515480 -0.55648545 -1.29018673
v 2.70621591 -0.55774418 -1.21483767
v 2.71140639 -0.57093743 -1.15407125
v 2.68758067 -0.20734851 -1.81090839
v 2.71170411 -0.24127660 -1.84249965
v 2.70734532 -0.19108440 -1.86665693
v 2.68476532 -0.21812835 -1.75231555
v 2.70609374 -0.25600727 -1.78186611
v 2.69058209 -0.20223860 -1.70719094
v 2.70637845 -0.25260215 -1.71399482
v 2.71217883 -0.22898347 -1.66805180
v 2.68967587 -0.15992035 -1.83190373
v 2.71022935 -0.13649552 -1.86222957
v 2.68458556 -0.16446015 -1.77052324
v 2.69909177 -0.15779410 -1.71688935
v 2.70979081 -0.18586480 -1.67420281
v 2.70623027 -0.11494552 -1.81364319
v 2.70813774 -0.12096130 -1.75474441
v 2.75746318 -1.55418685 -2.27691122
v 2.80620391 -1.59685627 -2.29592163
v 2.77343216 -1.56270218 -2.33852854
v 2.75352293 -1.56304390 -2.19505947
v 2.79265842 -1.59951859 -2.21657473
v 2.75296425 -1.56396624 -2.11976281
v 2.79007580 -1.60121546 -2.14097318
v 2.75331372 -1.56342934 -2.04495972
v 2.79041460 -1.60093709 -2.06624534
v 2.75344661 -1.56321426 -1.97004654
v 2.79076835 -1.60060758 -1.99142237
v 2.75342748 -1.56323166 -1.89505387
v 2.79079955 -1.60057135 -1.91645969
v 2.75341369 -1.56325225 -1.82004685
v 2.79077069 -1.60059998 -1.84145170
v 2.75341475 -1.56325178 -1.74504553
v 2.79076662 -1.60060526 -1.76644714
v 2.75341560 -1.56325041 -1.67004599
v 2.79076858 -1.60060326 -1.69144749
v 2.75341552 -1.56325043 -1.59504598
v 2.79076875 -1.60060299 -1.61644779
v 2.75341556 -1.56325041 -1.52004589
v 2.79076865 -1.60060309 -1.54144776
v 2.75341566 -1.56325032 -1.44504586
v 2.79076866 -1.60060309 -1.46644776
v 2.75341575 -1.56325027 -1.37004586
v 2.79076867 -1.60060308 -1.39144778
v 2.75341582 -1.56325026 -1.29504587
v 2.79076867 -1.60060308 -1.31644779
v 2.75341584 -1.56325026 -1.22004590
v 2.79076867 -1.60060309 -1.24144780
v 2.75341585 -1.56325027 -1.14504591
v 2.79076866 -1.60060309 -1.16644780
v 2.75341584 -1.56325027 -1.07004591
v 2.79076866 -1.60060309 -1.09144780
v 2.75341584 -1.56325027 -0.99504591
v 2.79076866 -1.60060309 -1.01644779
v 2.75341583 -1.56325027 -0.92004591
v 2.79076866 -1.60060309 -0.94144779
v 2.75341583 -1.56325027 -0.84504590
v 2.79076866 -1.60060309 -0.86644780
v 2.75341583 -1.56325027 -0.77004590
v 2.79076866 -1.60060309 -0.79144780
v 2.75341583 -1.56325027 -0.69504590
v 2.79076866 -1.60060309 -0.71644780
v 2.75341583 -1.56325027 -0.62004590
v 2.79076866 -1.60060309 -0.64144780
v 2.75341583 -1.56325027 -0.54504590
v 2.79076866 -1.60060309 -0.56644780
v 2.75341584 -1.56325026 -0.47004590
v 2.79076866 -1.60060309 -0.49144780
v 2.75341584 -1.56325026 -0.39504590
v 2.79076866 -1.60060309 -0.41644780
v 2.75341585 -1.56325026 -0.32004591
v 2.79076866 -1.60060309 -0.34144779
v 2.75341584 -1.56325029 -0.24504594
v 2.79076866 -1.60060308 -0.26644779
v 2.75341581 -1.56325034 -0.17004598
v 2.79076867 -1.60060308 -0.19144779
v 2.75341574 -1.56325040 -0.09504602
v 2.79076868 -1.60060308 -0.11644780
v 2.75341565 -1.56325047 -0.02004606
v 2.79076868 -1.60060308 -0.04144780
v 2.75341556 -1.56325054 0.05495393
v 2.79076867 -1.60060308 0.03355221
v 2.75341548 -1.56325058 0.12995394
v 2.79076866 -1.60060308 0.10855222
v 2.75341542 -1.56325064 0.20495398
v 2.79076866 -1.60060308 0.18355225
v 2.75341537 -1.56325074 0.27995399
v 2.79076866 -1.60060307 0.25855227
v 2.75341532 -1.56325086 0.35495396
v 2.79076867 -1.60060309 0.33355226
v 2.75341526 -1.56325088 0.42995393
v 2.79076866 -1.60060312 0.40855223
v 2.75341526 -1.56325077 0.50495399
v 2.79076863 -1.60060317 0.48355217
v 2.75341537 -1.56325063 0.57995410
v 2.79076858 -1.60060320 0.55855211
v 2.75341553 -1.56325056 0.65495412
v 2.79076854 -1.60060321 0.63355209
v 2.75341566 -1.56325044 0.72995395
v 2.79076851 -1.60060313 0.70855205
v 2.75341563 -1.56325076 0.80495401
v 2.79076855 -1.60060300 0.78355206
v 2.75341480 -1.56325281 0.87995508
v 2.79076843 -1.60060426 0.85855291
v 2.75341583 -1.56324591 0.95495185
v 2.79076786 -1.60060474 0.93355285
v 2.75342722 -1.56321563 1.02993570
v 2.79077060 -1.60058509 1.00854120
v 2.75341818 -1.56327186 1.10495362
v 2.79077693 -1.60057059 1.08353411
v 2.75327972 -1.56363349 1.18015868
v 2.79074932 -1.60076993 1.15865426
v 2.75314721 -1.56374672 1.25554132
v 2.79069474 -1.60120637 1.23397183
v 2.75421482 -1.56116564 1.32994069
v 2.79097222 -1.60031894 1.30860574
v 2.75947829 -1.55380909 1.39900017
v 2.79195865 -1.59401079 1.37834623
v 2.79124591 -1.58001769 1.42737168
v 2.75858396 -1.55462901 1.99966794
v 2.80690534 -1.59720910 1.97942089
v 2.77540676 -1.56254735 1.93815265
v 2.75490690 -1.56101655 2.07988262
v 2.79305988 -1.59913483 2.05823529
v 2.75907443 -1.55467360 2.14889505
v 2.79116663 -1.59436650 2.12862859
v 2.79068815 -1.58000476 2.17738003
v 2.75989401 -1.48842547 -2.49437905
v 2.79158957 -1.53628845 -2.51862011
v 2.79091454 -1.49329866 -2.54052356
v 2.75277280 -1.48983078 -2.42505710
v 2.78033320 -1.53898518 -2.46506004
v 2.75075417 -1.50225028 -2.34518198
v 2.77555615 -1.54484857 -2.39583648
v 2.74329978 -1.48652854 -2.27666610
v 2.74232440 -1.49831474 -2.21536745
v 2.74161773 -1.50069170 -2.14138433
v 2.74178717 -1.50021561 -2.06641404
v 2.74195964 -1.49979291 -1.99143661
v 2.74196780 -1.49974759 -1.91645275
v 2.74194915 -1.49978067 -1.84145063
v 2.74194740 -1.49978676 -1.76644802
v 2.74194893 -1.49978438 -1.69144835
v 2.74194903 -1.49978402 -1.61644865
v 2.74194887 -1.49978424 -1.54144851
v 2.74194876 -1.49978434 -1.46644827
v 2.74194870 -1.49978434 -1.39144802
v 2.74194874 -1.49978425 -1.31644784
v 2.74194886 -1.49978418 -1.24144776
v 2.74194896 -1.49978417 -1.16644776
v 2.74194900 -1.49978419 -1.09144778
v 2.74194900 -1.49978420 -1.01644779
v 2.74194899 -1.49978419 -0.94144778
v 2.74194899 -1.49978419 -0.86644777
v 2.74194898 -1.49978418 -0.79144776
v 2.74194898 -1.49978418 -0.71644775
v 2.74194897 -1.49978418 -0.64144775
v 2.74194897 -1.49978417 -0.56644774
v 2.74194898 -1.49978416 -0.49144774
v 2.74194898 -1.49978417 -0.41644775
v 2.74194897 -1.49978422 -0.34144779
v 2.74194891 -1.49978431 -0.26644785
v 2.74194879 -1.49978439 -0.19144786
v 2.74194867 -1.49978441 -0.11644781
v 2.74194865 -1.49978441 -0.04144779
v 2.74194872 -1.49978442 0.03355210
v 2.74194881 -1.49978444 0.10855180
v 2.74194882 -1.49978451 0.18355142
v 2.74194871 -1.49978464 0.25855112
v 2.74194854 -1.49978464 0.33355110
v 2.74194853 -1.49978422 0.40855153
v 2.74194890 -1.49978348 0.48355233
v 2.74194958 -1.49978291 0.55855319
v 2.74195029 -1.49978285 0.63355376
v 2.74195077 -1.49978319 0.70855375
v 2.74195094 -1.49978369 0.78355310
v 2.74195017 -1.49978543 0.85855267
v 2.74194865 -1.49978631 0.93355282
v 2.74195527 -1.49976845 1.00854673
v 2.74196982 -1.49975274 1.08352982
v 2.74189577 -1.49991766 1.15855205
v 2.74159888 -1.50028051 1.23375297
v 2.74152430 -1.49977683 1.30926401
v 2.74367963 -1.49700482 1.38536753
v 2.77401457 -1.55061484 1.45263016
v 2.75244001 -1.49677173 1.46693210
v 2.75572446 -1.48435554 1.55431073
v 2.77857523 -1.53753026 1.51346747
v 2.75644161 -1.48503366 1.63044724
v 2.78072519 -1.53437792 1.58858455
v 2.75583944 -1.48595636 1.70520703
v 2.78117236 -1.53479627 1.66418508
v 2.75516629 -1.48639299 1.78196128
v 2.78197221 -1.53484669 1.73965701
v 2.75425676 -1.49076437 1.85772328
v 2.78221288 -1.53595596 1.81415187
v 2.75138100 -1.50295472 1.93507815
v 2.77900671 -1.54338593 1.88336546
v 2.74342050 -1.48709691 2.00224890
v 2.74317589 -1.49903263 2.06136177
v 2.74377134 -1.49918469 2.13500876
v 2.77382151 -1.55096589 2.20209883
v 2.75172201 -1.49920208 2.21558339
v 2.75339200 -1.48743342 2.30302083
v 2.77843569 -1.53878601 2.26250887
v 2.75129367 -1.48565194 2.38316975
v 2.77969713 -1.53690915 2.33943492
v 2.75085600 -1.48305383 2.45929736
v 2.77798481 -1.53677075 2.41897371
v 2.76201896 -1.47957372 2.51404655
v 2.77994060 -1.53050551 2.49022278
v 2.80197487 -1.51419986 2.53630942
v 2.75451119 -1.42270809 -2.50655885
v 2.79212180 -1.42434756 -2.54620089
v 2.74316324 -1.42170508 -2.44116535
v 2.74302462 -1.42342946 -2.36516094
v 2.74319453 -1.42368880 -2.28969657
v 2.74256738 -1.42355790 -2.21702809
v 2.74245576 -1.42491468 -2.14348194
v 2.74257908 -1.42455349 -2.06824523
v 2.74272270 -1.42405586 -1.99306054
v 2.74274677 -1.42393942 -1.91804043
v 2.74273077 -1.42397091 -1.84304588
v 2.74272725 -1.42398560 -1.76804486
v 2.74272967 -1.42398355 -1.69304460
v 2.74273050 -1.42398283 -1.61804557
v 2.74273001 -1.42398389 -1.54304652
v 2.74272892 -1.42398509 -1.46804717
v 2.74272761 -1.42398612 -1.39304743
v 2.74272645 -1.42398668 -1.31804732
v 2.74272573 -1.42398674 -1.24304700
v 2.74272552 -1.42398659 -1.16804670
v 2.74272560 -1.42398651 -1.09304657
v 2.74272570 -1.42398653 -1.01804658
v 2.74272574 -1.42398656 -0.94304661
v 2.74272573 -1.42398656 -0.86804664
v 2.74272574 -1.42398656 -0.79304667
v 2.74272575 -1.42398657 -0.71804670
v 2.74272576 -1.42398658 -0.64304671
v 2.74272576 -1.42398658 -0.56804670
v 2.74272576 -1.42398657 -0.49304670
v 2.74272576 -1.42398662 -0.41804673
v 2.74272570 -1.42398673 -0.34304678
v 2.74272556 -1.42398675 -0.26804675
v 2.74272551 -1.42398647 -0.19304645
v 2.74272581 -1.42398586 -0.11804587
v 2.74272662 -1.42398507 -0.04304524
v 2.74272779 -1.42398421 0.03195526
v 2.74272906 -1.42398342 0.10695546
v 2.74273017 -1.42398288 0.18195510
v 2.74273089 -1.42398247 0.25695419
v 2.74273121 -1.42398151 0.33195355
v 2.74273160 -1.42397977 0.40695410
v 2.74273241 -1.42397846 0.48195541
v 2.74273314 -1.42397889 0.55695601
v 2.74273287 -1.42398047 0.63195558
v 2.74273168 -1.42398167 0.70695545
v 2.74273083 -1.42398221 0.78195632
v 2.74273086 -1.42398351 0.85695692
v 2.74273025 -1.42398687 0.93195638
v 2.74273071 -1.42398435 1.00695486
v 2.74274145 -1.42396546 1.08194725
v 2.74273319 -1.42399990 1.15692389
v 2.74258878 -1.42420226 1.23190582
v 2.74232943 -1.42418818 1.30702515
v 2.74258063 -1.42289404 1.38263999
v 2.74437553 -1.42082478 1.45952321
v 2.74624768 -1.41994483 1.53663399
v 2.74532683 -1.42246320 1.61222710
v 2.74417717 -1.43463057 1.67658481
v 2.73433396 -1.42314422 1.75256641
v 2.73188981 -1.43381981 1.83804822
v 2.73122535 -1.43547511 1.91419284
v 2.73315260 -1.42080750 1.99050524
v 2.74159997 -1.42388132 2.05987835
v 2.74294240 -1.42616096 2.13244920
v 2.74347781 -1.42469064 2.20826608
v 2.74363224 -1.42230655 2.28652151
v 2.74131113 -1.41984857 2.36562330
v 2.74028510 -1.41768741 2.44215614
v 2.75208138 -1.41984600 2.50601390
v 2.79158617 -1.44433401 2.54332132
v 2.75351364 -1.34739905 -2.50736819
v 2.79143899 -1.34715503 -2.54461476
v 2.74142597 -1.34720402 -2.44401535
v 2.74167700 -1.34717233 -2.36865130
v 2.74376147 -1.34737500 -2.29179147
v 2.74466945 -1.34741745 -2.21609762
v 2.74492146 -1.34731139 -2.14075376
v 2.74507735 -1.34698586 -2.06525606
v 2.74517496 -1.34660180 -1.98992072
v 2.74519347 -1.34647906 -1.91485177
v 2.74518092 -1.34650382 -1.83986279
v 2.74517600 -1.34652538 -1.76486662
v 2.74517699 -1.34652663 -1.68986416
v 2.74517727 -1.34652684 -1.61486260
v 2.74517693 -1.34652825 -1.53986313
v 2.74517673 -1.34652861 -1.46486561
v 2.74517640 -1.34652886 -1.38986893
v 2.74517545 -1.34653002 -1.31487185
v 2.74517371 -1.34653137 -1.23987362
v 2.74517183 -1.34653186 -1.16487407
v 2.74517068 -1.34653163 -1.08987378
v 2.74517044 -1.34653142 -1.01487352
v 2.74517060 -1.34653145 -0.93987357
v 2.74517074 -1.34653155 -0.86487374
v 2.74517082 -1.34653161 -0.78987389
v 2.74517089 -1.34653167 -0.71487401
v 2.74517096 -1.34653173 -0.63987411
v 2.74517103 -1.34653177 -0.56487418
v 2.74517107 -1.34653182 -0.48987422
v 2.74517106 -1.34653196 -0.41487426
v 2.74517094 -1.34653206 -0.33987428
v 2.74517086 -1.34653165 -0.26487400
v 2.74517134 -1.34653045 -0.18987320
v 2.74517278 -1.34652898 -0.11487228
v 2.74517479 -1.34652784 -0.03987182
v 2.74517634 -1.34652679 0.03512871
v 2.74517695 -1.34652547 0.11013070
v 2.74517728 -1.34652435 0.18513433
v 2.74517825 -1.34652349 0.26013780
v 2.74518006 -1.34652152 0.33513973
v 2.74518222 -1.34651876 0.41014026
v 2.74518357 -1.34651970 0.48513861
v 2.74518195 -1.34652710 0.56013251
v 2.74517584 -1.34653599 0.63512275
v 2.74516699 -1.34653912 0.71011503
v 2.74515972 -1.34653528 0.78511544
v 2.74515793 -1.34652910 0.86012413
v 2.74516262 -1.34652636 0.93513381
v 2.74517080 -1.34652782 1.01013703
v 2.74517993 -1.34652456 1.08513382
v 2.74518178 -1.34652966 1.16012358
v 2.74514676 -1.34659912 1.23509281
v 2.74512042 -1.34657054 1.31004661
v 2.74535636 -1.34577002 1.38508470
v 2.74577942 -1.34440703 1.46035726
v 2.74488578 -1.34722686 1.53483463
v 2.74269239 -1.36251366 1.59755321
v 2.73039448 -1.36403815 1.67786222
v 2.73629214 -1.33643387 2.05066076
v 2.74502532 -1.34831616 2.13400183
v 2.74533759 -1.34820421 2.20993603
v 2.74383058 -1.34704278 2.28595134
v 2.74101379 -1.34558388 2.36296058
v 2.73980376 -1.34310618 2.43830773
v 2.75097239 -1.34505172 2.50213130
v 2.78884501 -1.36727480 2.54124518
v 2.75264185 -1.27081693 -2.50596379
v 2.78995063 -1.27026629 -2.54297827
v 2.74130068 -1.27100496 -2.44289439
v 2.74213519 -1.27108964 -2.36750223
v 2.74462659 -1.27110453 -2.29031276
v 2.74575636 -1.27107401 -2.21426687
v 2.74601748 -1.27097155 -2.13881273
v 2.74608973 -1.27078015 -2.06341941
v 2.74612965 -1.27060141 -1.98816680
v 2.74613073 -1.27054670 -1.91311398
v 2.74611387 -1.27057926 -1.83814027
v 2.74609952 -1.27061025 -1.76315727
v 2.74608779 -1.27062154 -1.68815803
v 2.74607697 -1.27062649 -1.61315170
v 2.74607158 -1.27062602 -1.53814291
v 2.74607528 -1.27061741 -1.46313628
v 2.74608612 -1.27060468 -1.38813420
v 2.74609877 -1.27059522 -1.31313599
v 2.74610827 -1.27059278 -1.23814031
v 2.74611199 -1.27059469 -1.16314503
v 2.74611104 -1.27059622 -1.08814773
v 2.74610901 -1.27059609 -1.01314815
v 2.74610819 -1.27059562 -0.93814782
v 2.74610828 -1.27059554 -0.86314758
v 2.74610835 -1.27059557 -0.78814729
v 2.74610823 -1.27059553 -0.71314690
v 2.74610808 -1.27059545 -0.63814659
v 2.74610803 -1.27059535 -0.56314647
v 2.74610807 -1.27059531 -0.48814650
v 2.74610808 -1.27059547 -0.41314659
v 2.74610800 -1.27059547 -0.33814660
v 2.74610824 -1.27059434 -0.26314608
v 2.74610962 -1.27059244 -0.18814516
v 2.74611183 -1.27059259 -0.11314580
v 2.74611209 -1.27059678 -0.03815013
v 2.74610717 -1.27060337 0.03684305
v 2.74609687 -1.27060980 0.11183808
v 2.74608437 -1.27061529 0.18683911
v 2.74607399 -1.27061946 0.26184779
v 2.74606913 -1.27062112 0.33686146
v 2.74606994 -1.27062293 0.41187211
v 2.74607151 -1.27063421 0.48686951
v 2.74606645 -1.27065652 0.56185073
v 2.74605318 -1.27067271 0.63682692
v 2.74604015 -1.27066931 0.71181154
v 2.74603487 -1.27065361 0.78680555
v 2.74603410 -1.27063434 0.86180779
v 2.74603579 -1.27061236 0.93682482
v 2.74604896 -1.27059387 1.01185225
v 2.74607727 -1.27058535 1.08687023
v 2.74610039 -1.27059071 1.16187009
v 2.74608859 -1.27062993 1.23686081
v 2.74612240 -1.27061942 1.31184950
v 2.74652267 -1.27011368 1.38681201
v 2.74715065 -1.26903548 1.46161767
v 2.74509660 -1.27141671 1.53627178
v 2.73437890 -1.29333422 1.61261222
v 2.73200756 -1.25535322 1.99408868
v 2.74494248 -1.25802489 2.07333667
v 2.74684979 -1.27112418 2.13641687
v 2.74753220 -1.27189966 2.21193727
v 2.74609896 -1.27080592 2.28817076
v 2.74317885 -1.26940867 2.36516608
v 2.74201997 -1.26696586 2.44011820
v 2.75295394 -1.26859181 2.50291919
v 2.78981995 -1.28964633 2.54050342
v 2.75297952 -1.19611823 -2.50502344
v 2.79215730 -1.19485187 -2.54169801
v 2.74101096 -1.19568907 -2.44203156
v 2.74220459 -1.19554014 -2.36647354
v 2.74505632 -1.19563267 -2.28914047
v 2.74615481 -1.19568375 -2.21317905
v 2.74620739 -1.19565758 -2.13804823
v 2.74612396 -1.19561462 -2.06300956
v 2.74610007 -1.19559612 -1.98796625
v 2.74608068 -1.19562516 -1.91298918
v 2.74604875 -1.19567776 -1.83804331
v 2.74601656 -1.19571592 -1.76307845
v 2.74598923 -1.19573534 -1.68809566
v 2.74596577 -1.19574062 -1.61310552
v 2.74595038 -1.19572856 -1.53810144
v 2.74595148 -1.19570562 -1.46307918
v 2.74596952 -1.19568090 -1.38804793
v 2.74599663 -1.19565510 -1.31301823
v 2.74602691 -1.19563316 -1.23799724
v 2.74605511 -1.19562473 -1.16299020
v 2.74607287 -1.19562782 -1.08799416
v 2.74607735 -1.19563156 -1.01299923
v 2.74607530 -1.19563150 -0.93800014
v 2.74607341 -1.19563020 -0.86299850
v 2.74607259 -1.19562937 -0.78799646
v 2.74607174 -1.19562869 -0.71299453
v 2.74607066 -1.19562792 -0.63799283
v 2.74606963 -1.19562718 -0.56299153
v 2.74606887 -1.19562653 -0.48799076
v 2.74606845 -1.19562611 -0.41299050
v 2.74606836 -1.19562550 -0.33799045
v 2.74606910 -1.19562354 -0.26298988
v 2.74607118 -1.19562235 -0.18798940
v 2.74607185 -1.19562932 -0.11299356
v 2.74606386 -1.19564715 -0.03800632
v 2.74604285 -1.19566854 0.03697588
v 2.74601486 -1.19568962 0.11195654
v 2.74598893 -1.19571285 0.18693091
v 2.74596558 -1.19573319 0.26190255
v 2.74594246 -1.19574372 0.33689220
v 2.74592404 -1.19575465 0.41190674
v 2.74591320 -1.19578599 0.48691760
v 2.74590251 -1.19582599 0.56190129
v 2.74589109 -1.19581879 0.63688951
v 2.74590244 -1.19574796 0.71192892
v 2.74595636 -1.19568908 0.78698665
v 2.74602098 -1.19569388 0.86197849
v 2.74603593 -1.19570890 0.93691206
v 2.74599637 -1.19568271 1.01188770
v 2.74596667 -1.19563813 1.08693948
v 2.74598865 -1.19561312 1.16200054
v 2.74601570 -1.19563208 1.23702308
v 2.74602271 -1.19567241 1.31203500
v 2.74627202 -1.19548142 1.38706419
v 2.74705779 -1.19473141 1.46190436
v 2.74647836 -1.19481170 1.53596345
v 2.73547406 -1.20243694 1.61033351
v 2.73232650 -1.17974553 1.91657001
v 2.74482286 -1.18238159 1.99741262
v 2.74670732 -1.19587693 2.06212375
v 2.74830373 -1.19719717 2.13669632
v 2.74829513 -1.19661093 2.21199682
v 2.74725001 -1.19692784 2.28744327
v 2.74373280 -1.19455856 2.36442984
v 2.74262465 -1.19074195 2.44130683
v 2.75462728 -1.19340344 2.50474166
v 2.79132124 -1.21414817 2.54138023
v 2.75966601 -1.12578788 -2.50418037
v 2.80618607 -1.11706753 -2.53906605
v 2.74268597 -1.12236467 -2.44193137
v 2.74194502 -1.12088382 -2.36622346
v 2.74486410 -1.12054398 -2.28884707
v 2.74617631 -1.12065224 -2.21292429
v 2.74618171 -1.12071971 -2.13795620
v 2.74599685 -1.12073847 -2.06311212
v 2.74592668 -1.12079310 -1.98820134
v 2.74588811 -1.12087158 -1.91328147
v 2.74584146 -1.12091082 -1.83834010
v 2.74581479 -1.12089029 -1.76333864
v 2.74583181 -1.12085228 -1.68831175
v 2.74588032 -1.12081120 -1.61332809
v 2.74592814 -1.12074499 -1.53838717
v 2.74595372 -1.12069366 -1.46342547
v 2.74594829 -1.12071897 -1.38841194
v 2.74591139 -1.12078270 -1.31336484
v 2.74586668 -1.12080223 -1.23830123
v 2.74585343 -1.12077721 -1.16323819
v 2.74587959 -1.12076035 -1.08820285
v 2.74591188 -1.12076544 -1.01319900
v 2.74592417 -1.12077207 -0.93820391
v 2.74592213 -1.12077187 -0.86320402
v 2.74591905 -1.12077017 -0.78820257
v 2.74591840 -1.12076960 -0.71320351
v 2.74591881 -1.12076940 -0.63820581
v 2.74591911 -1.12076943 -0.56320729
v 2.74591859 -1.12076977 -0.48820726
v 2.74591735 -1.12076987 -0.41320655
v 2.74591636 -1.12076864 -0.33820603
v 2.74591703 -1.12076526 -0.26320528
v 2.74591908 -1.12076522 -0.18820490
v 2.74591581 -1.12078228 -0.11321152
v 2.74589578 -1.12081353 -0.03822849
v 2.74586144 -1.12082593 0.03676481
v 2.74584281 -1.12080955 0.11178790
v 2.74586977 -1.12080358 0.18680070
v 2.74592755 -1.12081890 0.26173769
v 2.74596496 -1.12081715 0.33661467
v 2.74595481 -1.12080362 0.41151837
v 2.74591822 -1.12083400 0.48648301
v 2.74588542 -1.12088336 0.56147390
v 2.74587731 -1.12079920 0.63651961
v 2.74593619 -1.12052855 0.71172151
v 2.74610193 -1.12031921 0.78703759
v 2.74632512 -1.12041732 0.86220002
v 2.74646501 -1.12069005 0.93701665
v 2.74639653 -1.12085654 1.01167592
v 2.74614518 -1.12086289 1.08651979
v 2.74590497 -1.12080762 1.16160032
v 2.74581724 -1.12076604 1.23672593
v 2.74581562 -1.12078245 1.31179027
v 2.74588645 -1.12078144 1.38684718
v 2.74636849 -1.12048296 1.46188897
v 2.74716761 -1.11995786 1.53640346
v 2.74536899 -1.12075698 1.60935523
v 2.73524213 -1.12341808 1.68079369
v 2.73284590 -1.10900544 1.76127003
v 2.73559320 -1.11814173 1.84465506
v 2.74560834 -1.10735763 1.92177909
v 2.74698824 -1.12009260 1.98501826
v 2.74815373 -1.12362752 2.05926123
v 2.74816062 -1.12337520 2.13453522
v 2.74798892 -1.12132063 2.21114284
v 2.74598581 -1.12405052 2.28710038
v 2.74298373 -1.13486378 2.35168270
v 2.73354932 -1.10675372 2.43459888
v 2.75276043 -1.11735755 2.50495649
v 2.79203371 -1.13992245 2.54230514
v 2.77376068 -1.07477870 -2.50499191
v 2.77685361 -1.01882132 -2.48573640
v 2.75114818 -1.04940908 -2.44549475
v 2.74290558 -1.04727628 -2.36650528
v 2.74444784 -1.04582856 -2.28896936
v 2.74596467 -1.04563164 -2.21300065
v 2.74613769 -1.04576280 -2.13804564
v 2.74594420 -1.04584311 -2.06324314
v 2.74584275 -1.04592776 -1.98835461
v 2.74579276 -1.04599393 -1.91342226
v 2.74576694 -1.04590553 -1.83840000
v 2.74583002 -1.04564333 -1.76320785
v 2.74602742 -1.04537763 -1.68791581
v 2.74632452 -1.04521166 -1.61273218
v 2.74663143 -1.04505685 -1.53778832
v 2.74684030 -1.04493028 -1.46299401
v 2.74685694 -1.04504808 -1.38818244
v 2.74666323 -1.04542825 -1.31331953
v 2.74633998 -1.04577218 -1.23842107
v 2.74602471 -1.04587070 -1.16343094
v 2.74584736 -1.04581804 -1.08835259
v 2.74582756 -1.04578053 -1.01328626
v 2.74586567 -1.04578827 -0.93827277
v 2.74588352 -1.04580016 -0.86327943
v 2.74588383 -1.04580467 -0.78828908
v 2.74588707 -1.04580941 -0.71330565
v 2.74589648 -1.04581585 -0.63832702
v 2.74590791 -1.04582242 -0.56334571
v 2.74591770 -1.04582927 -0.48835733
v 2.74592307 -1.04583660 -0.41336214
v 2.74592383 -1.04584158 -0.33836317
v 2.74592345 -1.04584012 -0.26336263
v 2.74592381 -1.04583949 -0.18836145
v 2.74591597 -1.04586263 -0.11336680
v 2.74588787 -1.04589766 -0.03838211
v 2.74586265 -1.04584865 0.03664344
v 2.74591892 -1.04565784 0.11180115
v 2.74611873 -1.04544047 0.18707233
v 2.74642452 -1.04531363 0.26227734
v 2.74672760 -1.04521552 0.33725717
v 2.74692121 -1.04508049 0.41203579
v 2.74697119 -1.04500590 0.48677747
v 2.74694204 -1.04502097 0.56162569
v 2.74692775 -1.04484806 0.63667589
v 2.74700391 -1.04429073 0.71204959
v 2.74721742 -1.04388294 0.78761050
v 2.74742493 -1.04418084 0.86300764
v 2.74749667 -1.04486780 0.93805429
v 2.74755075 -1.04546825 1.01258812
v 2.74739677 -1.04582893 1.08684162
v 2.74680336 -1.04596339 1.16142781
v 2.74616703 -1.04594771 1.23642916
v 2.74586229 -1.04587240 1.31153799
v 2.74580051 -1.04585065 1.38662111
v 2.74592822 -1.04581301 1.46172205
v 2.74648428 -1.04557810 1.53676081
v 2.74719121 -1.04538733 1.61113961
v 2.74652980 -1.04568840 1.68420990
v 2.74547170 -1.04465890 1.75782667
v 2.74580911 -1.04489882 1.83355797
v 2.74729528 -1.04614780 1.90973918
v 2.74810897 -1.04746142 1.98415650
v 2.74763820 -1.04901724 2.05864625
v 2.74739772 -1.04766225 2.13471942
v 2.74728095 -1.04530901 2.21092082
v 2.74411053 -1.04747447 2.28769992
v 2.73271808 -1.06509386 2.36703403
v 2.74023926 -1.03511870 2.50404500
v 2.79042874 -1.06474871 2.54247028
v 2.75436486 -0.96857314 -2.43102401
v 2.78012351 -0.94891748 -2.47932746
v 2.74443728 -0.97324608 -2.36515786
v 2.74420276 -0.97147066 -2.28916151
v 2.74566063 -0.97066725 -2.21315745
v 2.74607577 -0.97073023 -2.13810120
v 2.74593843 -0.97088246 -2.06328375
v 2.74581532 -0.97097082 -1.98837015
v 2.74578395 -0.97091368 -1.91333621
v 2.74586769 -0.97050556 -1.83808716
v 2.74615124 -0.96976827 -1.76250065
v 2.74665373 -0.96920172 -1.68677934
v 2.74720604 -0.96904643 -1.61126024
v 2.74767405 -0.96900534 -1.53601739
v 2.74808837 -0.96897677 -1.46111548
v 2.74826823 -0.96917492 -1.38650667
v 2.74801157 -0.96975023 -1.31197629
v 2.74751387 -0.97047477 -1.23756872
v 2.74695132 -0.97096249 -1.16320738
v 2.74634755 -0.97102028 -1.08849392
v 2.74595010 -0.97086487 -1.01343472
v 2.74587480 -0.97080128 -0.93835326
v 2.74591604 -0.97082304 -0.86334750
v 2.74594048 -0.97084924 -0.78837492
v 2.74595240 -0.97086363 -0.71340791
v 2.74596811 -0.97087557 -0.63843502
v 2.74598452 -0.97088793 -0.56345269
v 2.74600169 -0.97089715 -0.48846677
v 2.74602099 -0.97090520 -0.41347883
v 2.74603621 -0.97091897 -0.33848580
v 2.74604237 -0.97093239 -0.26348839
v 2.74604190 -0.97093862 -0.18848819
v 2.74602998 -0.97096122 -0.11349052
v 2.74599918 -0.97099412 -0.03850424
v 2.74600325 -0.97087273 0.03652384
v 2.74618235 -0.97042216 0.11176400
v 2.74662569 -0.96990280 0.18724440
v 2.74712257 -0.96953086 0.26285147
v 2.74749845 -0.96919624 0.33857371
v 2.74790243 -0.96891726 0.41407989
v 2.74828352 -0.96868536 0.48896571
v 2.74846713 -0.96855972 0.56352899
v 2.74852756 -0.96833961 0.63834512
v 2.74860658 -0.96759435 0.71369540
v 2.74871620 -0.96712172 0.78933385
v 2.74872086 -0.96894805 0.86343822
v 2.74742718 -0.97006854 0.93750321
v 2.74617586 -0.96944326 1.01394581
v 2.74721278 -0.97003615 1.08933282
v 2.74809554 -0.97079623 1.16288164
v 2.74741862 -0.97113048 1.23688629
v 2.74652290 -0.97118310 1.31149747
v 2.74603113 -0.97100704 1.38644473
v 2.74591876 -0.97092843 1.46149540
v 2.74603911 -0.97089845 1.53661257
v 2.74647044 -0.97080372 1.61168651
v 2.74707564 -0.97081202 1.68634449
v 2.74753439 -0.97098372 1.76050184
v 2.74776848 -0.97141197 1.83469455
v 2.74776317 -0.97215426 1.90936208
v 2.74743229 -0.97275130 1.98447211
v 2.74684324 -0.97272595 2.06002817
v 2.74643958 -0.97157194 2.13606318
v 2.74642742 -0.96934163 2.21208973
v 2.74448970 -0.96892762 2.28785402
v 2.73175193 -0.97826680 2.36523533
v 2.74112307 -0.94819322 2.49904169
v 2.78978391 -0.98681960 2.54072369
v 2.75489486 -0.89415848 -2.42894758
v 2.78015506 -0.87459704 -2.47898487
v 2.74483708 -0.89859303 -2.36367253
v 2.74401705 -0.89709942 -2.28945153
v 2.74538406 -0.89579913 -2.21342698
v 2.74600136 -0.89568114 -2.13814291
v 2.74594927 -0.89587092 -2.06325992
v 2.74583112 -0.89592161 -1.98831646
v 2.74587941 -0.89560745 -1.91313736
v 2.74618160 -0.89468744 -1.83754451
v 2.74678835 -0.89341613 -1.76151448
v 2.74749320 -0.89279044 -1.68538242
v 2.74801540 -0.89425062 -1.61078465
v 2.74736713 -0.89488421 -1.53639893
v 2.74645436 -0.89525453 -1.46033639
v 2.74640529 -0.89666095 -1.38474066
v 2.74618176 -0.89709184 -1.31017590
v 2.74592457 -0.89618661 -1.23547153
v 2.74674779 -0.89569725 -1.16155503
v 2.74729454 -0.89638777 -1.08812175
v 2.74658201 -0.89623895 -1.01360764
v 2.74606022 -0.89595257 -0.93853816
v 2.74599185 -0.89590779 -0.86348149
v 2.74604670 -0.89596027 -0.78851135
v 2.74607259 -0.89597395 -0.71353215
v 2.74606661 -0.89594560 -0.63847579
v 2.74602761 -0.89591944 -0.56335338
v 2.74596939 -0.89590077 -0.48824450
v 2.74593200 -0.89586151 -0.41319836
v 2.74593473 -0.89581872 -0.33819187
v 2.74595664 -0.89581482 -0.26319258
v 2.74597138 -0.89584049 -0.18819320
v 2.74596570 -0.89587613 -0.11319455
v 2.74593589 -0.89591685 -0.03820633
v 2.74595792 -0.89579333 0.03678426
v 2.74623233 -0.89520108 0.11191463
v 2.74678992 -0.89454222 0.18727195
v 2.74728916 -0.89541243 0.26157745
v 2.74634528 -0.89497353 0.33643768
v 2.74513073 -0.89432025 0.41397630
v 2.74537972 -0.89509062 0.49111230
v 2.74596332 -0.89488850 0.56625406
v 2.74629113 -0.89458617 0.64090901
v 2.74647120 -0.89381953 0.71602747
v 2.74654288 -0.89329452 0.79155214
v 2.74604966 -0.89696257 0.86597829
v 2.74553155 -0.90980640 0.92741639
v 2.73558781 -0.89577617 1.00364455
v 2.73498422 -0.89208517 1.09317662
v 2.74375140 -0.89567226 1.16702863
v 2.74673218 -0.89526634 1.23948765
v 2.74727778 -0.89625009 1.31268691
v 2.74648402 -0.89625597 1.38698231
v 2.74596797 -0.89592460 1.46177931
v 2.74585990 -0.89582773 1.53678304
v 2.74591987 -0.89583241 1.61188176
v 2.74612489 -0.89582237 1.68699187
v 2.74644554 -0.89588390 1.76195647
v 2.74670128 -0.89609079 1.83669645
v 2.74671889 -0.89638162 1.91134973
v 2.74648116 -0.89653190 1.98621821
v 2.74607249 -0.89625739 2.06163714
v 2.74560609 -0.89532987 2.13774808
v 2.74528666 -0.89369021 2.21404659
v 2.74490589 -0.89219123 2.28962870
v 2.74208356 -0.89575352 2.36445254
v 2.73234874 -0.91452362 2.43520176
v 2.75850935 -0.87531195 2.49448245
v 2.79984904 -0.90470253 2.53713373
v 2.75443013 -0.81930652 -2.42958226
v 2.77954338 -0.79948817 -2.47958838
v 2.74456360 -0.82397004 -2.36422527
v 2.74377947 -0.82244904 -2.28999579
v 2.74519680 -0.82092239 -2.21378009
v 2.74594602 -0.82064682 -2.13821230
v 2.74596496 -0.82083607 -2.06322173
v 2.74587596 -0.82084005 -1.98827541
v 2.74605002 -0.82024973 -1.91305849
v 2.74662155 -0.81888965 -1.83735871
v 2.74740879 -0.81733213 -1.76116031
v 2.74802169 -0.81794151 -1.68585287
v 2.74697072 -0.82158674 -1.61152072
v 2.74567124 -0.83391997 -1.54839625
v 2.73635579 -0.82259016 -1.47221526
v 2.73404568 -0.83340008 -1.38940259
v 2.73341195 -0.83466622 -1.31367242
v 2.73325515 -0.83250068 -1.23897833
v 2.73573382 -0.81703976 -1.15888654
v 2.74549648 -0.82044281 -1.08633509
v 2.74717467 -0.82160796 -1.01303110
v 2.74635034 -0.82112187 -0.93830640
v 2.74591864 -0.82082342 -0.86321416
v 2.74593442 -0.82085752 -0.78821944
v 2.74598268 -0.82085586 -0.71321149
v 2.74593439 -0.82069771 -0.63799269
v 2.74577951 -0.82051923 -0.56255126
v 2.74553730 -0.82043180 -0.48710502
v 2.74527975 -0.82035318 -0.41185610
v 2.74510558 -0.82017316 -0.33678704
v 2.74505851 -0.81997989 -0.26177396
v 2.74508870 -0.81992098 -0.18676013
v 2.74511907 -0.81997527 -0.11174921
v 2.74511020 -0.82005527 -0.03674780
v 2.74512343 -0.82002023 0.03822931
v 2.74540023 -0.81953234 0.11319399
v 2.74595441 -0.81883680 0.18824376
v 2.74549186 -0.82102970 0.26289407
v 2.74429993 -0.83338697 0.32479294
v 2.73433003 -0.82016018 0.40069545
v 2.73174136 -0.83052804 0.48420550
v 2.73209257 -0.83143896 0.56176186
v 2.73254418 -0.83083549 0.63757841
v 2.73265336 -0.82990021 0.71310832
v 2.73290678 -0.82911119 0.78826288
v 2.73260705 -0.83213938 0.86295333
v 2.72951386 -0.84758953 0.94161763
v 2.72549657 -0.83289856 1.16999274
v 2.73411230 -0.81568751 1.24165526
v 2.74451163 -0.81876180 1.31439227
v 2.74613053 -0.82076286 1.38895277
v 2.74549045 -0.82043841 1.46343147
v 2.74511528 -0.82004635 1.53823492
v 2.74506255 -0.81999907 1.61321989
v 2.74506697 -0.82002270 1.68827743
v 2.74509685 -0.82001955 1.76336411
v 2.74515951 -0.82005213 1.83841333
v 2.74519601 -0.82013552 1.91336706
v 2.74514474 -0.82009168 1.98831859
v 2.74495473 -0.81961592 2.06361355
v 2.74454629 -0.81869209 2.13954796
v 2.74406050 -0.81757468 2.21576060
v 2.74395565 -0.81756210 2.29005683
v 2.74574348 -0.81822147 2.36242671
v 2.75213681 -0.82904147 2.43849398
v 2.77454024 -0.82101322 2.49263664
v 2.79248225 -0.84581361 2.52191241
v 2.75418693 -0.74422286 -2.42998502
v 2.77935836 -0.72441386 -2.47976678
v 2.74435633 -0.74899509 -2.36475405
v 2.74363632 -0.74754662 -2.29046387
v 2.74511291 -0.74597711 -2.21404757
v 2.74591750 -0.74564045 -2.13828441
v 2.74595905 -0.74582153 -2.06320837
v 2.74587819 -0.74582866 -1.98828734
v 2.74614384 -0.74514225 -1.91320838
v 2.74684359 -0.74368869 -1.83776968
v 2.74757220 -0.74336609 -1.76302031
v 2.74655050 -0.74548362 -1.68858114
v 2.74480599 -0.75925628 -1.62384876
v 2.73246467 -0.76174154 -1.54339135
v 2.73471587 -0.73728748 -1.08447685
v 2.74567218 -0.74555089 -1.01114406
v 2.74604769 -0.74584219 -0.93692829
v 2.74520495 -0.74508677 -0.86183092
v 2.74502962 -0.74494804 -0.78675514
v 2.74509345 -0.74492846 -0.71173737
v 2.74504355 -0.74459188 -0.63643705
v 2.74483458 -0.74424134 -0.56082122
v 2.74456855 -0.74412568 -0.48528684
v 2.74428572 -0.74415910 -0.41004429
v 2.74391272 -0.74420546 -0.33500937
v 2.74359157 -0.74389944 -0.26006113
v 2.74349570 -0.74345208 -0.18507065
v 2.74353833 -0.74332742 -0.11002620
v 2.74356821 -0.74342093 -0.03498606
v 2.74356268 -0.74349474 0.04003156
v 2.74373389 -0.74326089 0.11498350
v 2.74429709 -0.74261687 0.18978934
v 2.74383440 -0.74359903 0.26506882
v 2.73506829 -0.75490723 0.34856676
v 2.73494100 -0.73225898 1.30498712
v 2.74377814 -0.74338799 1.38977568
v 2.74430997 -0.74441130 1.46537682
v 2.74378375 -0.74376700 1.54014054
v 2.74362107 -0.74351170 1.61503975
v 2.74362393 -0.74353038 1.69003145
v 2.74361034 -0.74354721 1.76505069
v 2.74358991 -0.74354866 1.84008459
v 2.74358658 -0.74359215 1.91510790
v 2.74356478 -0.74353542 1.99011253
v 2.74345121 -0.74293964 2.06528438
v 2.74321666 -0.74187360 2.14086168
v 2.74299821 -0.74210611 2.21547688
v 2.74418903 -0.74326360 2.28807453
v 2.74633820 -0.75408616 2.34855339
v 2.75852355 -0.74332772 2.41293613
v 2.77964289 -0.76693664 2.47450278
v 2.75421773 -0.66921500 -2.43000523
v 2.77943093 -0.64946320 -2.47971903
v 2.74435280 -0.67396731 -2.36485306
v 2.74361454 -0.67254968 -2.29058955
v 2.74508309 -0.67100734 -2.21413261
v 2.74588668 -0.67066832 -2.13831744
v 2.74592527 -0.67083986 -2.06323162
v 2.74581825 -0.67090003 -1.98835772
v 2.74606501 -0.67038333 -1.91347113
v 2.74673911 -0.66910987 -1.83840619
v 2.74646890 -0.67001279 -1.76336139
v 2.74485649 -0.68341332 -1.70015880
v 2.73194982 -0.68631784 -1.62076462
v 2.73085375 -0.64960886 -1.07392747
v 2.74336067 -0.66776931 -1.00884387
v 2.74523079 -0.67040237 -0.93555995
v 2.74413079 -0.66913586 -0.86039032
v 2.74355887 -0.66849846 -0.78506217
v 2.74351111 -0.66839074 -0.70996857
v 2.74348151 -0.66789258 -0.63475062
v 2.74339793 -0.66736483 -0.55918563
v 2.74338099 -0.66854897 -0.48498842
v 2.74427833 -0.66849741 -0.41207339
v 2.74517527 -0.66888238 -0.33792850
v 2.74492518 -0.67060041 -0.26307914
v 2.74451494 -0.67007103 -0.18835737
v 2.74436040 -0.66934204 -0.11336957
v 2.74432032 -0.66915367 -0.03830095
v 2.74423949 -0.66919860 0.03673495
v 2.74421599 -0.66911360 0.11174288
v 2.74458010 -0.66866877 0.18661300
v 2.74519664 -0.66830389 0.26096681
v 2.74343833 -0.67033963 0.33477975
v 2.73314261 -0.67417061 0.40730839
v 2.73058894 -0.66054222 0.48489925
v 2.73009547 -0.65918273 0.55945959
v 2.72462233 -0.65750269 0.62860742
v 2.72826490 -0.64289966 0.85549870
v 2.73079105 -0.65776639 0.93556538
v 2.73110395 -0.66076226 1.01021323
v 2.73058497 -0.65957962 1.08594212
v 2.73060545 -0.65941990 1.16426606
v 2.73345966 -0.66889770 1.24906401
v 2.74333046 -0.65620538 1.32394058
v 2.74447019 -0.66814843 1.38711343
v 2.74510557 -0.67041102 1.46197901
v 2.74462663 -0.66975653 1.53695141
v 2.74436711 -0.66925960 1.61186329
v 2.74436524 -0.66920804 1.68684129
v 2.74438889 -0.66924971 1.76185145
v 2.74438269 -0.66926765 1.83686216
v 2.74437572 -0.66931997 1.91186906
v 2.74435396 -0.66933845 1.98685058
v 2.74425025 -0.66882998 2.06183927
v 2.74415431 -0.66756809 2.13707627
v 2.74458230 -0.66847965 2.21199905
v 2.74552613 -0.68040098 2.27519718
v 2.75649396 -0.67464100 2.34764314
v 2.77514101 -0.67939693 2.41101369
v 2.78421652 -0.71074827 2.45306660
v 2.75432846 -0.59431875 -2.42999561
v 2.77950713 -0.57449715 -2.47976120
v 2.74444182 -0.59904873 -2.36485326
v 2.74364540 -0.59759487 -2.29059384
v 2.74506001 -0.59602085 -2.21411290
v 2.74585785 -0.59562223 -2.13825066
v 2.74595670 -0.59572494 -2.06313673
v 2.74590632 -0.59582916 -1.98830216
v 2.74608245 -0.59565863 -1.91357210
v 2.74668264 -0.59483595 -1.83890943
v 2.74631412 -0.59482184 -1.76339273
v 2.73716585 -0.60623000 -1.67924051
v 2.73401926 -0.57127211 -1.09012962
v 2.74508731 -0.59160617 -1.01411997
v 2.74726918 -0.59772569 -0.93978471
v 2.74603277 -0.59641323 -0.86436495
v 2.74491280 -0.59492089 -0.78863714
v 2.74443576 -0.59450506 -0.71329423
v 2.74419348 -0.59387746 -0.63821534
v 2.74417179 -0.59287478 -0.56280447
v 2.74478189 -0.59478859 -0.48781814
v 2.74546868 -0.60644911 -0.42562428
v 2.75374973 -0.59126824 -0.35797158
v 2.75586365 -0.60440546 -0.28013415
v 2.75577978 -0.60688089 -0.20602547
v 2.75526450 -0.60598483 -0.13135576
v 2.75486755 -0.60507616 -0.05637750
v 2.75453928 -0.60477185 0.01854171
v 2.75426286 -0.60459126 0.09338525
v 2.75421720 -0.60421123 0.16829215
v 2.75467208 -0.60365553 0.24308772
v 2.75528348 -0.60357348 0.31713004
v 2.75457619 -0.60472810 0.38991060
v 2.75379552 -0.60488156 0.46342173
v 2.75438078 -0.60457496 0.53838194
v 2.75295251 -0.60516750 0.61261592
v 2.74249318 -0.60797669 0.68995823
v 2.74250508 -0.60306456 0.77912348
v 2.75594898 -0.59222126 0.84827160
v 2.75425383 -0.60280753 0.91374214
v 2.75462689 -0.60628676 0.98867872
v 2.75458837 -0.60563260 1.06392786
v 2.75409285 -0.60457207 1.13949568
v 2.75376688 -0.60522480 1.21667019
v 2.75463802 -0.60473334 1.29409882
v 2.75534384 -0.60437127 1.36893881
v 2.75492312 -0.60529897 1.44320343
v 2.75445356 -0.60469308 1.51841567
v 2.75420275 -0.60411066 1.59345858
v 2.75418790 -0.60398786 1.66843101
v 2.75423287 -0.60402852 1.74343789
v 2.75425443 -0.60405446 1.81847683
v 2.75425836 -0.60410403 1.89351936
v 2.75424889 -0.60419132 1.96852533
v 2.75416994 -0.60394275 2.04341908
v 2.75406629 -0.60275007 2.11827362
v 2.75464830 -0.60227058 2.19394654
v 2.75792849 -0.61194193 2.27516440
v 2.77466760 -0.60614365 2.33310338
v 2.78158715 -0.63460912 2.37998473
v 2.75424964 -0.51914317 -2.43003004
v 2.77923615 -0.49891980 -2.48009419
v 2.74449827 -0.52414668 -2.36484983
v 2.74373627 -0.52272472 -2.29063147
v 2.74512427 -0.52101170 -2.21412138
v 2.74595363 -0.52034568 -2.13809654
v 2.74622197 -0.52016580 -2.06272349
v 2.74642269 -0.52019669 -1.98767351
v 2.74668890 -0.52040096 -1.91289058
v 2.74711199 -0.52034720 -1.83842765
v 2.74753578 -0.51975587 -1.76421868
v 2.74548688 -0.52051634 -1.68976574
v 2.73516160 -0.52310058 -1.61713556
v 2.73188318 -0.50867830 -1.53790566
v 2.73189318 -0.50731397 -1.46119195
v 2.73223875 -0.50706622 -1.38405665
v 2.73185497 -0.50697731 -1.30917261
v 2.73232591 -0.50641010 -1.23471625
v 2.73570795 -0.51756919 -1.15230209
v 2.74608407 -0.51808790 -1.09113434
v 2.75611210 -0.51733735 -1.03591617
v 2.75849669 -0.53245769 -0.95764441
v 2.75750496 -0.53339549 -0.88225119
v 2.75610525 -0.53133520 -0.80671591
v 2.75524953 -0.53034768 -0.73145762
v 2.75456533 -0.52986995 -0.65661736
v 2.75408395 -0.52850433 -0.58173528
v 2.75469776 -0.52840843 -0.50563272
v 2.75782869 -0.53807365 -0.42462470
v 2.77407043 -0.52893933 -0.36700418
v 2.77956364 -0.54719660 -0.31197041
v 2.78250698 -0.55622968 -0.24119957
v 2.78232107 -0.55851795 -0.16677074
v 2.78145602 -0.55746544 -0.09195487
v 2.78079732 -0.55659057 -0.01719599
v 2.78055153 -0.55634207 0.05730572
v 2.78038663 -0.55615221 0.13182395
v 2.78034765 -0.55563570 0.20664496
v 2.78071718 -0.55507958 0.28155261
v 2.78130914 -0.55506553 0.35602392
v 2.78194115 -0.55565479 0.43024959
v 2.78285973 -0.55648067 0.50488197
v 2.78360917 -0.55715221 0.57953005
v 2.78232429 -0.55749687 0.65383219
v 2.78047911 -0.55706463 0.72963458
v 2.78138836 -0.55590756 0.80537414
v 2.78239174 -0.55667924 0.87920716
v 2.78205902 -0.55805990 0.95380172
v 2.78201915 -0.55743512 1.02926939
v 2.78189803 -0.55643201 1.10429797
v 2.78151637 -0.55600419 1.17923393
v 2.78098015 -0.55588608 1.25463327
v 2.78043292 -0.55563317 1.33030048
v 2.77991697 -0.55526694 1.40586145
v 2.77957687 -0.55477459 1.48129076
v 2.77945440 -0.55437928 1.55650962
v 2.77941367 -0.55431445 1.63149113
v 2.77939340 -0.55435677 1.70638762
v 2.77940614 -0.55433186 1.78133562
v 2.77943728 -0.55430116 1.85638157
v 2.77945278 -0.55436889 1.93146582
v 2.77941630 -0.55437028 2.00643533
v 2.77928548 -0.55367330 2.08111314
v 2.77931934 -0.55237246 2.15575103
v 2.78056198 -0.55481731 2.23115652
v 2.78366594 -0.56742602 2.29489747
v 2.75348912 -0.44283955 -2.42992461
v 2.77844425 -0.42258426 -2.48044874
v 2.74396140 -0.44855588 -2.36449017
v 2.74355720 -0.44765633 -2.29040506
v 2.74522886 -0.44599479 -2.21407277
v 2.74628265 -0.44496518 -2.13800007
v 2.74681777 -0.44434637 -2.06234479
v 2.74723824 -0.44416490 -1.98686398
v 2.74751694 -0.44460132 -1.91142103
v 2.74768531 -0.44531774 -1.83623339
v 2.74789828 -0.44532600 -1.76167618
v 2.74776287 -0.44454574 -1.68758842
v 2.74596200 -0.44411174 -1.61377604
v 2.74410167 -0.44314466 -1.53888315
v 2.74410587 -0.44362180 -1.46412121
v 2.74551427 -0.44361824 -1.39052189
v 2.74700673 -0.44544183 -1.31692658
v 2.74652653 -0.45667247 -1.25508433
v 2.75570970 -0.44346747 -1.18558407
v 2.76113502 -0.46576467 -1.10082297
v 2.77825262 -0.45952999 -1.04323984
v 2.78116725 -0.47613660 -0.98536533
v 2.78121472 -0.48210889 -0.91265461
v 2.77984082 -0.48203483 -0.83915274
v 2.78008877 -0.48026203 -0.76666841
v 2.78086610 -0.48002076 -0.69300803
v 2.78001863 -0.48073830 -0.61857620
v 2.77942516 -0.47920982 -0.54398684
v 2.78079054 -0.48148640 -0.46810749
v 2.78402991 -0.49260613 -0.40551550
v 2.75302523 -0.36664129 -2.42968158
v 2.77849160 -0.35012587 -2.47887072
v 2.74255671 -0.37168263 -2.36362670
v 2.74227264 -0.37161413 -2.28947629
v 2.74463441 -0.37064239 -2.21350097
v 2.74638485 -0.36967607 -2.13779555
v 2.74735141 -0.36894550 -2.06228016
v 2.74784215 -0.37000938 -1.98790234
v 2.74682543 -0.37050521 -1.91297414
v 2.74524263 -0.37130241 -1.83545790
v 2.74494956 -0.37135486 -1.75798105
v 2.74590312 -0.36937110 -1.68288443
v 2.74639500 -0.36827167 -1.60897171
v 2.74585987 -0.36874595 -1.53574953
v 2.74713970 -0.37107189 -1.46394980
v 2.74913457 -0.38264259 -1.40330291
v 2.75790323 -0.36868516 -1.33490765
v 2.76250747 -0.39148053 -1.25238492
v 2.77801568 -0.38249962 -1.19323622
v 2.78240164 -0.40313685 -1.13592325
v 2.78722080 -0.42176767 -1.07707275
v 2.75905410 -0.29979866 -2.43149753
v 2.77970029 -0.30342677 -2.47247417
v 2.74373517 -0.29645756 -2.36401730
v 2.74080439 -0.29510697 -2.28903219
v 2.74298701 -0.29467575 -2.21281907
v 2.74530734 -0.29421492 -2.13715684
v 2.74681614 -0.29366389 -2.06199283
v 2.74652433 -0.29714104 -1.98774587
v 2.74524579 -0.31021723 -1.92537646
v 2.73471073 -0.29772304 -1.84780758
v 2.73158279 -0.30627955 -1.76279432
v 2.73366742 -0.29100988 -1.68107851
v 2.74319419 -0.29292985 -1.60834328
v 2.74612869 -0.29487914 -1.53630078
v 2.74793499 -0.30642445 -1.47510764
v 2.75897980 -0.30160682 -1.40321925
v 2.77715596 -0.30425716 -1.34010334
v 2.78230844 -0.32909991 -1.28476374
v 2.78675814 -0.34687293 -1.22745427
v 2.78809780 -0.25908513 -2.44895657
v 2.78392776 -0.20559991 -2.39863152
v 2.75782217 -0.22948035 -2.37034995
v 2.74502257 -0.22349137 -2.29342975
v 2.74425511 -0.22052872 -2.21621458
v 2.74477462 -0.21901760 -2.13799336
v 2.74504633 -0.21787172 -2.06146258
v 2.74374835 -0.22049219 -1.98648525
v 2.73452954 -0.24055955 -1.90940336
v 2.73591214 -0.20725122 -1.62272801
v 2.74642945 -0.23209334 -1.55021364
v 2.75825465 -0.22762634 -1.47702580
v 2.77714519 -0.23180459 -1.41497649
v 2.78452128 -0.26080302 -1.37104867
v 2.77432664 -0.17540946 -2.35331437
v 2.78336517 -0.13334933 -2.31795018
v 2.76063564 -0.16673217 -2.30345923
v 2.75655494 -0.15837792 -2.23320057
v 2.75505603 -0.14550029 -2.14679928
v 2.74621692 -0.14390852 -2.06299628
v 2.74286175 -0.14184632 -1.98693981
v 2.73228743 -0.15041870 -1.91298362
v 2.72956770 -0.13369221 -1.69099013
v 2.75574588 -0.12812148 -1.62677497
v 2.75961546 -0.16338650 -1.54949152
v 2.77659833 -0.16090593 -1.49212954
v 2.78351691 -0.18776271 -1.44675857
v 2.78109637 -0.11301552 -2.26076699
v 2.78001386 -0.10539158 -2.18988294
v 2.77682178 -0.09278010 -2.12919785
v 2.78484515 -0.05433011 -2.09232336
v 2.76003301 -0.07770781 -2.06622378
v 2.74731602 -0.06998546 -1.99056214
v 2.74334011 -0.06942253 -1.91807827
v 2.73198222 -0.08339279 -1.85524567
v 2.74300795 -0.06594059 -1.77378963
v 2.76109963 -0.07829007 -1.69152368
v 2.77772314 -0.08076671 -1.64307028
v 2.78201495 -0.10160557 -1.58767559
v 2.78609050 -0.12170558 -1.52863563
v 2.77762331 -0.02523366 -2.04941181
v 2.78610633 0.01759972 -2.01738230
v 2.76219914 -0.01416666 -2.00017632
v 2.75700580 -0.00478888 -1.93204730
v 2.75734510 -0.01190044 -1.85379011
v 2.77479854 -0.00226791 -1.79388106
v 2.78053228 -0.02532667 -1.73628948
v 2.78663668 -0.04604966 -1.67967895
v 2.78264419 0.03922707 -1.96292930
v 2.78257703 0.04320732 -1.89275069
v 2.78578174 0.03369057 -1.83154234
v 2.82313050 -1.57425254 -2.49416494
v 2.88163965 -1.59487982 -2.50654153
v 2.83888708 -1.55349209 -2.54051314
v 2.81354862 -1.57765882 -2.42556115
v 2.86684369 -1.60201505 -2.43987955
v 2.80180551 -1.58119858 -2.36498511
v 2.85489547 -1.60320950 -2.35628999
v 2.86911759 -1.61049218 -2.27798694
v 2.85688260 -1.61151522 -2.21658033
v 2.85334592 -1.61245164 -2.14278314
v 2.85357788 -1.61240498 -2.06790154
v 2.85414810 -1.61211170 -1.99300861
v 2.85427934 -1.61203474 -1.91805604
v 2.85424548 -1.61205926 -1.84305370
v 2.85423066 -1.61207071 -1.76804668
v 2.85423263 -1.61206924 -1.69304612
v 2.85423355 -1.61206841 -1.61804667
v 2.85423341 -1.61206853 -1.54304669
v 2.85423337 -1.61206856 -1.46804667
v 2.85423337 -1.61206856 -1.39304667
v 2.85423337 -1.61206856 -1.31804667
v 2.85423337 -1.61206856 -1.24304667
v 2.85423336 -1.61206856 -1.16804667
v 2.85423336 -1.61206856 -1.09304667
v 2.85423336 -1.61206856 -1.01804667
v 2.85423336 -1.61206856 -0.94304667
v 2.85423336 -1.61206856 -0.86804667
v 2.85423336 -1.61206856 -0.79304667
v 2.85423336 -1.61206856 -0.71804667
v 2.85423336 -1.61206856 -0.64304667
v 2.85423336 -1.61206856 -0.56804667
v 2.85423336 -1.61206856 -0.49304667
v 2.85423336 -1.61206856 -0.41804667
v 2.85423336 -1.61206856 -0.34304667
v 2.85423336 -1.61206856 -0.26804667
v 2.85423336 -1.61206856 -0.19304667
v 2.85423337 -1.61206856 -0.11804666
v 2.85423337 -1.61206855 -0.04304666
v 2.85423337 -1.61206855 0.03195334
v 2.85423338 -1.61206855 0.10695334
v 2.85423339 -1.61206854 0.18195334
v 2.85423339 -1.61206854 0.25695334
v 2.85423339 -1.61206853 0.33195334
v 2.85423340 -1.61206853 0.40695334
v 2.85423340 -1.61206853 0.48195334
v 2.85423340 -1.61206853 0.55695333
v 2.85423339 -1.61206855 0.63195333
v 2.85423337 -1.61206855 0.70695332
v 2.85423337 -1.61206843 0.78195326
v 2.85423343 -1.61206869 0.85695350
v 2.85423324 -1.61207071 0.93195461
v 2.85423273 -1.61206558 1.00695057
v 2.85423446 -1.61203714 1.08193481
v 2.85423736 -1.61207360 1.15696451
v 2.85424306 -1.61240789 1.23215758
v 2.85432519 -1.61273715 1.30727726
v 2.85429800 -1.61089333 1.38114945
v 2.81038544 -1.57633016 1.48319797
v 2.85074995 -1.60238094 1.45453573
v 2.81698958 -1.57332817 1.55409255
v 2.86530329 -1.59951628 1.53685430
v 2.81769127 -1.57338124 1.62873895
v 2.86741360 -1.59925553 1.61173492
v 2.81790638 -1.57354087 1.70396281
v 2.86703842 -1.59962676 1.68651407
v 2.81841703 -1.57330582 1.77915791
v 2.86719455 -1.59942229 1.76161878
v 2.81553257 -1.57524325 1.85269536
v 2.86604972 -1.59948019 1.83772762
v 2.80381917 -1.58038144 1.91142651
v 2.85613604 -1.60225018 1.92005019
v 2.86938829 -1.61089754 1.99718250
v 2.85683416 -1.61224783 2.05843529
v 2.85312834 -1.61114001 2.13113582
v 2.81056534 -1.57626849 2.23291977
v 2.85023502 -1.60245461 2.20446289
v 2.81837608 -1.57466123 2.30499767
v 2.86714248 -1.60042733 2.28767306
v 2.81920141 -1.57658919 2.38345368
v 2.87135816 -1.60248660 2.36574472
v 2.81684902 -1.57471336 2.45903764
v 2.86771063 -1.60252843 2.44207854
v 2.81850947 -1.56277683 2.51302235
v 2.85529128 -1.59209916 2.49849592
v 2.86125824 -1.56324247 2.53644451
v 2.85166416 -1.49896289 -2.55772078
v 2.85798938 -1.50068167 2.55425231
v 2.85631054 -1.42475473 -2.55850514
v 2.85448173 -1.42331887 2.55590079
v 2.85516581 -1.34645627 -2.55580418
v 2.85357156 -1.34425196 2.55364079
v 2.85338943 -1.26947168 -2.55434923
v 2.85408517 -1.26762548 2.55279258
v 2.85641971 -1.19454177 -2.55337290
v 2.85476896 -1.19296146 2.55304530
v 2.86916043 -1.13231371 -2.55248552
v 2.85494377 -1.11879028 2.55345410
v 2.80264507 -1.05091234 -2.52225627
v 2.85593288 -1.05629633 -2.54428143
v 2.85465705 -1.04404309 2.55341261
v 2.81454789 -0.99137966 -2.51784684
v 2.86605731 -0.97340787 -2.54192735
v 2.85686314 -0.96976234 2.55242090
v 2.81767583 -0.91742562 -2.51636298
v 2.86724737 -0.89714339 -2.54188440
v 2.86827353 -0.90867026 2.55149696
v 2.81728744 -0.84222429 -2.51676250
v 2.86672192 -0.82204568 -2.54221409
v 2.81006154 -0.79307019 2.51725395
v 2.85210791 -0.84130290 2.54386753
v 2.81678892 -0.76713314 -2.51709192
v 2.86648339 -0.74709968 -2.54229268
v 2.81595186 -0.71918985 2.50370340
v 2.86353708 -0.76338958 2.54100550
v 2.81673097 -0.69214716 -2.51709252
v 2.86652729 -0.67214783 -2.54222351
v 2.80386057 -0.64696476 2.44434206
v 2.82974306 -0.65492599 2.51094991
v 2.86600438 -0.68977624 2.54076778
v 2.81682399 -0.61721687 -2.51703697
v 2.86658573 -0.59718972 -2.54222277
v 2.80161508 -0.58109674 2.35823534
v 2.82583066 -0.57344724 2.42143355
v 2.83532568 -0.60117683 2.48914980
v 2.86905889 -0.62260576 2.53503527
v 2.81678990 -0.54211705 -2.51726316
v 2.86632545 -0.52203517 -2.54270010
v 2.80124931 -0.49562444 -0.35400290
v 2.81718340 -0.50226492 -0.28414043
v 2.81827515 -0.51704760 -0.20517343
v 2.81765655 -0.51886880 -0.13029873
v 2.81668192 -0.51794305 -0.05553893
v 2.81794846 -0.51768128 0.01922527
v 2.81945321 -0.51908632 0.09394677
v 2.81934033 -0.52025291 0.16851380
v 2.81923610 -0.51982354 0.24342869
v 2.81935664 -0.51934047 0.31857434
v 2.81969343 -0.51931714 0.39360153
v 2.82017412 -0.51962956 0.46859223
v 2.82078963 -0.51998024 0.54354969
v 2.82109815 -0.52010735 0.61810257
v 2.82061145 -0.52004911 0.69223963
v 2.81989918 -0.52012543 0.76652243
v 2.81941272 -0.52047016 0.84117492
v 2.81876949 -0.52046352 0.91616162
v 2.81813226 -0.51955980 0.99142185
v 2.81782014 -0.51842237 1.06651864
v 2.81769753 -0.51777401 1.14125473
v 2.81753372 -0.51753913 1.21597514
v 2.81722724 -0.51744240 1.29097462
v 2.81699382 -0.51731019 1.36626954
v 2.81704901 -0.51716257 1.44172447
v 2.81721267 -0.51716861 1.51715175
v 2.81714939 -0.51735184 1.59236823
v 2.81686866 -0.51749360 1.66726203
v 2.81666483 -0.51741197 1.74190936
v 2.81667574 -0.51717186 1.81660434
v 2.81677413 -0.51700741 1.89155309
v 2.81681641 -0.51702093 1.96662145
v 2.81674272 -0.51684472 2.04146541
v 2.81653466 -0.51595665 2.11598044
v 2.81645128 -0.51599429 2.19180530
v 2.81690649 -0.52586206 2.27793494
v 2.83307556 -0.52802298 2.35498454
v 2.85107522 -0.52819613 2.40645956
v 2.86645229 -0.54787313 2.46400414
v 2.87655989 -0.57488649 2.51512992
v 2.81628587 -0.46641291 -2.51802975
v 2.86561918 -0.44667582 -2.54371058
v 2.80312821 -0.41690783 -1.01529098
v 2.80615769 -0.42956770 -0.93771999
v 2.80605022 -0.43442689 -0.86328317
v 2.80342957 -0.44188925 -0.80030326
v 2.81717647 -0.43000533 -0.73542807
v 2.81864848 -0.44156801 -0.65644141
v 2.81741425 -0.44394701 -0.58279539
v 2.81666450 -0.44335349 -0.50744623
v 2.81779332 -0.45135427 -0.42259108
v 2.83481831 -0.45357877 -0.34744734
v 2.85165568 -0.45581378 -0.29657169
v 2.85382885 -0.47422453 -0.24208566
v 2.85570944 -0.48045267 -0.17134954
v 2.85490014 -0.48062759 -0.09676561
v 2.85654331 -0.48037169 -0.02217332
v 2.86935901 -0.48103363 0.05687535
v 2.86790264 -0.49141731 0.13365621
v 2.86780008 -0.49319041 0.20798615
v 2.86747097 -0.49276345 0.28311840
v 2.86734431 -0.49241010 0.35834215
v 2.86741129 -0.49237945 0.43346200
v 2.86756624 -0.49244457 0.50855343
v 2.86767008 -0.49243667 0.58355209
v 2.86735684 -0.49229995 0.65819144
v 2.86692308 -0.49226773 0.73242959
v 2.86828220 -0.49280783 0.80732004
v 2.86901832 -0.49421614 0.88219118
v 2.86776109 -0.49470195 0.95658076
v 2.86688791 -0.49364859 1.03125751
v 2.86637925 -0.49269549 1.10568722
v 2.86628899 -0.49210731 1.18006980
v 2.86640360 -0.49176976 1.25478669
v 2.86659975 -0.49170197 1.32982162
v 2.86708357 -0.49189486 1.40512922
v 2.86752086 -0.49234541 1.48054488
v 2.86741881 -0.49278528 1.55598798
v 2.86693346 -0.49291076 1.63152072
v 2.86638613 -0.49285994 1.70657987
v 2.86611869 -0.49266325 1.78081231
v 2.86626243 -0.49223027 1.85502568
v 2.86649466 -0.49189751 1.92978597
v 2.86656470 -0.49183049 2.00476242
v 2.86644516 -0.49155544 2.07946057
v 2.86612136 -0.49075284 2.15406765
v 2.86592830 -0.49086673 2.23051417
v 2.86879532 -0.49246443 2.30775614
v 2.87740961 -0.49763714 2.37867708
v 2.81569522 -0.39070589 -2.51767600
v 2.86675569 -0.37257795 -2.54268561
v 2.80368359 -0.34260798 -1.16625787
v 2.80838018 -0.36801453 -1.07958150
v 2.81695307 -0.36730045 -1.01946928
v 2.82669017 -0.36358223 -0.96434375
v 2.83058265 -0.37941821 -0.88585999
v 2.83225349 -0.38949238 -0.80555539
v 2.85274853 -0.38223484 -0.74741790
v 2.86689903 -0.39962063 -0.68889815
v 2.86768164 -0.41507809 -0.61605264
v 2.86724069 -0.41771384 -0.54332853
v 2.86618824 -0.41800212 -0.46851308
v 2.87004292 -0.41906449 -0.39267717
v 2.87849640 -0.42420648 -0.32270529
v 2.81641347 -0.31516053 -2.50670621
v 2.87934780 -0.30544220 -2.53534054
v 2.80234814 -0.26644620 -1.31255049
v 2.80656879 -0.29979207 -1.23743175
v 2.82770140 -0.27757178 -1.18103853
v 2.82974998 -0.30301570 -1.10890711
v 2.83341237 -0.31645177 -1.02840296
v 2.85189576 -0.30764791 -0.97116376
v 2.86852079 -0.32543956 -0.91246801
v 2.87229473 -0.34384388 -0.83953581
v 2.87936660 -0.35177155 -0.77201926
v 2.84218720 -0.25801812 -2.49543942
v 2.81619253 -0.20807557 -2.44088403
v 2.86493811 -0.20541774 -2.47789862
v 2.80426272 -0.20104183 -1.38237784
v 2.81627595 -0.21621409 -1.31695018
v 2.83003869 -0.22460574 -1.25564788
v 2.85268862 -0.22985376 -1.19425525
v 2.86860794 -0.25161583 -1.13761728
v 2.87109875 -0.26930285 -1.06486424
v 2.87720596 -0.27555477 -0.99587578
v 2.83519514 -0.14938845 -2.42956336
v 2.88481034 -0.13955218 -2.46286224
v 2.80266545 -0.14685625 -2.37274911
v 2.80362682 -0.13475158 -1.46664555
v 2.82971871 -0.12613857 -1.40260679
v 2.83340022 -0.16312750 -1.32729087
v 2.85810811 -0.16291361 -1.27716913
v 2.88166653 -0.18824446 -1.22524313
v 2.85091903 -0.10242616 -2.42516545
v 2.85170793 -0.06926237 -2.40356146
v 2.82982799 -0.08050420 -2.37219254
v 2.80804392 -0.07408593 -2.29335624
v 2.80473273 -0.05689314 -2.20870600
v 2.79939264 -0.05475593 -2.13976903
v 2.80180650 -0.04946304 -1.62809980
v 2.81816305 -0.06288802 -1.54788116
v 2.83430181 -0.07595986 -1.46838495
v 2.87135893 -0.06427474 -1.41604318
v 2.87179056 -0.10261101 -1.36224906
v 2.87359880 -0.12922097 -1.31215584
v 2.86354665 -0.03231910 -2.37708143
v 2.87008648 0.00872040 -2.33382312
v 2.83731567 -0.01636942 -2.30774057
v 2.82864821 0.00436592 -2.22210862
v 2.81711745 0.00583823 -2.14240530
v 2.80350534 0.00402732 -2.07308572
v 2.80384041 0.03328628 -1.76873630
v 2.80681709 -0.00144345 -1.69032657
v 2.83179054 0.01201228 -1.62558381
v 2.86974969 0.01275693 -1.56420149
v 2.85727924 -0.02564452 -1.51299910
v 2.86828074 -0.03294456 -1.46410456
v 2.87262503 0.03187212 -2.27403762
v 2.85875118 0.05065373 -2.20525669
v 2.87991255 0.08218278 -2.16831680
v 2.83830260 0.05839476 -2.15174665
v 2.82910463 0.06624326 -2.08562834
v 2.81684019 0.06992475 -2.00963666
v 2.81531844 0.08347087 -1.92885282
v 2.81713870 0.07727134 -1.84548405
v 2.83170649 0.08302158 -1.77643055
v 2.83285099 0.06300096 -1.70286137
v 2.85361731 0.06902990 -1.64694336
v 2.86734484 0.05215915 -1.60931791
v 2.85976368 0.09687279 -2.11767891
v 2.86266164 0.11787752 -2.05584268
v 2.85214868 0.12240999 -1.97238242
v 2.85364467 0.12247691 -1.89577480
v 2.86939500 0.12051326 -1.81755060
v 2.87141550 0.10774324 -1.74037610
v 2.87762800 0.10008625 -1.67290671
v 2.95479721 -1.60211374 -2.50780474
v 2.90866686 -1.56253289 -2.54637908
v 2.93593116 -1.61274616 -2.44417227
v 2.93029398 -1.61217445 -2.36751362
v 2.93094239 -1.61163614 -2.28902323
v 2.93131634 -1.61226981 -2.21411421
v 2.92984313 -1.61251436 -2.14022877
v 2.93015646 -1.61244954 -2.06502387
v 2.93079836 -1.61225784 -1.98988286
v 2.93100871 -1.61218824 -1.91487670
v 2.93098214 -1.61220564 -1.83987938
v 2.93095559 -1.61221957 -1.76487425
v 2.93095553 -1.61221932 -1.68987279
v 2.93095744 -1.61221808 -1.61487334
v 2.93095741 -1.61221809 -1.53987347
v 2.93095732 -1.61221816 -1.46487342
v 2.93095733 -1.61221816 -1.38987342
v 2.93095733 -1.61221816 -1.31487342
v 2.93095733 -1.61221816 -1.23987342
v 2.93095733 -1.61221815 -1.16487342
v 2.93095733 -1.61221815 -1.08987342
v 2.93095733 -1.61221815 -1.01487342
v 2.93095733 -1.61221815 -0.93987342
v 2.93095733 -1.61221815 -0.86487342
v 2.93095733 -1.61221815 -0.78987342
v 2.93095733 -1.61221815 -0.71487342
v 2.93095733 -1.61221815 -0.63987342
v 2.93095733 -1.61221815 -0.56487342
v 2.93095733 -1.61221815 -0.48987342
v 2.93095733 -1.61221815 -0.41487342
v 2.93095733 -1.61221815 -0.33987342
v 2.93095733 -1.61221816 -0.26487342
v 2.93095733 -1.61221816 -0.18987342
v 2.93095733 -1.61221816 -0.11487342
v 2.93095733 -1.61221816 -0.03987342
v 2.93095733 -1.61221816 0.03512658
v 2.93095733 -1.61221816 0.11012658
v 2.93095733 -1.61221816 0.18512658
v 2.93095733 -1.61221816 0.26012658
v 2.93095733 -1.61221816 0.33512658
v 2.93095733 -1.61221816 0.41012658
v 2.93095733 -1.61221815 0.48512658
v 2.93095733 -1.61221815 0.56012658
v 2.93095733 -1.61221815 0.63512658
v 2.93095734 -1.61221816 0.71012659
v 2.93095733 -1.61221813 0.78512656
v 2.93095735 -1.61221801 0.86012651
v 2.93095744 -1.61221887 0.93512713
v 2.93095717 -1.61222045 1.01012758
v 2.93095594 -1.61220819 1.08511930
v 2.93095622 -1.61218079 1.16010919
v 2.93096856 -1.61226693 1.23517164
v 2.93101867 -1.61264982 1.31032706
v 2.93108494 -1.61294944 1.38517512
v 2.93085928 -1.61190955 1.45925422
v 2.93223776 -1.61044546 1.53392633
v 2.93370033 -1.61020356 1.60901219
v 2.93315860 -1.61053716 1.68359499
v 2.93290529 -1.61059663 1.75835492
v 2.93305998 -1.61027466 1.83339367
v 2.93183144 -1.61028331 1.90962507
v 2.93166823 -1.61146615 1.98639377
v 2.93126872 -1.61285639 2.06091126
v 2.92963112 -1.61325337 2.13455015
v 2.93002358 -1.61209613 2.20886808
v 2.93378513 -1.61130163 2.28462073
v 2.93813671 -1.61323388 2.36241405
v 2.93447191 -1.61350369 2.43873659
v 2.91164180 -1.60037100 2.50262647
v 2.93128653 -1.56288717 2.54313457
v 2.92779331 -1.50058756 -2.55883028
v 2.93407448 -1.49762157 2.55681721
v 2.93333302 -1.42437987 -2.55809575
v 2.93210918 -1.42081269 2.55646561
v 2.93180596 -1.34617822 -2.55564706
v 2.93090624 -1.34319137 2.55400862
v 2.92994842 -1.26942214 -2.55472572
v 2.93086574 -1.26747439 2.55306009
v 2.93112102 -1.19487349 -2.55456887
v 2.93108397 -1.19281627 2.55308901
v 2.93164288 -1.12034497 -2.55370539
v 2.93092942 -1.11811134 2.55332840
v 2.93194425 -1.04365529 -2.55270390
v 2.93068459 -1.04305135 2.55343235
v 2.93323195 -0.96731837 -2.55267949
v 2.93187652 -0.96940153 2.55331651
v 2.93294829 -0.89228773 -2.55295166
v 2.93143714 -0.89698271 2.55258804
v 2.93262570 -0.81744257 -2.55306531
v 2.93091424 -0.82277797 2.55214271
v 2.93259353 -0.74249944 -2.55303793
v 2.93134113 -0.74694864 2.55308823
v 2.93266999 -0.66752800 -2.55296708
v 2.93140328 -0.67159466 2.55304736
v 2.93262496 -0.59254128 -2.55303262
v 2.94122312 -0.59667642 2.54535523
v 2.93202057 -0.51738595 -2.55363711
v 2.88559239 -0.51202850 2.43065379
v 2.91418981 -0.51682537 2.47227361
v 2.92373618 -0.54311074 2.51184140
v 2.93116217 -0.44214059 -2.55457828
v 2.88153838 -0.43921295 -0.26888092
v 2.89321531 -0.44270983 -0.20814726
v 2.89531770 -0.44385154 -0.13331334
v 2.89556993 -0.44358532 -0.05866731
v 2.90233179 -0.44522961 0.01255519
v 2.92027263 -0.44846464 0.06765485
v 2.91986908 -0.46401580 0.11726351
v 2.92186987 -0.46955697 0.18658222
v 2.92173556 -0.47007532 0.26116945
v 2.92119111 -0.46963328 0.33638683
v 2.92101738 -0.46945220 0.41148157
v 2.92103487 -0.46945358 0.48651873
v 2.92099947 -0.46944109 0.56160003
v 2.92060235 -0.46928792 0.63663355
v 2.92005841 -0.46907166 0.71128489
v 2.92235328 -0.46957350 0.78595504
v 2.93634237 -0.47171844 0.86777385
v 2.93207734 -0.48028477 0.94192165
v 2.93250811 -0.48139944 1.01632820
v 2.93286908 -0.48161879 1.09083483
v 2.93201810 -0.48190434 1.16438108
v 2.93208070 -0.48134608 1.23855702
v 2.93257882 -0.48096782 1.31328840
v 2.93333730 -0.48120177 1.38835145
v 2.93381581 -0.48190156 1.46340957
v 2.93210552 -0.48252676 1.53709643
v 2.93143777 -0.48157604 1.61171939
v 2.93264129 -0.48026539 1.68951137
v 2.93233420 -0.48110642 1.76582710
v 2.93192086 -0.48198363 1.83956517
v 2.93222482 -0.48153498 1.91355131
v 2.93257386 -0.48113408 1.98820904
v 2.93266065 -0.48107900 2.06310476
v 2.93260614 -0.48081658 2.13781808
v 2.93237381 -0.47984555 2.21283230
v 2.93230650 -0.47844367 2.28911196
v 2.93457802 -0.47939009 2.36633822
v 2.93954343 -0.49126506 2.44271485
v 2.93461484 -0.36771970 -2.55352331
v 2.88851543 -0.36580967 -0.72270371
v 2.91605125 -0.37124591 -0.68108059
v 2.92083630 -0.38810088 -0.63151719
v 2.93792800 -0.39629253 -0.55717140
v 2.93366384 -0.40510598 -0.48454789
v 2.93225562 -0.40553373 -0.41083850
v 2.93433380 -0.40614430 -0.33561554
v 2.93336046 -0.41408503 -0.25476990
v 2.94408789 -0.41562140 -0.16826395
v 2.94471235 -0.41525022 -0.09164780
v 2.94670659 -0.41590003 -0.01745777
v 2.95405373 -0.42182728 0.05217725
v 2.95515695 -0.29194139 -2.54527094
v 2.88611551 -0.28873798 -0.94603931
v 2.91707114 -0.29446313 -0.90466541
v 2.93626976 -0.31403645 -0.84990793
v 2.93698966 -0.33043199 -0.78083882
v 2.94006182 -0.34505248 -0.70761365
v 2.90418487 -0.24919257 -2.51649200
v 2.93309029 -0.19141173 -2.49487403
v 2.88677863 -0.21596051 -1.17361604
v 2.92067688 -0.22474463 -1.13879695
v 2.94047923 -0.24528679 -1.08296636
v 2.93498959 -0.25646246 -1.00738948
v 2.93949401 -0.26933565 -0.93424461
v 2.93578963 -0.14310718 -2.47954821
v 2.91050582 -0.14547368 -1.27345127
v 2.95350270 -0.17154887 -1.22578430
v 2.93560939 -0.19862542 -1.17555864
v 2.88155619 -0.07477429 -2.43084554
v 2.94405359 -0.08694156 -2.46232863
v 2.89535375 -0.06811763 -1.38367910
v 2.92341018 -0.07460971 -1.36132512
v 2.93648992 -0.10721188 -1.32093773
v 2.91842479 -0.03142652 -2.41978514
v 2.89923207 0.00140195 -2.37564079
v 2.95184106 0.00879401 -2.39749921
v 2.88768737 0.00817728 -1.52592005
v 2.89854183 0.00374326 -1.48713448
v 2.91635796 -0.01169391 -1.43821603
v 2.94153939 -0.04062789 -1.39215664
v 2.91778379 0.02952080 -2.34200569
v 2.93779078 0.05449031 -2.28982569
v 2.90595566 0.06321777 -2.22466437
v 2.93132579 0.08968813 -2.19022978
v 2.88641372 0.08545056 -1.62624122
v 2.91368496 0.06783192 -1.58511804
v 2.94026535 0.04028227 -1.52361444
v 2.94839573 0.02189206 -1.46563086
v 2.91979198 0.11982992 -2.13223447
v 2.90629328 0.15106657 -2.06899759
v 2.95819164 0.15863282 -2.09757702
v 2.89238591 0.15769372 -2.00764622
v 2.89172367 0.15913325 -1.93390462
v 2.89929782 0.15607035 -1.86502633
v 2.92355744 0.15077503 -1.81475340
v 2.93959696 0.13100088 -1.75697259
v 2.93516814 0.11766108 -1.68357965
v 2.93296108 0.10224737 -1.62307232
v 2.94419611 0.17904522 -2.03732624
v 2.94094803 0.18559163 -1.96615425
v 2.94436022 0.18330193 -1.89328578
v 2.94792453 0.17331384 -1.83948107
v 3.03364714 -1.60467014 -2.50710427
v 2.98698028 -1.56500614 -2.54548801
v 3.01310829 -1.61648128 -2.44352135
v 3.00764081 -1.61589475 -2.36795170
v 3.00841224 -1.61360921 -2.29060153
v 3.00951633 -1.61267251 -2.21440275
v 3.00986260 -1.61246835 -2.13892466
v 3.01023754 -1.61233906 -2.06350237
v 3.01072281 -1.61222700 -1.98820945
v 3.01091272 -1.61219163 -1.91314175
v 3.01089064 -1.61220683 -1.83814601
v 3.01085743 -1.61221913 -1.76314731
v 3.01085460 -1.61221950 -1.68814624
v 3.01085727 -1.61221817 -1.61314649
v 3.01085752 -1.61221807 -1.53814668
v 3.01085736 -1.61221816 -1.46314664
v 3.01085736 -1.61221816 -1.38814663
v 3.01085736 -1.61221815 -1.31314664
v 3.01085736 -1.61221815 -1.23814664
v 3.01085736 -1.61221815 -1.16314664
v 3.01085736 -1.61221815 -1.08814664
v 3.01085736 -1.61221815 -1.01314664
v 3.01085736 -1.61221815 -0.93814664
v 3.01085736 -1.61221815 -0.86314664
v 3.01085736 -1.61221815 -0.78814664
v 3.01085736 -1.61221815 -0.71314664
v 3.01085736 -1.61221815 -0.63814664
v 3.01085736 -1.61221815 -0.56314664
v 3.01085736 -1.61221815 -0.48814664
v 3.01085736 -1.61221815 -0.41314664
v 3.01085736 -1.61221815 -0.33814664
v 3.01085736 -1.61221815 -0.26314664
v 3.01085736 -1.61221815 -0.18814664
v 3.01085736 -1.61221816 -0.11314664
v 3.01085736 -1.61221816 -0.03814664
v 3.01085736 -1.61221816 0.03685336
v 3.01085736 -1.61221816 0.11185336
v 3.01085736 -1.61221816 0.18685336
v 3.01085736 -1.61221816 0.26185336
v 3.01085736 -1.61221816 0.33685336
v 3.01085736 -1.61221816 0.41185336
v 3.01085736 -1.61221816 0.48685336
v 3.01085736 -1.61221816 0.56185336
v 3.01085736 -1.61221816 0.63685336
v 3.01085736 -1.61221816 0.71185337
v 3.01085736 -1.61221816 0.78685337
v 3.01085735 -1.61221809 0.86185331
v 3.01085739 -1.61221807 0.93685336
v 3.01085755 -1.61221947 1.01185423
v 3.01085702 -1.61221976 1.08685344
v 3.01085461 -1.61220301 1.16184360
v 3.01085563 -1.61217957 1.23684240
v 3.01087737 -1.61226849 1.31190710
v 3.01091714 -1.61259280 1.38698832
v 3.01086972 -1.61297343 1.46180601
v 3.01072515 -1.61319291 1.53629236
v 3.01042409 -1.61339772 1.61075668
v 3.00984730 -1.61366502 1.68539255
v 3.00943488 -1.61380517 1.76017460
v 3.00955684 -1.61369301 1.83496627
v 3.00974998 -1.61337146 1.90982802
v 3.00971599 -1.61303017 1.98504155
v 3.00963140 -1.61288123 2.06051783
v 3.00961297 -1.61294351 2.13593996
v 3.01010987 -1.61303684 2.21123717
v 3.01191025 -1.61360888 2.28703600
v 3.01439665 -1.61555045 2.36414873
v 3.01117356 -1.61587592 2.43993171
v 2.98738025 -1.60299467 2.50422941
v 3.01097307 -1.56413764 2.54362512
v 3.00764882 -1.50126350 -2.55731249
v 3.01442400 -1.49990365 2.55593582
v 3.01297211 -1.42532063 -2.55709810
v 3.01220425 -1.42436882 2.55564843
v 3.01154073 -1.34774044 -2.55535257
v 3.01080378 -1.34759024 2.55371176
v 3.00989382 -1.27137081 -2.55492381
v 3.01066795 -1.27213424 2.55302641
v 3.00955479 -1.19579969 -2.55520863
v 3.01073212 -1.19725691 2.55306063
v 3.00971031 -1.12040776 -2.55555513
v 3.01046116 -1.12209834 2.55323739
v 3.00981258 -1.04522074 -2.55587618
v 3.01014751 -1.04657521 2.55344701
v 3.00963982 -0.97037466 -2.55613070
v 3.01003706 -0.97115764 2.55371057
v 3.00937950 -0.89559606 -2.55623258
v 3.00991718 -0.89595622 2.55413658
v 3.00930889 -0.82067470 -2.55623019
v 3.00928456 -0.82042790 2.55499666
v 3.00935439 -0.74567835 -2.55619173
v 3.00812347 -0.74419548 2.55633894
v 3.00942193 -0.67069941 -2.55613366
v 3.01008863 -0.66898835 2.55727723
v 3.00924746 -0.59569560 -2.55621360
v 3.02285713 -0.60788602 2.55703519
v 3.00829250 -0.52041874 -2.55673991
v 2.95965851 -0.51115904 2.50131016
v 3.00384365 -0.54432018 2.54016125
v 3.00711328 -0.44461886 -2.55753773
v 2.95673207 -0.43671591 0.10489110
v 2.96915096 -0.44041678 0.16516412
v 2.97195148 -0.44185141 0.23972029
v 2.97140400 -0.44158694 0.31501185
v 2.97090812 -0.44130262 0.39005436
v 2.97085745 -0.44127242 0.46502543
v 2.97089298 -0.44130716 0.54004536
v 2.97066024 -0.44123818 0.61514826
v 2.97001834 -0.44095400 0.69012598
v 2.97060394 -0.44100842 0.76436186
v 2.97784309 -0.44315175 0.83616068
v 2.99662650 -0.44717715 0.89377463
v 2.99428019 -0.46154093 0.94169498
v 2.99720014 -0.46657846 1.01063647
v 3.01310248 -0.46869778 1.09050549
v 3.01013422 -0.47713047 1.16425985
v 3.00852441 -0.47861254 1.23903002
v 3.00897296 -0.47813122 1.31344893
v 3.00986764 -0.47810265 1.38814031
v 3.01043624 -0.47879637 1.46276988
v 3.00728025 -0.47865125 1.53666548
v 2.99319778 -0.47765915 1.59767935
v 3.00794853 -0.46824263 1.67496633
v 3.01304964 -0.46765381 1.76293450
v 3.00982751 -0.47680720 1.83909424
v 3.00851722 -0.47868055 1.91418862
v 3.00896080 -0.47822183 1.98847160
v 3.00932441 -0.47793744 2.06319965
v 3.00950818 -0.47796267 2.13809174
v 3.00974329 -0.47759942 2.21301343
v 3.00945908 -0.47620489 2.28852434
v 3.00796296 -0.47456107 2.36387109
v 3.01033473 -0.47827127 2.43801166
v 3.01484891 -0.49726066 2.50243255
v 3.01032462 -0.36953843 -2.55729391
v 2.95513473 -0.36168278 -0.64558312
v 2.97570273 -0.36789315 -0.58862275
v 3.00339181 -0.37427151 -0.53830518
v 3.01840078 -0.39340527 -0.48565761
v 3.00966007 -0.40216485 -0.41065632
v 3.00749814 -0.40210042 -0.33814261
v 3.00860933 -0.40337320 -0.26512404
v 3.00974322 -0.40563003 -0.18893834
v 3.00824898 -0.40563302 -0.11252696
v 3.00794042 -0.40492798 -0.03753653
v 3.00989323 -0.40670649 0.03797970
v 3.00947897 -0.41538887 0.11945195
v 3.02072930 -0.41780183 0.20519929
v 3.02153684 -0.41786892 0.28174277
v 3.02085531 -0.41756149 0.35674148
v 3.02062741 -0.41747465 0.43162495
v 3.02068409 -0.41751377 0.50659359
v 3.02066806 -0.41752869 0.58164539
v 3.02028327 -0.41734365 0.65674428
v 3.01991372 -0.41704148 0.73164220
v 3.02204223 -0.41806315 0.80576334
v 3.02960071 -0.42385776 0.87663921
v 3.02603571 -0.30854290 -2.55565365
v 2.96198771 -0.28721865 -0.87620948
v 3.00020554 -0.29611196 -0.83718238
v 3.01785001 -0.31658563 -0.78545155
v 3.01062969 -0.32992511 -0.71136786
v 3.01073262 -0.34289133 -0.63139658
v 3.02541286 -0.35358850 -0.56535041
v 2.96103227 -0.23107434 -2.52350436
v 3.02464412 -0.24149495 -2.54100477
v 2.98421178 -0.22005958 -1.12706367
v 3.02936498 -0.24158152 -1.07408849
v 3.01104416 -0.25257188 -1.01273689
v 3.00942002 -0.25893973 -0.94050959
v 3.01045798 -0.27364921 -0.87575353
v 2.99715494 -0.19482230 -2.51353601
v 2.99884206 -0.14263436 -2.49025173
v 2.98687245 -0.14087331 -1.27298342
v 3.03232720 -0.16974092 -1.22427819
v 3.00862113 -0.19335340 -1.17280390
v 3.03424698 -0.06612717 -2.47268496
v 2.98858702 -0.06920151 -1.35149206
v 3.02589093 -0.10586189 -1.31208058
v 2.98347802 -0.02474801 -2.44120270
v 3.01091098 0.01475726 -2.41732120
v 2.98713841 0.00332615 -1.42502228
v 3.02781647 -0.02941672 -1.38436573
v 2.99843350 0.04673243 -2.36044864
v 2.98738748 0.07475656 -2.29626311
v 3.04132724 0.08224121 -2.31989700
v 2.96202236 0.08140982 -2.24116688
v 2.98079454 0.08272799 -1.56647152
v 3.02558028 0.06321936 -1.51466612
v 3.01154036 0.03551912 -1.46838022
v 3.01985343 0.10097088 -2.26172659
v 2.98578251 0.10991264 -2.19919925
v 2.99849770 0.13804524 -2.15144186
v 3.01690207 0.16559273 -2.11569404
v 2.98104805 0.15830842 -1.79326354
v 3.02301444 0.13993100 -1.74038733
v 3.01154654 0.12438414 -1.68413763
v 3.01083953 0.11023528 -1.60958555
v 3.02075212 0.18801603 -2.05876771
v 3.00903000 0.19736190 -1.98242999
v 3.00856452 0.19749638 -1.90763017
v 3.01235574 0.18462509 -1.83289385
v 3.10897848 -1.60464383 -2.50586064
v 3.06604190 -1.56677386 -2.54461505
v 3.09010079 -1.61648994 -2.44310008
v 3.08432699 -1.61595972 -2.36700059
v 3.08519273 -1.61353599 -2.28955877
v 3.08667329 -1.61240943 -2.21364934
v 3.08718456 -1.61215938 -2.13843977
v 3.08736220 -1.61209516 -2.06322556
v 3.08755497 -1.61205238 -1.98803734
v 3.08764071 -1.61204676 -1.91298108
v 3.08761331 -1.61206134 -1.83799146
v 3.08758184 -1.61206983 -1.76299964
v 3.08757802 -1.61206982 -1.68799995
v 3.08758100 -1.61206861 -1.61299977
v 3.08758154 -1.61206846 -1.53799988
v 3.08758134 -1.61206856 -1.46299987
v 3.08758132 -1.61206857 -1.38799986
v 3.08758133 -1.61206856 -1.31299986
v 3.08758133 -1.61206856 -1.23799986
v 3.08758133 -1.61206856 -1.16299986
v 3.08758133 -1.61206856 -1.08799986
v 3.08758133 -1.61206856 -1.01299986
v 3.08758133 -1.61206856 -0.93799986
v 3.08758133 -1.61206856 -0.86299986
v 3.08758133 -1.61206856 -0.78799986
v 3.08758133 -1.61206856 -0.71299986
v 3.08758133 -1.61206856 -0.63799986
v 3.08758133 -1.61206856 -0.56299986
v 3.08758133 -1.61206856 -0.48799986
v 3.08758133 -1.61206856 -0.41299986
v 3.08758133 -1.61206856 -0.33799986
v 3.08758133 -1.61206856 -0.26299986
v 3.08758133 -1.61206856 -0.18799986
v 3.08758133 -1.61206856 -0.11299986
v 3.08758133 -1.61206856 -0.03799986
v 3.08758133 -1.61206856 0.03700014
v 3.08758133 -1.61206856 0.11200014
v 3.08758133 -1.61206856 0.18700014
v 3.08758133 -1.61206856 0.26200014
v 3.08758133 -1.61206856 0.33700014
v 3.08758133 -1.61206856 0.41200014
v 3.08758133 -1.61206856 0.48700014
v 3.08758133 -1.61206856 0.56200014
v 3.08758133 -1.61206856 0.63700014
v 3.08758133 -1.61206856 0.71200014
v 3.08758133 -1.61206857 0.78700014
v 3.08758133 -1.61206857 0.86200013
v 3.08758131 -1.61206846 0.93700007
v 3.08758139 -1.61206858 1.01200023
v 3.08758160 -1.61207023 1.08700111
v 3.08758072 -1.61206970 1.16199946
v 3.08757777 -1.61205309 1.23699079
v 3.08758003 -1.61202909 1.31199310
v 3.08759890 -1.61207205 1.38704014
v 3.08760477 -1.61225419 1.46209302
v 3.08750717 -1.61253496 1.53703874
v 3.08723808 -1.61280551 1.61186495
v 3.08686632 -1.61299236 1.68670475
v 3.08659528 -1.61307901 1.76164036
v 3.08657902 -1.61308132 1.83658454
v 3.08674769 -1.61299022 1.91142853
v 3.08689734 -1.61278699 1.98623866
v 3.08692243 -1.61255006 2.06117818
v 3.08689902 -1.61235729 2.13628741
v 3.08716584 -1.61212884 2.21166144
v 3.08846263 -1.61218467 2.28795684
v 3.09067146 -1.61348446 2.36558512
v 3.08838780 -1.61399258 2.44145353
v 3.06646025 -1.60279610 2.50524718
v 3.08882476 -1.56266562 2.54326594
v 3.08514190 -1.50315863 -2.55606260
v 3.09103215 -1.49716809 2.55464715
v 3.08935281 -1.42779641 -2.55605479
v 3.08862402 -1.42107506 2.55453644
v 3.08816437 -1.35088455 -2.55486418
v 3.08741878 -1.34440270 2.55324813
v 3.08707420 -1.27505010 -2.55468806
v 3.08739111 -1.26909965 2.55288831
v 3.08686577 -1.19989020 -2.55499773
v 3.08747739 -1.19419177 2.55293782
v 3.08687371 -1.12498737 -2.55530695
v 3.08733758 -1.11898783 2.55303177
v 3.08676586 -1.05019797 -2.55548636
v 3.08717970 -1.04350335 2.55317215
v 3.08662878 -0.97537618 -2.55554248
v 3.08715797 -0.96806505 2.55337929
v 3.08657955 -0.90043881 -2.55553604
v 3.08698827 -0.89278592 2.55366156
v 3.08659529 -0.82543068 -2.55552315
v 3.08629460 -0.81722525 2.55427406
v 3.08664663 -0.75042758 -2.55549743
v 3.08576020 -0.74087759 2.55571076
v 3.08671057 -0.67546382 -2.55544415
v 3.08693089 -0.66509565 2.55767324
v 3.08647567 -0.60045137 -2.55547643
v 3.08493152 -0.59169285 2.55557684
v 3.08536142 -0.52498845 -2.55584960
v 3.08214602 -0.52926311 2.53859418
v 3.08378510 -0.44861270 -2.55673899
v 3.03282025 -0.43767860 0.93170847
v 3.04414438 -0.44195772 0.99013171
v 3.05249056 -0.44452092 1.05911759
v 3.07458627 -0.44854724 1.10631623
v 3.09688033 -0.47027447 1.15289619
v 3.08661907 -0.47846772 1.23811142
v 3.08580469 -0.47905818 1.31384004
v 3.08666207 -0.47879039 1.38846184
v 3.08746989 -0.47931980 1.46283808
v 3.08593841 -0.47918109 1.53750103
v 3.07392480 -0.47014283 1.62268864
v 3.06222941 -0.44808544 1.68443385
v 3.09881813 -0.44793139 1.67719432
v 3.05318583 -0.44434105 1.73338609
v 3.07359718 -0.44728925 1.77793226
v 3.09700016 -0.46968684 1.82655448
v 3.08667807 -0.47841624 1.91312845
v 3.08582493 -0.47913404 1.98891623
v 3.08638447 -0.47870266 2.06353103
v 3.08669359 -0.47861875 2.13836542
v 3.08709156 -0.47856569 2.21322874
v 3.08729478 -0.47790952 2.28833765
v 3.08459367 -0.47684463 2.36366796
v 3.07300374 -0.47679558 2.42638540
v 3.09134296 -0.49209857 2.49075293
v 3.08471033 -0.37297031 -2.55774286
v 3.05980882 -0.36927240 -0.52836369
v 3.10794384 -0.39442962 -0.48948081
v 3.08915816 -0.40248188 -0.41151022
v 3.08359997 -0.40429988 -0.33768252
v 3.07217357 -0.40420585 -0.27720664
v 3.08874453 -0.41245976 -0.20924513
v 3.07530482 -0.41479184 -0.13200220
v 3.07192562 -0.41453010 -0.05793659
v 3.07211835 -0.41376002 0.01701073
v 3.07296311 -0.41474448 0.09322068
v 3.07445522 -0.41615679 0.17064280
v 3.07532546 -0.41625656 0.24706485
v 3.07471445 -0.41597563 0.32192638
v 3.07434620 -0.41585201 0.39668171
v 3.07433944 -0.41586649 0.47160861
v 3.07440431 -0.41590682 0.54661955
v 3.07431113 -0.41586399 0.62167256
v 3.07393678 -0.41557734 0.69671310
v 3.07396528 -0.41540977 0.77175364
v 3.07584935 -0.41725575 0.84798501
v 3.07682148 -0.42435398 0.93300374
v 3.08738663 -0.42861548 1.01546790
v 3.09118868 -0.43290858 1.07318671
v 3.08385550 -0.43274542 1.71041567
v 3.08886246 -0.43242523 1.74712912
v 3.08969881 -0.29995699 -2.55527715
v 3.05951718 -0.29361008 -0.82959190
v 3.10706391 -0.31948149 -0.79038347
v 3.07617602 -0.32728149 -0.72600308
v 3.08848417 -0.33920799 -0.65704986
v 3.07450554 -0.34921902 -0.58276306
v 3.10638938 -0.23624898 -2.54342451
v 3.06313612 -0.21827407 -1.12259073
v 3.10565588 -0.24234904 -1.07435926
v 3.07785989 -0.25387291 -1.02424793
v 3.08850848 -0.26495474 -0.95898686
v 3.07366489 -0.27362941 -0.88549063
v 3.06205351 -0.18488002 -2.51839525
v 3.08389762 -0.13271664 -2.49469649
v 3.06798528 -0.14089860 -1.27044519
v 3.10775038 -0.16940151 -1.22562373
v 3.08616916 -0.19233620 -1.17219476
v 3.10504946 -0.08090196 -2.48176006
v 3.06954817 -0.06673778 -1.34695846
v 3.10398669 -0.10470889 -1.31073035
v 3.04217232 -0.00545986 -2.44811176
v 3.10354275 -0.01693118 -2.46446814
v 3.06633350 0.00965578 -1.42320737
v 3.10520853 -0.02671513 -1.38396915
v 3.07742025 0.03109225 -2.41889770
v 3.07525798 0.06050835 -2.36684019
v 3.10971406 0.08272780 -2.33038190
v 3.04088428 0.08973487 -1.54767082
v 3.07867476 0.07912453 -1.51664547
v 3.09842052 0.04836935 -1.47794448
v 3.08794388 0.10821418 -2.27739125
v 3.06116869 0.12901910 -2.20880338
v 3.05313686 0.15617391 -2.15249690
v 3.11036281 0.15787435 -2.17132171
v 3.03931781 0.16330950 -1.77414486
v 3.07729819 0.15318762 -1.74199914
v 3.09847310 0.13020571 -1.69576921
v 3.07469988 0.11817851 -1.62702178
v 3.09261405 0.10182046 -1.56295691
v 3.08390362 0.18232603 -2.11248101
v 3.09789030 0.19653559 -2.05011695
v 3.08595079 0.19957545 -1.98880050
v 3.08212740 0.20002727 -1.91434330
v 3.07273290 0.19560590 -1.85165102
v 3.09260316 0.17698936 -1.78891436
v 3.16227370 -1.59428157 -2.49813727
v 3.13649237 -1.56600765 -2.53807281
v 3.15366023 -1.60450545 -2.44247133
v 3.14892376 -1.60395175 -2.36691639
v 3.14929232 -1.60154178 -2.28905449
v 3.15066476 -1.60054415 -2.21305136
v 3.15115482 -1.60048325 -2.13810093
v 3.15113031 -1.60056014 -2.06320141
v 3.15110030 -1.60058158 -1.98819262
v 3.15109468 -1.60059021 -1.91318836
v 3.15106651 -1.60060058 -1.83820580
v 3.15104486 -1.60060479 -1.76321619
v 3.15104275 -1.60060404 -1.68821708
v 3.15104564 -1.60060309 -1.61321649
v 3.15104628 -1.60060300 -1.53821645
v 3.15104606 -1.60060308 -1.46321646
v 3.15104602 -1.60060310 -1.38821645
v 3.15104604 -1.60060309 -1.31321646
v 3.15104604 -1.60060309 -1.23821646
v 3.15104604 -1.60060309 -1.16321646
v 3.15104604 -1.60060309 -1.08821646
v 3.15104604 -1.60060309 -1.01321646
v 3.15104604 -1.60060309 -0.93821646
v 3.15104604 -1.60060309 -0.86321646
v 3.15104604 -1.60060309 -0.78821646
v 3.15104604 -1.60060309 -0.71321646
v 3.15104604 -1.60060309 -0.63821646
v 3.15104604 -1.60060309 -0.56321646
v 3.15104604 -1.60060309 -0.48821646
v 3.15104604 -1.60060309 -0.41321646
v 3.15104604 -1.60060309 -0.33821646
v 3.15104604 -1.60060309 -0.26321646
v 3.15104604 -1.60060309 -0.18821646
v 3.15104604 -1.60060309 -0.11321646
v 3.15104604 -1.60060309 -0.03821646
v 3.15104604 -1.60060309 0.03678354
v 3.15104604 -1.60060309 0.11178354
v 3.15104604 -1.60060309 0.18678354
v 3.15104604 -1.60060309 0.26178354
v 3.15104604 -1.60060309 0.33678354
v 3.15104604 -1.60060309 0.41178354
v 3.15104604 -1.60060309 0.48678354
v 3.15104604 -1.60060309 0.56178354
v 3.15104604 -1.60060309 0.63678354
v 3.15104604 -1.60060309 0.71178354
v 3.15104604 -1.60060309 0.78678354
v 3.15104604 -1.60060310 0.86178355
v 3.15104603 -1.60060309 0.93678354
v 3.15104602 -1.60060297 1.01178347
v 3.15104613 -1.60060317 1.08678370
v 3.15104635 -1.60060478 1.16178444
v 3.15104539 -1.60060470 1.23678288
v 3.15104279 -1.60059251 1.31177630
v 3.15104487 -1.60056834 1.38677620
v 3.15105744 -1.60056167 1.46180203
v 3.15106104 -1.60060226 1.53684518
v 3.15101939 -1.60067385 1.61187301
v 3.15093709 -1.60072789 1.68688291
v 3.15087106 -1.60074231 1.76190383
v 3.15086440 -1.60073836 1.83693542
v 3.15091233 -1.60073361 1.91193504
v 3.15097439 -1.60072943 1.98687091
v 3.15096890 -1.60075554 2.06173532
v 3.15084167 -1.60073517 2.13653992
v 3.15086958 -1.60030007 2.21158416
v 3.15191242 -1.59949137 2.28783396
v 3.15424777 -1.59988327 2.36575609
v 3.15377248 -1.60206053 2.44114516
v 3.13773535 -1.59552792 2.50451585
v 3.15394320 -1.54877907 2.53662252
v 3.15055760 -1.50113377 -2.54446990
v 3.15428181 -1.47866029 2.54293624
v 3.15251721 -1.42552717 -2.54385421
v 3.15184781 -1.40111809 2.54232310
v 3.15145790 -1.34918525 -2.54310521
v 3.15084956 -1.32455526 2.54157244
v 3.15094512 -1.27388235 -2.54304255
v 3.15089622 -1.24947246 2.54145788
v 3.15094079 -1.19899111 -2.54316013
v 3.15103982 -1.17465007 2.54149647
v 3.15095575 -1.12412034 -2.54322036
v 3.15104335 -1.09961380 2.54151309
v 3.15092263 -1.04919548 -2.54322228
v 3.15104040 -1.02446880 2.54152332
v 3.15091101 -0.97421169 -2.54320503
v 3.15106685 -0.94941304 2.54149694
v 3.15092063 -0.89919672 -2.54319595
v 3.15096399 -0.87444227 2.54151846
v 3.15093196 -0.82418349 -2.54319631
v 3.15069278 -0.79907291 2.54205616
v 3.15098064 -0.74919420 -2.54317987
v 3.15042975 -0.72238006 2.54338809
v 3.15106422 -0.67425185 -2.54312379
v 3.14896550 -0.64406434 2.54368183
v 3.15088900 -0.59926382 -2.54309017
v 3.14237209 -0.57252140 2.54038021
v 3.14992317 -0.52376325 -2.54336515
v 3.13302989 -0.52418699 2.52453002
v 3.15274498 -0.51149772 2.48898440
v 3.16834826 -0.54626505 2.50963001
v 3.14841737 -0.44719711 -2.54438280
v 3.13155346 -0.43903917 -0.15901511
v 3.15030904 -0.43633688 -0.21388233
v 3.16862308 -0.46556429 -0.18788562
v 3.16371376 -0.47726040 -0.12916318
v 3.12420527 -0.44175696 -0.08985330
v 3.16172064 -0.48024066 -0.05547100
v 3.12313615 -0.44134104 -0.01566374
v 3.16195758 -0.47968421 0.01966257
v 3.12356696 -0.44041247 0.05934613
v 3.16219091 -0.47893750 0.09450132
v 3.12371810 -0.44005367 0.13432333
v 3.16197862 -0.47860383 0.16910134
v 3.12342195 -0.43984791 0.20912100
v 3.16164553 -0.47845421 0.24370627
v 3.12290645 -0.43960238 0.28372461
v 3.16145514 -0.47839438 0.31847078
v 3.12256747 -0.43948657 0.35840915
v 3.16142961 -0.47839748 0.39340814
v 3.12251928 -0.43948568 0.43331489
v 3.16146160 -0.47841287 0.46842184
v 3.12257131 -0.43951407 0.50831898
v 3.16149236 -0.47843071 0.54343672
v 3.12259950 -0.43953656 0.58333666
v 3.16149991 -0.47844529 0.61844080
v 3.12248105 -0.43945044 0.65833785
v 3.16140842 -0.47836534 0.69338059
v 3.12221066 -0.43913727 0.73325300
v 3.16123548 -0.47809973 0.76813047
v 3.12229295 -0.43895365 0.80835542
v 3.16123732 -0.47773289 0.84284205
v 3.12309305 -0.43984565 0.88533534
v 3.16153052 -0.47729978 0.91828063
v 3.12479291 -0.44115241 0.96427840
v 3.16071927 -0.47703606 0.99617804
v 3.12393703 -0.44295949 1.04036231
v 3.15219410 -0.47806118 1.08313007
v 3.11100208 -0.44793862 1.09821372
v 3.16117268 -0.49217202 1.15101730
v 3.15175732 -0.49099497 1.21810771
v 3.14989272 -0.49141453 1.29369302
v 3.15052678 -0.49106902 1.36865528
v 3.15134554 -0.49125773 1.44322767
v 3.15162158 -0.49204178 1.51701114
v 3.14937876 -0.49031674 1.59097059
v 3.14688077 -0.47817548 1.66971658
v 3.11778120 -0.44393378 1.71972934
v 3.15170958 -0.47779369 1.75697885
v 3.11019362 -0.44713936 1.77064106
v 3.16205812 -0.49197163 1.82553547
v 3.15208710 -0.49094640 1.89303376
v 3.14995532 -0.49148328 1.96877282
v 3.15046768 -0.49111066 2.04364931
v 3.15089204 -0.49090984 2.11844818
v 3.15116883 -0.49086569 2.19326945
v 3.15162282 -0.49047262 2.26809411
v 3.15071670 -0.49004305 2.34433342
v 3.14264800 -0.49281186 2.42837104
v 3.14840375 -0.37021733 -2.54553701
v 3.12889411 -0.36455887 -0.60809233
v 3.14965002 -0.36079690 -0.66405472
v 3.16737883 -0.38949787 -0.63648694
v 3.15522629 -0.40193163 -0.56622571
v 3.10996158 -0.37199576 -0.55095096
v 3.16259308 -0.41812723 -0.49919232
v 3.15309461 -0.41628466 -0.43212702
v 3.14916706 -0.41689220 -0.35667610
v 3.14105398 -0.42000094 -0.27504580
v 3.15320910 -0.29726775 -2.54348773
v 3.12976486 -0.29097041 -0.90818273
v 3.14996465 -0.28755749 -0.96435217
v 3.16791735 -0.31572259 -0.93622429
v 3.15644587 -0.32720888 -0.86604331
v 3.11156045 -0.29763146 -0.85091800
v 3.16234674 -0.34323432 -0.79898948
v 3.14357467 -0.34466251 -0.72534240
v 3.16105191 -0.24064333 -2.53352030
v 3.13447335 -0.22004269 -1.12814615
v 3.16023228 -0.24950636 -1.09005764
v 3.14416587 -0.26834695 -1.02458888
v 3.13348276 -0.18841740 -2.51789842
v 3.14927166 -0.13748094 -2.48774541
v 3.13783824 -0.14110279 -1.27656753
v 3.16101691 -0.17356094 -1.24240093
v 3.15125916 -0.19724883 -1.18658997
v 3.15556147 -0.06994593 -2.46913529
v 3.13921095 -0.06646267 -1.35281835
v 3.15897604 -0.10652395 -1.32252978
v 3.16191092 -0.01384725 -2.45778058
v 3.13792453 0.00759185 -1.42895321
v 3.15978612 -0.03082401 -1.39561242
v 3.14200935 0.02092280 -2.43961052
v 3.14257025 0.04586855 -2.38523794
v 3.16207219 0.06865295 -2.33154115
v 3.12044822 0.07948942 -1.52274023
v 3.14814591 0.08730408 -1.56248676
v 3.15778957 0.05731731 -1.52663242
v 3.16142951 0.02854117 -1.47897508
v 3.14427941 0.09853114 -2.29155371
v 3.14246796 0.12015128 -2.23135099
v 3.16194907 0.14657414 -2.17662173
v 3.12028864 0.15394757 -1.74762725
v 3.14880585 0.16210559 -1.78818058
v 3.15789591 0.13242695 -1.75082825
v 3.16208209 0.11001157 -1.69853772
v 3.14329563 0.10445898 -1.62522195
v 3.14439062 0.17514565 -2.13594922
v 3.14841192 0.18410837 -2.08142195
v 3.15050630 0.18738461 -2.01043442
v 3.14887084 0.18701011 -1.93453997
v 3.14167367 0.18145848 -1.85078765
v 3.18302630 -1.54992503 -2.50601336
v 3.18967679 -1.56598839 -2.44257636
v 3.18763521 -1.56639366 -2.36708977
v 3.18734321 -1.56400921 -2.28915561
v 3.18820642 -1.56300538 -2.21298192
v 3.18861172 -1.56303201 -2.13801620
v 3.18854722 -1.56319055 -2.06320207
v 3.18844975 -1.56324144 -1.98826214
v 3.18841903 -1.56324808 -1.91327582
v 3.18840434 -1.56325106 -1.83828858
v 3.18839576 -1.56325182 -1.76329513
v 3.18839628 -1.56325080 -1.68829518
v 3.18839864 -1.56325019 -1.61329432
v 3.18839910 -1.56325019 -1.53829418
v 3.18839889 -1.56325026 -1.46329421
v 3.18839884 -1.56325027 -1.38829422
v 3.18839886 -1.56325027 -1.31329422
v 3.18839886 -1.56325027 -1.23829422
v 3.18839886 -1.56325027 -1.16329422
v 3.18839886 -1.56325027 -1.08829422
v 3.18839886 -1.56325027 -1.01329422
v 3.18839886 -1.56325027 -0.93829422
v 3.18839886 -1.56325027 -0.86329422
v 3.18839886 -1.56325027 -0.78829422
v 3.18839886 -1.56325027 -0.71329422
v 3.18839886 -1.56325027 -0.63829422
v 3.18839886 -1.56325027 -0.56329422
v 3.18839886 -1.56325027 -0.48829422
v 3.18839886 -1.56325027 -0.41329422
v 3.18839886 -1.56325027 -0.33829422
v 3.18839886 -1.56325027 -0.26329422
v 3.18839886 -1.56325027 -0.18829422
v 3.18839886 -1.56325027 -0.11329422
v 3.18839886 -1.56325027 -0.03829422
v 3.18839886 -1.56325027 0.03670578
v 3.18839886 -1.56325027 0.11170578
v 3.18839886 -1.56325027 0.18670578
v 3.18839886 -1.56325027 0.26170578
v 3.18839886 -1.56325027 0.33670578
v 3.18839886 -1.56325027 0.41170578
v 3.18839886 -1.56325027 0.48670578
v 3.18839886 -1.56325027 0.56170578
v 3.18839886 -1.56325027 0.63670578
v 3.18839886 -1.56325027 0.71170578
v 3.18839886 -1.56325027 0.78670578
v 3.18839886 -1.56325027 0.86170578
v 3.18839886 -1.56325027 0.93670579
v 3.18839885 -1.56325026 1.01170577
v 3.18839884 -1.56325014 1.08670572
v 3.18839896 -1.56325030 1.16170592
v 3.18839917 -1.56325163 1.23670653
v 3.18839848 -1.56325267 1.31170571
v 3.18839660 -1.56324710 1.38670133
v 3.18839752 -1.56323057 1.46169796
v 3.18840624 -1.56320883 1.53670550
v 3.18842086 -1.56319035 1.61172589
v 3.18843749 -1.56317451 1.68675039
v 3.18845773 -1.56315739 1.76177226
v 3.18847956 -1.56314160 1.83679355
v 3.18849761 -1.56313115 1.91181961
v 3.18850865 -1.56314922 1.98684146
v 3.18846869 -1.56326300 2.06179814
v 3.18830956 -1.56338711 2.13661153
v 3.18826119 -1.56295689 2.21153246
v 3.18919564 -1.56160252 2.28758381
v 3.19160504 -1.56121188 2.36550583
v 3.19220651 -1.56590870 2.44106463
v 3.18210529 -1.57454185 2.49667469
v 3.18965793 -1.47974422 -2.50675886
v 3.20072989 -1.50114111 -2.44314939
v 3.20054656 -1.50308307 -2.36703550
v 3.19956612 -1.50072780 -2.28922294
v 3.19973667 -1.49958157 -2.21306167
v 3.19998688 -1.49957561 -2.13806168
v 3.19995601 -1.49974463 -2.06323336
v 3.19987938 -1.49979339 -1.98828447
v 3.19986078 -1.49978953 -1.91328379
v 3.19986203 -1.49978583 -1.83828407
v 3.19986271 -1.49978499 -1.76328522
v 3.19986434 -1.49978433 -1.68828437
v 3.19986575 -1.49978408 -1.61328359
v 3.19986590 -1.49978415 -1.53828349
v 3.19986572 -1.49978420 -1.46328354
v 3.19986568 -1.49978420 -1.38828355
v 3.19986569 -1.49978419 -1.31328355
v 3.19986570 -1.49978419 -1.23828355
v 3.19986570 -1.49978420 -1.16328355
v 3.19986570 -1.49978420 -1.08828355
v 3.19986570 -1.49978420 -1.01328355
v 3.19986569 -1.49978420 -0.93828355
v 3.19986569 -1.49978420 -0.86328355
v 3.19986569 -1.49978420 -0.78828355
v 3.19986570 -1.49978420 -0.71328355
v 3.19986570 -1.49978420 -0.63828355
v 3.19986570 -1.49978420 -0.56328355
v 3.19986570 -1.49978420 -0.48828355
v 3.19986570 -1.49978420 -0.41328355
v 3.19986570 -1.49978420 -0.33828355
v 3.19986569 -1.49978420 -0.26328355
v 3.19986569 -1.49978420 -0.18828355
v 3.19986569 -1.49978420 -0.11328355
v 3.19986569 -1.49978420 -0.03828355
v 3.19986569 -1.49978420 0.03671645
v 3.19986569 -1.49978420 0.11171645
v 3.19986570 -1.49978420 0.18671645
v 3.19986569 -1.49978420 0.26171645
v 3.19986569 -1.49978420 0.33671645
v 3.19986569 -1.49978420 0.41171645
v 3.19986569 -1.49978420 0.48671645
v 3.19986569 -1.49978420 0.56171645
v 3.19986569 -1.49978420 0.63671645
v 3.19986569 -1.49978420 0.71171645
v 3.19986569 -1.49978420 0.78671645
v 3.19986569 -1.49978420 0.86171645
v 3.19986569 -1.49978420 0.93671645
v 3.19986570 -1.49978420 1.01171646
v 3.19986569 -1.49978419 1.08671644
v 3.19986567 -1.49978409 1.16171639
v 3.19986576 -1.49978412 1.23671651
v 3.19986595 -1.49978497 1.31171699
v 3.19986565 -1.49978653 1.38671694
v 3.19986444 -1.49978627 1.46171480
v 3.19986404 -1.49978098 1.53671117
v 3.19986779 -1.49977045 1.61170935
v 3.19987754 -1.49975796 1.68671101
v 3.19989152 -1.49974765 1.76171343
v 3.19990499 -1.49973930 1.83671468
v 3.19991634 -1.49972625 1.91172211
v 3.19992356 -1.49972828 1.98673965
v 3.19988289 -1.49982801 2.06171783
v 3.19972918 -1.49997661 2.13657353
v 3.19968630 -1.49958129 2.21151118
v 3.20061137 -1.49799646 2.28744681
v 3.20303544 -1.49695726 2.36517075
v 3.20374308 -1.50255848 2.44157456
v 3.19221025 -1.52131168 2.50445137
v 3.18935236 -1.40339559 -2.50595925
v 3.20128886 -1.42549635 -2.44261661
v 3.20116773 -1.42781434 -2.36673476
v 3.19948350 -1.42525938 -2.28911158
v 3.19902906 -1.42388057 -2.21306733
v 3.19911175 -1.42379524 -2.13808681
v 3.19912373 -1.42395899 -2.06325176
v 3.19908502 -1.42400487 -1.98829337
v 3.19907759 -1.42399410 -1.91328222
v 3.19908458 -1.42398725 -1.83827539
v 3.19908778 -1.42398651 -1.76327433
v 3.19908871 -1.42398650 -1.68827369
v 3.19908913 -1.42398650 -1.61327331
v 3.19908906 -1.42398657 -1.53827331
v 3.19908893 -1.42398659 -1.46327337
v 3.19908892 -1.42398659 -1.38827338
v 3.19908893 -1.42398659 -1.31327337
v 3.19908893 -1.42398659 -1.23827337
v 3.19908893 -1.42398659 -1.16327337
v 3.19908893 -1.42398659 -1.08827337
v 3.19908893 -1.42398659 -1.01327337
v 3.19908893 -1.42398659 -0.93827337
v 3.19908893 -1.42398658 -0.86327337
v 3.19908894 -1.42398658 -0.78827337
v 3.19908894 -1.42398657 -0.71327336
v 3.19908895 -1.42398657 -0.63827336
v 3.19908895 -1.42398657 -0.56327336
v 3.19908895 -1.42398656 -0.48827337
v 3.19908896 -1.42398656 -0.41327337
v 3.19908896 -1.42398656 -0.33827337
v 3.19908896 -1.42398656 -0.26327337
v 3.19908896 -1.42398656 -0.18827337
v 3.19908896 -1.42398656 -0.11327337
v 3.19908896 -1.42398656 -0.03827337
v 3.19908896 -1.42398656 0.03672663
v 3.19908896 -1.42398656 0.11172663
v 3.19908896 -1.42398656 0.18672663
v 3.19908896 -1.42398656 0.26172663
v 3.19908896 -1.42398656 0.33672663
v 3.19908896 -1.42398656 0.41172663
v 3.19908896 -1.42398656 0.48672663
v 3.19908896 -1.42398656 0.56172663
v 3.19908896 -1.42398656 0.63672663
v 3.19908896 -1.42398656 0.71172663
v 3.19908896 -1.42398656 0.78672663
v 3.19908896 -1.42398656 0.86172663
v 3.19908896 -1.42398656 0.93672663
v 3.19908896 -1.42398656 1.01172663
v 3.19908896 -1.42398657 1.08672663
v 3.19908895 -1.42398656 1.16172662
v 3.19908894 -1.42398649 1.23672658
v 3.19908898 -1.42398641 1.31172661
v 3.19908912 -1.42398673 1.38672690
v 3.19908909 -1.42398782 1.46172722
v 3.19908846 -1.42398926 1.53672680
v 3.19908746 -1.42399001 1.61172522
v 3.19908697 -1.42398987 1.68672301
v 3.19908702 -1.42399023 1.76172043
v 3.19908745 -1.42398952 1.83671788
v 3.19909251 -1.42397994 1.91172059
v 3.19910159 -1.42397911 1.98672937
v 3.19906638 -1.42406760 2.06169741
v 3.19891880 -1.42420966 2.13655490
v 3.19888528 -1.42383728 2.21151384
v 3.19982194 -1.42221306 2.28742275
v 3.20226074 -1.42079968 2.36491778
v 3.20302166 -1.42597539 2.44106039
v 3.19155729 -1.44644923 2.50519957
v 3.18853314 -1.32759599 -2.50563851
v 3.20017568 -1.34915932 -2.44224623
v 3.19964984 -1.35103119 -2.36647207
v 3.19744181 -1.34810083 -2.28899570
v 3.19660703 -1.34648505 -2.21304354
v 3.19659180 -1.34632691 -2.13808853
v 3.19664703 -1.34649491 -2.06325242
v 3.19664191 -1.34654899 -1.98829237
v 3.19663792 -1.34653824 -1.91328062
v 3.19664241 -1.34653094 -1.83827356
v 3.19664438 -1.34653088 -1.76327309
v 3.19664432 -1.34653134 -1.68827323
v 3.19664419 -1.34653142 -1.61327321
v 3.19664409 -1.34653145 -1.53827326
v 3.19664403 -1.34653145 -1.46327330
v 3.19664403 -1.34653144 -1.38827330
v 3.19664404 -1.34653144 -1.31327329
v 3.19664405 -1.34653144 -1.23827329
v 3.19664405 -1.34653143 -1.16327329
v 3.19664405 -1.34653143 -1.08827329
v 3.19664406 -1.34653142 -1.01327328
v 3.19664407 -1.34653141 -0.93827328
v 3.19664408 -1.34653141 -0.86327328
v 3.19664408 -1.34653141 -0.78827329
v 3.19664407 -1.34653141 -0.71327330
v 3.19664406 -1.34653142 -0.63827329
v 3.19664405 -1.34653143 -0.56327328
v 3.19664404 -1.34653143 -0.48827325
v 3.19664404 -1.34653144 -0.41327324
v 3.19664405 -1.34653144 -0.33827324
v 3.19664405 -1.34653144 -0.26327324
v 3.19664405 -1.34653143 -0.18827324
v 3.19664405 -1.34653143 -0.11327324
v 3.19664405 -1.34653143 -0.03827324
v 3.19664405 -1.34653143 0.03672676
v 3.19664405 -1.34653143 0.11172676
v 3.19664405 -1.34653143 0.18672676
v 3.19664405 -1.34653143 0.26172676
v 3.19664405 -1.34653143 0.33672676
v 3.19664405 -1.34653143 0.41172675
v 3.19664405 -1.34653143 0.48672675
v 3.19664406 -1.34653143 0.56172675
v 3.19664406 -1.34653142 0.63672675
v 3.19664407 -1.34653142 0.71172675
v 3.19664407 -1.34653141 0.78672675
v 3.19664407 -1.34653141 0.86172675
v 3.19664408 -1.34653141 0.93672675
v 3.19664408 -1.34653141 1.01172676
v 3.19664408 -1.34653141 1.08672675
v 3.19664408 -1.34653142 1.16172675
v 3.19664407 -1.34653143 1.23672675
v 3.19664406 -1.34653139 1.31172672
v 3.19664406 -1.34653129 1.38672670
v 3.19664414 -1.34653127 1.46172680
v 3.19664422 -1.34653157 1.53672706
v 3.19664408 -1.34653228 1.61172732
v 3.19664349 -1.34653346 1.68672727
v 3.19664201 -1.34653549 1.76172645
v 3.19664030 -1.34653573 1.83672559
v 3.19664417 -1.34652657 1.91173020
v 3.19665382 -1.34652633 1.98673987
v 3.19662017 -1.34661421 2.06170546
v 3.19647349 -1.34675378 2.13655870
v 3.19644021 -1.34639214 2.21152405
v 3.19737892 -1.34479478 2.28744839
v 3.19982362 -1.34329811 2.36487418
v 3.20059603 -1.34810154 2.44070520
v 3.18913109 -1.36826479 2.50443169
v 3.18840217 -1.25257616 -2.50564148
v 3.19980882 -1.27388305 -2.44220479
v 3.19902122 -1.27546056 -2.36642561
v 3.19658307 -1.27229220 -2.28897467
v 3.19561613 -1.27054724 -2.21304725
v 3.19559094 -1.27036053 -2.13809598
v 3.19568972 -1.27054368 -2.06325355
v 3.19570979 -1.27061018 -1.98829041
v 3.19570628 -1.27060168 -1.91327919
v 3.19570681 -1.27059419 -1.83827319
v 3.19570744 -1.27059439 -1.76327348
v 3.19570710 -1.27059503 -1.68827403
v 3.19570691 -1.27059507 -1.61327411
v 3.19570688 -1.27059505 -1.53827413
v 3.19570688 -1.27059504 -1.46327413
v 3.19570689 -1.27059502 -1.38827413
v 3.19570691 -1.27059502 -1.31327413
v 3.19570691 -1.27059502 -1.23827414
v 3.19570691 -1.27059502 -1.16327415
v 3.19570690 -1.27059502 -1.08827414
v 3.19570690 -1.27059501 -1.01327413
v 3.19570690 -1.27059502 -0.93827411
v 3.19570690 -1.27059505 -0.86327413
v 3.19570687 -1.27059511 -0.78827418
v 3.19570682 -1.27059518 -0.71327424
v 3.19570674 -1.27059525 -0.63827429
v 3.19570666 -1.27059531 -0.56327433
v 3.19570657 -1.27059536 -0.48827432
v 3.19570651 -1.27059540 -0.41327428
v 3.19570647 -1.27059544 -0.33827422
v 3.19570646 -1.27059546 -0.26327418
v 3.19570646 -1.27059547 -0.18827417
v 3.19570646 -1.27059547 -0.11327417
v 3.19570646 -1.27059547 -0.03827417
v 3.19570646 -1.27059547 0.03672583
v 3.19570646 -1.27059547 0.11172583
v 3.19570646 -1.27059547 0.18672583
v 3.19570646 -1.27059547 0.26172583
v 3.19570647 -1.27059547 0.33672582
v 3.19570647 -1.27059546 0.41172582
v 3.19570647 -1.27059546 0.48672582
v 3.19570647 -1.27059545 0.56172584
v 3.19570647 -1.27059546 0.63672586
v 3.19570647 -1.27059546 0.71172588
v 3.19570646 -1.27059547 0.78672588
v 3.19570646 -1.27059547 0.86172588
v 3.19570646 -1.27059547 0.93672587
v 3.19570647 -1.27059547 1.01172586
v 3.19570647 -1.27059547 1.08672586
v 3.19570647 -1.27059546 1.16172585
v 3.19570647 -1.27059545 1.23672586
v 3.19570647 -1.27059545 1.31172587
v 3.19570647 -1.27059545 1.38672587
v 3.19570646 -1.27059542 1.46172585
v 3.19570648 -1.27059533 1.53672584
v 3.19570657 -1.27059520 1.61172594
v 3.19570664 -1.27059533 1.68672609
v 3.19570615 -1.27059634 1.76172576
v 3.19570558 -1.27059563 1.83672546
v 3.19571050 -1.27058558 1.91173076
v 3.19572086 -1.27058495 1.98674147
v 3.19568748 -1.27067316 2.06170806
v 3.19554068 -1.27081232 2.13656074
v 3.19550639 -1.27045129 2.21152622
v 3.19644302 -1.26886999 2.28746317
v 3.19888772 -1.26739733 2.36490686
v 3.19966699 -1.27213085 2.44067430
v 3.18820241 -1.29202450 2.50413227
v 3.18847142 -1.17766400 -2.50565538
v 3.19985647 -1.19895559 -2.44222938
v 3.19901836 -1.20050186 -2.36645691
v 3.19654459 -1.19729789 -2.28900050
v 3.19557739 -1.19554046 -2.21306570
v 3.19558268 -1.19536719 -2.13810618
v 3.19571466 -1.19556971 -2.06325648
v 3.19574852 -1.19564574 -1.98829015
v 3.19574381 -1.19563812 -1.91327877
v 3.19574140 -1.19562976 -1.83827316
v 3.19574151 -1.19562976 -1.76327360
v 3.19574141 -1.19563041 -1.68827415
v 3.19574134 -1.19563041 -1.61327418
v 3.19574136 -1.19563037 -1.53827416
v 3.19574138 -1.19563036 -1.46327417
v 3.19574138 -1.19563037 -1.38827418
v 3.19574137 -1.19563040 -1.31327420
v 3.19574133 -1.19563046 -1.23827424
v 3.19574128 -1.19563052 -1.16327428
v 3.19574121 -1.19563058 -1.08827430
v 3.19574113 -1.19563065 -1.01327432
v 3.19574104 -1.19563078 -0.93827436
v 3.19574092 -1.19563093 -0.86327440
v 3.19574080 -1.19563104 -0.78827439
v 3.19574074 -1.19563105 -0.71327431
v 3.19574079 -1.19563097 -0.63827425
v 3.19574094 -1.19563088 -0.56327432
v 3.19574110 -1.19563079 -0.48827456
v 3.19574117 -1.19563072 -0.41327487
v 3.19574114 -1.19563067 -0.33827507
v 3.19574106 -1.19563067 -0.26327510
v 3.19574101 -1.19563071 -0.18827503
v 3.19574099 -1.19563074 -0.11327498
v 3.19574100 -1.19563075 -0.03827497
v 3.19574100 -1.19563075 0.03672503
v 3.19574100 -1.19563075 0.11172503
v 3.19574100 -1.19563075 0.18672503
v 3.19574100 -1.19563075 0.26172502
v 3.19574100 -1.19563074 0.33672502
v 3.19574099 -1.19563074 0.41172503
v 3.19574097 -1.19563074 0.48672507
v 3.19574094 -1.19563077 0.56172513
v 3.19574089 -1.19563083 0.63672517
v 3.19574083 -1.19563092 0.71172517
v 3.19574076 -1.19563102 0.78672514
v 3.19574069 -1.19563111 0.86172510
v 3.19574063 -1.19563118 0.93672505
v 3.19574058 -1.19563121 1.01172500
v 3.19574054 -1.19563117 1.08672498
v 3.19574053 -1.19563110 1.16172502
v 3.19574056 -1.19563104 1.23672510
v 3.19574060 -1.19563101 1.31172516
v 3.19574064 -1.19563102 1.38672518
v 3.19574065 -1.19563106 1.46172515
v 3.19574065 -1.19563110 1.53672510
v 3.19574065 -1.19563108 1.61172506
v 3.19574063 -1.19563120 1.68672498
v 3.19574018 -1.19563204 1.76172445
v 3.19573988 -1.19563090 1.83672416
v 3.19574522 -1.19562020 1.91172981
v 3.19575598 -1.19561904 1.98674116
v 3.19572279 -1.19570729 2.06170852
v 3.19557608 -1.19584676 2.13656162
v 3.19554162 -1.19548420 2.21152640
v 3.19647697 -1.19390234 2.28746475
v 3.19892068 -1.19244657 2.36492192
v 3.19970609 -1.19721438 2.44071013
v 3.18825563 -1.21709065 2.50414592
v 3.18849504 -1.10268199 -2.50563752
v 3.19990329 -1.12398286 -2.44222663
v 3.19908110 -1.12556066 -2.36646944
v 3.19662772 -1.12238500 -2.28901456
v 3.19568570 -1.12065195 -2.21307474
v 3.19571532 -1.12049944 -2.13811001
v 3.19586255 -1.12071493 -2.06325700
v 3.19589984 -1.12079492 -1.98828969
v 3.19589264 -1.12078651 -1.91327857
v 3.19588837 -1.12077708 -1.83827322
v 3.19588838 -1.12077686 -1.76327365
v 3.19588856 -1.12077755 -1.68827416
v 3.19588855 -1.12077760 -1.61327419
v 3.19588853 -1.12077761 -1.53827421
v 3.19588848 -1.12077769 -1.46327426
v 3.19588839 -1.12077782 -1.38827433
v 3.19588825 -1.12077800 -1.31327441
v 3.19588809 -1.12077812 -1.23827442
v 3.19588796 -1.12077816 -1.16327430
v 3.19588795 -1.12077814 -1.08827414
v 3.19588803 -1.12077820 -1.01327417
v 3.19588809 -1.12077834 -0.93827448
v 3.19588801 -1.12077837 -0.86327479
v 3.19588792 -1.12077802 -0.78827466
v 3.19588811 -1.12077729 -0.71327397
v 3.19588875 -1.12077638 -0.63827304
v 3.19588978 -1.12077547 -0.56327226
v 3.19589096 -1.12077467 -0.48827188
v 3.19589208 -1.12077403 -0.41327206
v 3.19589291 -1.12077351 -0.33827277
v 3.19589331 -1.12077307 -0.26327360
v 3.19589336 -1.12077280 -0.18827409
v 3.19589328 -1.12077274 -0.11327417
v 3.19589324 -1.12077279 -0.03827410
v 3.19589323 -1.12077282 0.03672593
v 3.19589323 -1.12077282 0.11172593
v 3.19589323 -1.12077282 0.18672592
v 3.19589323 -1.12077281 0.26172591
v 3.19589322 -1.12077280 0.33672592
v 3.19589319 -1.12077280 0.41172599
v 3.19589315 -1.12077286 0.48672609
v 3.19589313 -1.12077297 0.56172607
v 3.19589312 -1.12077306 0.63672585
v 3.19589312 -1.12077305 0.71172552
v 3.19589311 -1.12077297 0.78672526
v 3.19589311 -1.12077291 0.86172516
v 3.19589310 -1.12077294 0.93672516
v 3.19589304 -1.12077301 1.01172520
v 3.19589296 -1.12077302 1.08672530
v 3.19589291 -1.12077301 1.16172546
v 3.19589293 -1.12077308 1.23672558
v 3.19589295 -1.12077320 1.31172554
v 3.19589290 -1.12077326 1.38672538
v 3.19589284 -1.12077317 1.46172523
v 3.19589285 -1.12077302 1.53672518
v 3.19589296 -1.12077295 1.61172522
v 3.19589301 -1.12077325 1.68672517
v 3.19589254 -1.12077417 1.76172471
v 3.19589223 -1.12077256 1.83672478
v 3.19589766 -1.12076122 1.91173107
v 3.19590832 -1.12076039 1.98674250
v 3.19587448 -1.12085024 2.06170858
v 3.19572644 -1.12099128 2.13655983
v 3.19569017 -1.12062798 2.21152415
v 3.19662333 -1.11904226 2.28746403
v 3.19906605 -1.11759001 2.36492356
v 3.19985682 -1.12238722 2.44071680
v 3.18841532 -1.14229835 2.50416556
v 3.18849971 -1.02766761 -2.50561988
v 3.19990858 -1.04896961 -2.44221795
v 3.19908955 -1.05056196 -2.36646820
v 3.19664579 -1.04739976 -2.28901498
v 3.19571438 -1.04567727 -2.21307437
v 3.19575116 -1.04553219 -2.13810899
v 3.19590058 -1.04575080 -2.06325592
v 3.19593631 -1.04583042 -1.98828901
v 3.19592689 -1.04582066 -1.91327836
v 3.19592172 -1.04581055 -1.83827325
v 3.19592180 -1.04581033 -1.76327373
v 3.19592210 -1.04581121 -1.68827430
v 3.19592200 -1.04581141 -1.61327440
v 3.19592184 -1.04581150 -1.53827442
v 3.19592168 -1.04581163 -1.46327439
v 3.19592158 -1.04581178 -1.38827436
v 3.19592153 -1.04581181 -1.31327432
v 3.19592158 -1.04581146 -1.23827408
v 3.19592188 -1.04581074 -1.16327355
v 3.19592251 -1.04580991 -1.08827291
v 3.19592342 -1.04580922 -1.01327250
v 3.19592442 -1.04580857 -0.93827242
v 3.19592550 -1.04580736 -0.86327242
v 3.19592675 -1.04580531 -0.78827210
v 3.19592818 -1.04580325 -0.71327158
v 3.19592937 -1.04580225 -0.63827135
v 3.19592972 -1.04580220 -0.56327114
v 3.19592923 -1.04580236 -0.48826979
v 3.19592876 -1.04580250 -0.41326690
v 3.19592914 -1.04580276 -0.33826395
v 3.19593029 -1.04580282 -0.26326277
v 3.19593135 -1.04580234 -0.18826341
v 3.19593180 -1.04580169 -0.11326441
v 3.19593181 -1.04580138 -0.03826482
v 3.19593175 -1.04580139 0.03673521
v 3.19593173 -1.04580144 0.11173527
v 3.19593173 -1.04580144 0.18673526
v 3.19593173 -1.04580143 0.26173525
v 3.19593170 -1.04580143 0.33673532
v 3.19593167 -1.04580150 0.41173547
v 3.19593173 -1.04580166 0.48673545
v 3.19593195 -1.04580176 0.56173493
v 3.19593235 -1.04580150 0.63673402
v 3.19593292 -1.04580072 0.71173331
v 3.19593369 -1.04579955 0.78673318
v 3.19593460 -1.04579822 0.86173351
v 3.19593545 -1.04579699 0.93673405
v 3.19593615 -1.04579609 1.01173473
v 3.19593673 -1.04579582 1.08673544
v 3.19593715 -1.04579628 1.16173580
v 3.19593726 -1.04579726 1.23673535
v 3.19593698 -1.04579821 1.31173426
v 3.19593643 -1.04579872 1.38673328
v 3.19593588 -1.04579865 1.46173302
v 3.19593555 -1.04579804 1.53673343
v 3.19593560 -1.04579713 1.61173409
v 3.19593600 -1.04579660 1.68673464
v 3.19593619 -1.04579677 1.76173477
v 3.19593656 -1.04579431 1.83673552
v 3.19594210 -1.04578336 1.91174168
v 3.19595165 -1.04578647 1.98674986
v 3.19591534 -1.04588264 2.06170819
v 3.19576406 -1.04602728 2.13654963
v 3.19572430 -1.04566139 2.21150731
v 3.19665416 -1.04406820 2.28744775
v 3.19909622 -1.04261429 2.36491161
v 3.19989442 -1.04743159 2.44070298
v 3.18846143 -1.06735414 2.50415029
v 3.18850800 -0.95265202 -2.50561315
v 3.19991005 -0.97395957 -2.44221581
v 3.19908543 -0.97555673 -2.36646815
v 3.19664044 -0.97239523 -2.28901435
v 3.19570915 -0.97067165 -2.21307306
v 3.19574515 -0.97052543 -2.13810783
v 3.19589287 -0.97074270 -2.06325525
v 3.19592685 -0.97082093 -1.98828876
v 3.19591642 -0.97081035 -1.91327839
v 3.19591104 -0.97080013 -1.83827342
v 3.19591117 -0.97080017 -1.76327400
v 3.19591138 -0.97080128 -1.68827461
v 3.19591113 -0.97080142 -1.61327453
v 3.19591101 -0.97080106 -1.53827404
v 3.19591129 -0.97080048 -1.46327332
v 3.19591197 -0.97079972 -1.38827268
v 3.19591299 -0.97079833 -1.31327198
v 3.19591446 -0.97079608 -1.23827090
v 3.19591652 -0.97079381 -1.16327006
v 3.19591863 -0.97079248 -1.08827055
v 3.19591980 -0.97079189 -1.01327182
v 3.19591987 -0.97079089 -0.93827152
v 3.19592022 -0.97078842 -0.86326814
v 3.19592236 -0.97078533 -0.78826364
v 3.19592558 -0.97078509 -0.71326279
v 3.19592658 -0.97079017 -0.63826870
v 3.19592214 -0.97079892 -0.56327895
v 3.19591213 -0.97080782 -0.48828748
v 3.19589952 -0.97081499 -0.41328911
v 3.19588842 -0.97082080 -0.33828262
v 3.19588203 -0.97082614 -0.26327213
v 3.19588064 -0.97083019 -0.18826431
v 3.19588171 -0.97083149 -0.11326203
v 3.19588268 -0.97083087 -0.03826279
v 3.19588291 -0.97083026 0.03673651
v 3.19588290 -0.97083023 0.11173650
v 3.19588291 -0.97083030 0.18673662
v 3.19588292 -0.97083031 0.26173668
v 3.19588289 -0.97083035 0.33673682
v 3.19588293 -0.97083051 0.41173691
v 3.19588322 -0.97083065 0.48673628
v 3.19588377 -0.97083028 0.56173472
v 3.19588434 -0.97082894 0.63673365
v 3.19588487 -0.97082711 0.71173493
v 3.19588569 -0.97082583 0.78673835
v 3.19588691 -0.97082532 0.86174170
v 3.19588814 -0.97082450 0.93674353
v 3.19588921 -0.97082268 1.01174441
v 3.19589057 -0.97082099 1.08674520
v 3.19589233 -0.97082104 1.16174510
v 3.19589336 -0.97082244 1.23674298
v 3.19589287 -0.97082314 1.31173998
v 3.19589184 -0.97082251 1.38673871
v 3.19589160 -0.97082203 1.46173988
v 3.19589188 -0.97082270 1.53674191
v 3.19589156 -0.97082344 1.61174333
v 3.19589066 -0.97082299 1.68674407
v 3.19589024 -0.97082127 1.76174456
v 3.19589153 -0.97081668 1.83674587
v 3.19589767 -0.97080774 1.91175086
v 3.19590523 -0.97082014 1.98675272
v 3.19586599 -0.97092545 2.06170076
v 3.19571580 -0.97106659 2.13653651
v 3.19568377 -0.97068733 2.21149605
v 3.19662554 -0.96908371 2.28743527
v 3.19908024 -0.96762734 2.36488599
v 3.19989415 -0.97245576 2.44065597
v 3.18847990 -0.99237101 2.50409786
v 3.18850854 -0.87764355 -2.50561520
v 3.19991077 -0.89895770 -2.44221679
v 3.19908471 -0.90055722 -2.36646914
v 3.19663844 -0.89739478 -2.28901474
v 3.19570638 -0.89566940 -2.21307292
v 3.19574141 -0.89552178 -2.13810765
v 3.19588819 -0.89573814 -2.06325523
v 3.19592160 -0.89581591 -1.98828891
v 3.19591098 -0.89580531 -1.91327866
v 3.19590557 -0.89579532 -1.83827375
v 3.19590565 -0.89579546 -1.76327421
v 3.19590588 -0.89579615 -1.68827435
v 3.19590606 -0.89579501 -1.61327332
v 3.19590708 -0.89579271 -1.53827156
v 3.19590909 -0.89579041 -1.46327000
v 3.19591148 -0.89578861 -1.38826957
v 3.19591353 -0.89578608 -1.31326947
v 3.19591535 -0.89578280 -1.23826824
v 3.19591723 -0.89578233 -1.16326764
v 3.19591795 -0.89578723 -1.08827179
v 3.19591486 -0.89579493 -1.01328051
v 3.19590693 -0.89580095 -0.93828734
v 3.19589666 -0.89580358 -0.86328560
v 3.19588807 -0.89580747 -0.78827624
v 3.19588217 -0.89582168 -0.71327057
v 3.19587516 -0.89584615 -0.63827948
v 3.19586317 -0.89586853 -0.56329938
v 3.19584787 -0.89588277 -0.48832051
v 3.19583253 -0.89589337 -0.41334243
v 3.19581575 -0.89590116 -0.33836370
v 3.19579657 -0.89590649 -0.26337195
v 3.19578067 -0.89591459 -0.18836241
v 3.19577354 -0.89592445 -0.11334812
v 3.19577313 -0.89592940 -0.03834149
v 3.19577413 -0.89592919 0.03665840
v 3.19577440 -0.89592824 0.11165729
v 3.19577439 -0.89592816 0.18665714
v 3.19577446 -0.89592832 0.26165739
v 3.19577452 -0.89592844 0.33665765
v 3.19577462 -0.89592856 0.41165737
v 3.19577498 -0.89592824 0.48665558
v 3.19577520 -0.89592661 0.56165334
v 3.19577410 -0.89592387 0.63665530
v 3.19577106 -0.89592297 0.71166438
v 3.19576657 -0.89592770 0.78667609
v 3.19576095 -0.89593851 0.86168281
v 3.19575439 -0.89595160 0.93668200
v 3.19574782 -0.89596198 1.01167690
v 3.19574265 -0.89596726 1.08667132
v 3.19573986 -0.89596849 1.16166599
v 3.19573856 -0.89596613 1.23666095
v 3.19573734 -0.89595871 1.31166027
v 3.19573763 -0.89594801 1.38666794
v 3.19574195 -0.89594055 1.46167929
v 3.19574870 -0.89594147 1.53668504
v 3.19575294 -0.89595003 1.61168249
v 3.19575116 -0.89596046 1.68667616
v 3.19574484 -0.89596571 1.76167075
v 3.19573999 -0.89596203 1.83666874
v 3.19574254 -0.89595542 1.91167140
v 3.19574723 -0.89597773 1.98666904
v 3.19570928 -0.89608186 2.06161864
v 3.19557478 -0.89618113 2.13648922
v 3.19557701 -0.89574288 2.21152869
v 3.19656688 -0.89413224 2.28754015
v 3.19907183 -0.89272633 2.36497897
v 3.19991909 -0.89759566 2.44065048
v 3.18851308 -0.91748953 2.50400511
v 3.18850857 -0.80263983 -2.50562011
v 3.19990512 -0.82395684 -2.44221938
v 3.19908411 -0.82555872 -2.36646930
v 3.19663880 -0.82239565 -2.28901476
v 3.19570662 -0.82066962 -2.21307296
v 3.19574160 -0.82052189 -2.13810774
v 3.19588830 -0.82073840 -2.06325544
v 3.19592165 -0.82081642 -1.98828922
v 3.19591097 -0.82080599 -1.91327893
v 3.19590556 -0.82079572 -1.83827357
v 3.19590599 -0.82079477 -1.76327301
v 3.19590729 -0.82079335 -1.68827161
v 3.19590952 -0.82078937 -1.61326902
v 3.19591312 -0.82078520 -1.53826693
v 3.19591671 -0.82078468 -1.46326822
v 3.19591759 -0.82078873 -1.38827424
v 3.19591412 -0.82079354 -1.31328141
v 3.19590701 -0.82079937 -1.23828573
v 3.19589688 -0.82081429 -1.16329049
v 3.19588214 -0.82084010 -1.08830034
v 3.19586233 -0.82086570 -1.01331056
v 3.19584189 -0.82088334 -0.93831633
v 3.19582455 -0.82089624 -0.86332423
v 3.19580549 -0.82091419 -0.78833956
v 3.19577682 -0.82095285 -0.71335874
v 3.19573986 -0.82100482 -0.63837557
v 3.19570922 -0.82102064 -0.56337057
v 3.19570902 -0.82097921 -0.48832657
v 3.19575507 -0.82092922 -0.41328368
v 3.19582692 -0.82090103 -0.33831067
v 3.19587721 -0.82086981 -0.26340141
v 3.19588304 -0.82083487 -0.18847829
v 3.19586515 -0.82082559 -0.11349829
v 3.19585167 -0.82083794 -0.03848660
v 3.19584858 -0.82084645 0.03652221
v 3.19584875 -0.82084605 0.11152191
v 3.19584839 -0.82084448 0.18651978
v 3.19584804 -0.82084434 0.26151912
v 3.19584804 -0.82084458 0.33651923
v 3.19584808 -0.82084445 0.41151850
v 3.19584819 -0.82084331 0.48651589
v 3.19584748 -0.82084061 0.56151561
v 3.19584345 -0.82083881 0.63652720
v 3.19583554 -0.82084514 0.71154986
v 3.19582529 -0.82086445 0.78656284
v 3.19581018 -0.82089127 0.86154958
v 3.19578764 -0.82091844 0.93652060
v 3.19576357 -0.82094727 1.01149437
v 3.19574389 -0.82097775 1.08647387
v 3.19572550 -0.82099894 1.16145529
v 3.19570636 -0.82099799 1.23644469
v 3.19569371 -0.82097513 1.31145706
v 3.19569592 -0.82094811 1.38649499
v 3.19571059 -0.82093469 1.46153282
v 3.19572583 -0.82093330 1.53654141
v 3.19573546 -0.82093691 1.61152194
v 3.19574147 -0.82095054 1.68649520
v 3.19574055 -0.82097413 1.76147343
v 3.19572844 -0.82099104 1.83645927
v 3.19571390 -0.82099678 1.91145514
v 3.19570458 -0.82102598 1.98645266
v 3.19567189 -0.82110911 2.06141722
v 3.19557311 -0.82110695 2.13635751
v 3.19561870 -0.82052740 2.21156239
v 3.19662797 -0.81890137 2.28778577
v 3.19914622 -0.81766907 2.36534683
v 3.20000615 -0.82274076 2.44094813
v 3.18854583 -0.84267902 2.50410010
v 3.18855492 -0.72765469 -2.50561023
v 3.19990086 -0.74895227 -2.44222492
v 3.19907945 -0.75055730 -2.36647051
v 3.19663907 -0.74739612 -2.28901430
v 3.19570706 -0.74566982 -2.21307291
v 3.19574178 -0.74552224 -2.13810793
v 3.19588843 -0.74573917 -2.06325574
v 3.19592165 -0.74581731 -1.98828943
v 3.19591098 -0.74580616 -1.91327845
v 3.19590620 -0.74579405 -1.83827161
v 3.19590823 -0.74579049 -1.76326919
v 3.19591200 -0.74578682 -1.68826671
v 3.19591647 -0.74578303 -1.61326539
v 3.19591974 -0.74578526 -1.53826868
v 3.19591724 -0.74580131 -1.46328154
v 3.19590403 -0.74582873 -1.38830414
v 3.19588019 -0.74585300 -1.31332379
v 3.19585242 -0.74587515 -1.23833137
v 3.19582447 -0.74591675 -1.16334381
v 3.19578966 -0.74596989 -1.08837231
v 3.19574690 -0.74598821 -1.01337610
v 3.19572162 -0.74596313 -0.93831854
v 3.19574409 -0.74594176 -0.86325905
v 3.19579700 -0.74594843 -0.78829194
v 3.19582099 -0.74597436 -0.71341248
v 3.19579020 -0.74599831 -0.63852418
v 3.19574765 -0.74593267 -0.56351452
v 3.19576673 -0.74571651 -0.48831056
v 3.19590638 -0.74547578 -0.41298393
v 3.19616339 -0.74535436 -0.33775483
v 3.19644465 -0.74529055 -0.26277721
v 3.19663438 -0.74516846 -0.18797450
v 3.19669703 -0.74503632 -0.11315102
v 3.19668778 -0.74499108 -0.03821218
v 3.19667250 -0.74500695 0.03679572
v 3.19666994 -0.74501904 0.11180820
v 3.19667061 -0.74501810 0.18680949
v 3.19666959 -0.74501597 0.26180706
v 3.19666834 -0.74501547 0.33680539
v 3.19666758 -0.74501488 0.41180381
v 3.19666748 -0.74501335 0.48680178
v 3.19666726 -0.74501213 0.56180719
v 3.19666327 -0.74501727 0.63683372
v 3.19665760 -0.74503986 0.71186697
v 3.19666257 -0.74507853 0.78684855
v 3.19667702 -0.74509885 0.86174949
v 3.19668022 -0.74506592 0.93663679
v 3.19667296 -0.74500654 1.01159126
v 3.19667852 -0.74498490 1.08659969
v 3.19668732 -0.74501050 1.16160222
v 3.19666685 -0.74502882 1.23659563
v 3.19663134 -0.74500893 1.31162757
v 3.19662972 -0.74499611 1.38670243
v 3.19666163 -0.74504264 1.46174365
v 3.19666978 -0.74510719 1.53669861
v 3.19663233 -0.74510246 1.61162460
v 3.19660505 -0.74503456 1.68659593
v 3.19663284 -0.74499059 1.76160367
v 3.19667656 -0.74500348 1.83660568
v 3.19667997 -0.74503709 1.91159930
v 3.19664759 -0.74508405 1.98659768
v 3.19660730 -0.74514640 2.06157491
v 3.19655915 -0.74503379 2.13654212
v 3.19663621 -0.74429248 2.21181318
v 3.19748468 -0.74277335 2.28803347
v 3.19965530 -0.74185491 2.36555378
v 3.20022140 -0.74713678 2.44134101
v 3.18857957 -0.76727331 2.50468912
v 3.18865904 -0.65272946 -2.50555108
v 3.19993589 -0.67396324 -2.44222040
v 3.19907312 -0.67555089 -2.36647623
v 3.19663622 -0.67239494 -2.28901514
v 3.19570726 -0.67067055 -2.21307277
v 3.19574151 -0.67052294 -2.13810820
v 3.19588783 -0.67073981 -2.06325586
v 3.19592115 -0.67081691 -1.98828869
v 3.19591135 -0.67080316 -1.91327600
v 3.19590863 -0.67078819 -1.83826756
v 3.19591315 -0.67078437 -1.76326590
v 3.19591745 -0.67078639 -1.68826916
v 3.19591692 -0.67079752 -1.61328032
v 3.19590579 -0.67082549 -1.53830143
v 3.19587804 -0.67087649 -1.46333229
v 3.19583428 -0.67093495 -1.38836588
v 3.19578688 -0.67095745 -1.31337394
v 3.19575729 -0.67094085 -1.23833375
v 3.19576017 -0.67095385 -1.16329638
v 3.19578198 -0.67099293 -1.08833469
v 3.19579719 -0.67091308 -1.01337167
v 3.19582728 -0.67067296 -0.93823493
v 3.19594896 -0.67045777 -0.86296228
v 3.19618823 -0.67038462 -0.78781777
v 3.19644613 -0.67034432 -0.71293757
v 3.19661959 -0.67019832 -0.63817781
v 3.19673252 -0.66986063 -0.56327840
v 3.19685675 -0.66932300 -0.48802968
v 3.19702485 -0.66892546 -0.41253308
v 3.19722918 -0.66885348 -0.33703134
v 3.19747446 -0.66892401 -0.26158619
v 3.19778427 -0.66899189 -0.18638954
v 3.19805960 -0.66883317 -0.11153656
v 3.19817740 -0.66858952 -0.03673653
v 3.19818316 -0.66853335 0.03820226
v 3.19817744 -0.66856538 0.11322299
v 3.19818572 -0.66858319 0.18824812
v 3.19819262 -0.66858386 0.26325801
v 3.19819267 -0.66858192 0.33825869
v 3.19819001 -0.66858003 0.41325610
v 3.19818944 -0.66857893 0.48825471
v 3.19819273 -0.66858266 0.56326548
v 3.19819367 -0.66859854 0.63830031
v 3.19819326 -0.66863433 0.71332060
v 3.19822825 -0.66867502 0.78821248
v 3.19832870 -0.66864482 0.86294535
v 3.19846419 -0.66844614 0.93772263
v 3.19860122 -0.66809463 1.01276385
v 3.19875753 -0.66775574 1.08801034
v 3.19894107 -0.66757545 1.16322963
v 3.19907470 -0.66752792 1.23832124
v 3.19910403 -0.66751677 1.31338092
v 3.19912310 -0.66757847 1.38845627
v 3.19919272 -0.66781677 1.46337101
v 3.19918539 -0.66813457 1.53802647
v 3.19900436 -0.66826118 1.61272130
v 3.19878120 -0.66808475 1.68776121
v 3.19872963 -0.66778082 1.76302814
v 3.19888781 -0.66758172 1.83824218
v 3.19907340 -0.66754211 1.91331672
v 3.19912255 -0.66759371 1.98832786
v 3.19907698 -0.66766448 2.06331175
v 3.19907048 -0.66753083 2.13823601
v 3.19919681 -0.66675870 2.21332595
v 3.19972818 -0.66560401 2.28913453
v 3.20107472 -0.66639510 2.36471846
v 3.20054699 -0.67082758 2.43947069
v 3.18828869 -0.68953250 2.50460899
v 3.18859877 -0.57779474 -2.50547753
v 3.20003001 -0.59903926 -2.44216585
v 3.19909019 -0.60055617 -2.36647536
v 3.19662987 -0.59738987 -2.28901984
v 3.19570555 -0.59567059 -2.21307288
v 3.19574137 -0.59552340 -2.13810734
v 3.19588792 -0.59573861 -2.06325450
v 3.19592240 -0.59581255 -1.98828589
v 3.19591494 -0.59579505 -1.91327162
v 3.19591487 -0.59578112 -1.83826474
v 3.19591888 -0.59578939 -1.76327284
v 3.19591388 -0.59581578 -1.68829574
v 3.19589162 -0.59586083 -1.61333272
v 3.19584785 -0.59592414 -1.53837776
v 3.19578399 -0.59599189 -1.46341396
v 3.19572149 -0.59602027 -1.38841227
v 3.19570639 -0.59592767 -1.31332706
v 3.19577730 -0.59570421 -1.23812923
v 3.19594107 -0.59551000 -1.16290820
v 3.19617954 -0.59541952 -1.08783839
v 3.19645514 -0.59515134 -1.01289938
v 3.19673402 -0.59449891 -0.93779425
v 3.19703530 -0.59394543 -0.86248357
v 3.19737067 -0.59380400 -0.78721488
v 3.19771244 -0.59376143 -0.71198481
v 3.19809505 -0.59355026 -0.63680319
v 3.19858663 -0.59286151 -0.56173444
v 3.19913925 -0.59178064 -0.48655244
v 3.19946889 -0.59131457 -0.41124124
v 3.19934934 -0.59293675 -0.33728653
v 3.19828014 -0.59338484 -0.26290340
v 3.19714397 -0.59361445 -0.18622443
v 3.19707694 -0.59491733 -0.10997818
v 3.19738466 -0.59467000 -0.03492070
v 3.19752785 -0.59437166 0.03994688
v 3.19752972 -0.59434534 0.11490136
v 3.19753029 -0.59438994 0.18992053
v 3.19755286 -0.59441152 0.26495176
v 3.19757060 -0.59441676 0.33997315
v 3.19757399 -0.59441556 0.41498025
v 3.19757369 -0.59441481 0.48998054
v 3.19758149 -0.59442418 0.56499035
v 3.19758763 -0.59444562 0.64001537
v 3.19757541 -0.59446515 0.71498888
v 3.19759316 -0.59444321 0.78974338
v 3.19773563 -0.59428653 0.86425979
v 3.19793704 -0.59389275 0.93907614
v 3.19824242 -0.59336443 1.01461546
v 3.19869113 -0.59282729 1.09045406
v 3.19908804 -0.59229391 1.16611953
v 3.19948265 -0.59191655 1.24149681
v 3.19982370 -0.59176390 1.31664139
v 3.20001939 -0.59185766 1.39167438
v 3.20019743 -0.59233807 1.46634575
v 3.20018376 -0.59293949 1.54032457
v 3.19980255 -0.59316851 1.61438025
v 3.19937634 -0.59307414 1.68956097
v 3.19913378 -0.59279277 1.76544483
v 3.19911809 -0.59232128 1.84116608
v 3.19945338 -0.59194426 1.91651081
v 3.19982994 -0.59182975 1.99158699
v 3.19992695 -0.59187120 2.06657075
v 3.19995299 -0.59182178 2.14146272
v 3.20016051 -0.59123362 2.21629017
v 3.20043748 -0.59039599 2.29165720
v 3.20073220 -0.59310375 2.36709420
v 3.20059683 -0.60729970 2.42912677
v 3.18603200 -0.60531734 2.49808238
v 3.18798770 -0.50242580 -2.50569958
v 3.20004236 -0.52413418 -2.44209078
v 3.19914635 -0.52561038 -2.36643483
v 3.19663424 -0.52238823 -2.28902054
v 3.19570318 -0.52066527 -2.21307459
v 3.19574301 -0.52051939 -2.13810461
v 3.19589184 -0.52073167 -2.06325043
v 3.19592891 -0.52080244 -1.98828199
v 3.19592350 -0.52078615 -1.91327069
v 3.19592135 -0.52078726 -1.83827361
v 3.19591331 -0.52082980 -1.76330243
v 3.19588245 -0.52089498 -1.68835117
v 3.19582647 -0.52095677 -1.61339792
v 3.19576230 -0.52099500 -1.53841576
v 3.19572050 -0.52096460 -1.46337707
v 3.19574727 -0.52078677 -1.38824695
v 3.19591933 -0.52036458 -1.31297166
v 3.19628433 -0.51971068 -1.23751514
v 3.19677602 -0.51922253 -1.16211591
v 3.19726066 -0.51901643 -1.08700856
v 3.19774008 -0.51860240 -1.01193915
v 3.19832648 -0.51767303 -0.93665498
v 3.19891580 -0.51687319 -0.86138198
v 3.19926991 -0.51801109 -0.78764274
v 3.19860928 -0.51804388 -0.71341769
v 3.19771865 -0.51777869 -0.63645507
v 3.19797063 -0.51837818 -0.55964483
v 3.19890547 -0.51701136 -0.48406447
v 3.19970425 -0.51606183 -0.40876573
v 3.19940440 -0.51943645 -0.33473336
v 3.19841851 -0.53204566 -0.27355160
v 3.19014796 -0.51875696 -0.19664702
v 3.18744142 -0.52878656 -0.11432897
v 3.18731646 -0.52999034 -0.03813862
v 3.18766582 -0.52944240 0.03693724
v 3.18771967 -0.52913728 0.11176512
v 3.18762151 -0.52909600 0.18660770
v 3.18756967 -0.52910840 0.26153400
v 3.18758327 -0.52912398 0.33653246
v 3.18760856 -0.52913383 0.41155577
v 3.18762059 -0.52913703 0.48656915
v 3.18763389 -0.52914974 0.56157660
v 3.18764025 -0.52916782 0.63658347
v 3.18759265 -0.52913684 0.71151247
v 3.18752147 -0.52898632 0.78618556
v 3.18758521 -0.52863934 0.86059649
v 3.18769961 -0.52806149 0.93555387
v 3.18698281 -0.52759258 1.01293274
v 3.18756926 -0.52873715 1.09017166
v 3.18810793 -0.52963089 1.16501523
v 3.18745126 -0.52901685 1.23995194
v 3.18793274 -0.52859420 1.31522707
v 3.18852256 -0.52847800 1.39020692
v 3.18897248 -0.52900278 1.46474088
v 3.18896296 -0.52974054 1.53823551
v 3.18806053 -0.52870047 1.61144701
v 3.18759486 -0.52722495 1.68760187
v 3.18878597 -0.52850322 1.76483785
v 3.18861157 -0.52961538 1.84001030
v 3.18751735 -0.52906311 1.91502405
v 3.18793496 -0.52866189 1.99021887
v 3.18841066 -0.52847653 2.06515219
v 3.18856313 -0.52846173 2.14004184
v 3.18882714 -0.52819174 2.21478792
v 3.18911668 -0.52750054 2.28980082
v 3.18809673 -0.52903875 2.36699307
v 3.18661841 -0.54409449 2.44762005
v 3.18712210 -0.42613810 -2.50659775
v 3.19978492 -0.44894610 -2.44225086
v 3.19917035 -0.45068202 -2.36637598
v 3.19665862 -0.44740279 -2.28899442
v 3.19571121 -0.44565275 -2.21307561
v 3.19575092 -0.44550904 -2.13810599
v 3.19589961 -0.44572308 -2.06325098
v 3.19593521 -0.44579909 -1.98828599
v 3.19592475 -0.44580064 -1.91328444
v 3.19590802 -0.44583975 -1.83830688
v 3.19587083 -0.44593118 -1.76335967
v 3.19580425 -0.44600745 -1.68841005
v 3.19573803 -0.44597507 -1.61338502
v 3.19573887 -0.44580043 -1.53822206
v 3.19588665 -0.44545204 -1.46290974
v 3.19624441 -0.44483610 -1.38746508
v 3.19684501 -0.44400242 -1.31202561
v 3.19762706 -0.44292771 -1.23653456
v 3.19838378 -0.44224554 -1.16097634
v 3.19891391 -0.44357182 -1.08711140
v 3.19853190 -0.44333051 -1.01311939
v 3.19807756 -0.44218238 -0.93648032
v 3.19844156 -0.44250483 -0.85988247
v 3.19854240 -0.44516445 -0.78563065
v 3.19829029 -0.45691370 -0.72430895
v 3.18972059 -0.44289075 -0.64573545
v 3.18741868 -0.45364481 -0.56144208
v 3.18761817 -0.45522854 -0.48577601
v 3.18740974 -0.45378372 -0.41086240
v 3.18660345 -0.45562611 -0.33476029
v 3.18469305 -0.46923553 -0.25559812
v 3.18755049 -0.34976132 -2.50738927
v 3.19961323 -0.37327742 -2.44283835
v 3.19911983 -0.37565852 -2.36645030
v 3.19665536 -0.37243213 -2.28894462
v 3.19571772 -0.37064387 -2.21306187
v 3.19576007 -0.37051051 -2.13811760
v 3.19589709 -0.37074528 -2.06327289
v 3.19591327 -0.37084485 -1.98831847
v 3.19587881 -0.37088036 -1.91332525
v 3.19583413 -0.37096335 -1.83835442
v 3.19576981 -0.37107292 -1.76340704
v 3.19569984 -0.37104781 -1.68840260
v 3.19571220 -0.37070034 -1.61318580
v 3.19594013 -0.37003076 -1.53764120
v 3.19648205 -0.36926044 -1.46191332
v 3.19732668 -0.36823629 -1.38609679
v 3.19839861 -0.36714604 -1.31027845
v 3.19953433 -0.36739565 -1.23607007
v 3.19955336 -0.36675110 -1.16164905
v 3.19857210 -0.36963180 -1.08619365
v 3.19810243 -0.38265198 -1.02391000
v 3.19011309 -0.36820083 -0.94553803
v 3.18824617 -0.37803864 -0.86171062
v 3.18670921 -0.38205925 -0.78564121
v 3.18412971 -0.39416922 -0.70660379
v 3.18911373 -0.27629390 -2.50517026
v 3.20018817 -0.29760677 -2.44320276
v 3.19930222 -0.30065102 -2.36676777
v 3.19659332 -0.29757324 -2.28895971
v 3.19561809 -0.29570088 -2.21303448
v 3.19569681 -0.29556653 -2.13812847
v 3.19583826 -0.29584121 -2.06330252
v 3.19583168 -0.29597374 -1.98836357
v 3.19576928 -0.29601880 -1.91337621
v 3.19570754 -0.29607179 -1.83836712
v 3.19567066 -0.29607263 -1.76333157
v 3.19571304 -0.29575529 -1.68818470
v 3.19596654 -0.29484561 -1.61270353
v 3.19659183 -0.29354966 -1.53679586
v 3.19755643 -0.29254216 -1.46068516
v 3.19867912 -0.29283293 -1.38581218
v 3.19909839 -0.29184673 -1.31064140
v 3.19899317 -0.29389831 -1.23463880
v 3.19919058 -0.30621119 -1.17194465
v 3.18922541 -0.29602053 -1.09439688
v 3.18449244 -0.31926703 -1.00724769
v 3.18118358 -0.20540419 -2.49717334
v 3.19955897 -0.22101036 -2.44225011
v 3.20015550 -0.22565308 -2.36722317
v 3.19682429 -0.22308183 -2.28921758
v 3.19539484 -0.22098833 -2.21308920
v 3.19544333 -0.22070114 -2.13815517
v 3.19566274 -0.22094193 -2.06329551
v 3.19572118 -0.22104797 -1.98830206
v 3.19573432 -0.22100302 -1.91328925
v 3.19576710 -0.22084557 -1.83822991
v 3.19587430 -0.22051179 -1.76303200
v 3.19618331 -0.21971524 -1.68761178
v 3.19684011 -0.21825979 -1.61191596
v 3.19786576 -0.21660063 -1.53589105
v 3.19901639 -0.21677084 -1.46074210
v 3.19894467 -0.21916086 -1.38615734
v 3.19848519 -0.23003216 -1.32249246
v 3.18971205 -0.22009320 -1.24517013
v 3.18396545 -0.24533592 -1.15787852
v 3.19048464 -0.13377568 -2.44262110
v 3.20119722 -0.14840969 -2.36785049
v 3.19838366 -0.14849353 -2.28985562
v 3.19583021 -0.14643450 -2.21335725
v 3.19535622 -0.14574307 -2.13823423
v 3.19559053 -0.14569837 -2.06324809
v 3.19583103 -0.14559238 -1.98805403
v 3.19611622 -0.14531162 -1.91284521
v 3.19649606 -0.14477626 -1.83767352
v 3.19693504 -0.14404712 -1.76248568
v 3.19750870 -0.14284465 -1.68700704
v 3.19839366 -0.14115901 -1.61096207
v 3.19956602 -0.14091082 -1.53589666
v 3.19959424 -0.14294775 -1.46132320
v 3.19856430 -0.15607026 -1.39690141
v 3.18630796 -0.15870629 -1.31552954
v 3.18964075 -0.04627379 -2.42945158
v 3.20179648 -0.06724797 -2.36670619
v 3.20176364 -0.07187717 -2.29035397
v 3.19847357 -0.07087691 -2.21361465
v 3.19685870 -0.06997031 -2.13810642
v 3.19664994 -0.06946093 -2.06291084
v 3.19691530 -0.06906470 -1.98764978
v 3.19736143 -0.06861195 -1.91233686
v 3.19801924 -0.06775209 -1.83680042
v 3.19880812 -0.06692288 -1.76130950
v 3.19954751 -0.06713960 -1.68731949
v 3.19954935 -0.06557001 -1.61223912
v 3.19919163 -0.06710303 -1.53524402
v 3.19903090 -0.08141922 -1.47095743
v 3.18674267 -0.08528610 -1.38993371
v 3.17804307 0.00793944 -2.42443222
v 3.19039745 0.01309514 -2.36264897
v 3.20121812 0.00665507 -2.28918920
v 3.20150023 0.00737554 -2.21296633
v 3.20047426 0.00749216 -2.13724063
v 3.19969425 0.00805059 -2.06161850
v 3.19959533 0.00846761 -1.98630190
v 3.19971915 0.00737850 -1.91261851
v 3.19930664 0.00804803 -1.83806053
v 3.19890104 0.00898704 -1.76082312
v 3.19896583 0.00577817 -1.68497315
v 3.19916571 -0.00493715 -1.62280554
v 3.19077856 0.00652533 -1.54319672
v 3.18518576 -0.02016224 -1.45717889
v 3.18249337 0.07105251 -2.28634061
v 3.19046746 0.08760285 -2.20962705
v 3.19994219 0.08431605 -2.13581626
v 3.20085924 0.08411606 -2.06028088
v 3.20067494 0.08419798 -1.98417805
v 3.20010764 0.08106028 -1.90974421
v 3.19950695 0.06919806 -1.84833606
v 3.19088536 0.08215898 -1.76892087
v 3.18747901 0.07005515 -1.68581567
v 3.18394294 0.05696643 -1.60347472
v 3.18226253 0.14738822 -2.13324479
v 3.18773932 0.14841238 -2.06418118
v 3.18867612 0.14855758 -1.98804000
v 3.18757967 0.14594163 -1.91040316
v 3.18481279 0.13198179 -1.82873145
f 3 2 1
f 5 4 1
f 5 1 2
f 7 6 4
f 7 4 5
f 9 8 6
f 9 6 7
f 11 10 8
f 11 8 9
f 13 12 10
f 13 10 11
f 15 14 12
f 15 12 13
f 17 16 14
f 17 14 15
f 19 18 16
f 19 16 17
f 21 20 18
f 21 18 19
f 23 22 20
f 23 20 21
f 25 24 22
f 25 22 23
f 27 26 24
f 27 24 25
f 29 28 26
f 29 26 27
f 31 30 28
f 31 28 29
f 33 32 30
f 33 30 31
f 35 34 32
f 35 32 33
f 37 36 34
f 37 34 35
f 39 38 36
f 39 36 37
f 41 40 38
f 41 38 39
f 43 42 40
f 43 40 41
f 45 44 42
f 45 42 43
f 47 46 44
f 47 44 45
f 49 48 46
f 49 46 47
f 51 50 48
f 51 48 49
f 53 52 50
f 53 50 51
f 55 54 52
f 55 52 53
f 57 56 54
f 57 54 55
f 59 58 56
f 59 56 57
f 61 60 58
f 61 58 59
f 63 62 60
f 63 60 61
f 65 64 62
f 65 62 63
f 67 66 64
f 67 64 65
f 69 68 66
f 69 66 67
f 71 70 68
f 71 68 69
f 73 72 70
f 73 70 71
f 75 74 72
f 75 72 73
f 77 76 74
f 77 74 75
f 79 78 76
f 79 76 77
f 81 80 78
f 81 78 79
f 83 82 80
f 83 80 81
f 85 84 82
f 85 82 83
f 87 86 84
f 87 84 85
f 89 88 86
f 89 86 87
f 91 90 88
f 91 88 89
f 93 92 90
f 93 90 91
f 95 94 92
f 95 92 93
f 97 96 94
f 97 94 95
f 99 98 96
f 99 96 97
f 101 100 98
f 101 98 99
f 103 102 100
f 103 100 101
f 105 104 102
f 105 102 103
f 107 106 104
f 107 104 105
f 109 108 106
f 109 106 107
f 111 110 108
f 111 108 109
f 113 112 110
f 113 110 111
f 115 114 112
f 115 112 113
f 117 116 114
f 117 114 115
f 119 118 116
f 119 116 117
f 121 120 118
f 121 118 119
f 123 122 120
f 123 120 121
f 125 124 122
f 125 122 123
f 127 126 124
f 127 124 125
f 129 128 126
f 129 126 127
f 131 130 128
f 131 128 129
f 133 132 130
f 133 130 131
f 135 134 132
f 135 132 133
f 137 136 134
f 137 134 135
f 138 136 137
f 3 1 139
f 3 139 140
f 141 1 4
f 139 1 141
f 142 4 6
f 141 4 142
f 143 6 8
f 142 6 143
f 144 8 10
f 143 8 144
f 145 10 12
f 144 10 145
f 146 12 14
f 145 12 146
f 147 14 16
f 146 14 147
f 148 16 18
f 147 16 148
f 149 18 20
f 148 18 149
f 150 20 22
f 149 20 150
f 151 22 24
f 150 22 151
f 152 24 26
f 151 24 152
f 153 26 28
f 152 26 153
f 154 28 30
f 153 28 154
f 155 30 32
f 154 30 155
f 156 32 34
f 155 32 156
f 157 34 36
f 156 34 157
f 158 36 38
f 157 36 158
f 159 38 40
f 158 38 159
f 160 40 42
f 159 40 160
f 161 42 44
f 160 42 161
f 162 44 46
f 161 44 162
f 163 46 48
f 162 46 163
f 164 48 50
f 163 48 164
f 165 50 52
f 164 50 165
f 166 52 54
f 165 52 166
f 167 54 56
f 166 54 167
f 168 56 58
f 167 56 168
f 169 58 60
f 168 58 169
f 170 60 62
f 169 60 170
f 171 62 64
f 170 62 171
f 172 64 66
f 171 64 172
f 173 66 68
f 172 66 173
f 174 68 70
f 173 68 174
f 175 70 72
f 174 70 175
f 176 72 74
f 175 72 176
f 177 74 76
f 176 74 177
f 178 76 78
f 177 76 178
f 179 78 80
f 178 78 179
f 180 80 82
f 179 80 180
f 181 82 84
f 180 82 181
f 182 84 86
f 181 84 182
f 183 86 88
f 182 86 183
f 184 88 90
f 183 88 184
f 185 90 92
f 184 90 185
f 186 92 94
f 185 92 186
f 187 94 96
f 186 94 187
f 188 96 98
f 187 96 188
f 189 98 100
f 188 98 189
f 190 100 102
f 189 100 190
f 191 102 104
f 190 102 191
f 192 104 106
f 191 104 192
f 193 106 108
f 192 106 193
f 194 108 110
f 193 108 194
f 195 110 112
f 194 110 195
f 196 112 114
f 195 112 196
f 197 114 116
f 196 114 197
f 198 116 118
f 197 116 198
f 199 118 120
f 198 118 199
f 200 120 122
f 199 120 200
f 201 122 124
f 200 122 201
f 202 124 126
f 201 124 202
f 203 126 128
f 202 126 203
f 204 128 130
f 203 128 204
f 205 130 132
f 204 130 205
f 206 132 134
f 205 132 206
f 207 134 136
f 206 134 207
f 136 138 208
f 136 208 207
f 140 139 209
f 140 209 210
f 211 139 141
f 209 139 211
f 212 141 142
f 211 141 212
f 213 142 143
f 212 142 213
f 214 143 144
f 213 143 214
f 215 144 145
f 214 144 215
f 216 145 146
f 215 145 216
f 217 146 147
f 216 146 217
f 218 147 148
f 217 147 218
f 219 148 149
f 218 148 219
f 220 149 150
f 219 149 220
f 221 150 151
f 220 150 221
f 222 151 152
f 221 151 222
f 223 152 153
f 222 152 223
f 224 153 154
f 223 153 224
f 225 154 155
f 224 154 225
f 226 155 156
f 225 155 226
f 227 156 157
f 226 156 227
f 228 157 158
f 227 157 228
f 229 158 159
f 228 158 229
f 230 159 160
f 229 159 230
f 231 160 161
f 230 160 231
f 232 161 162
f 231 161 232
f 233 162 163
f 232 162 233
f 234 163 164
f 233 163 234
f 235 164 165
f 234 164 235
f 236 165 166
f 235 165 236
f 237 166 167
f 236 166 237
f 238 167 168
f 237 167 238
f 239 168 169
f 238 168 239
f 240 169 170
f 239 169 240
f 241 170 171
f 240 170 241
f 242 171 172
f 241 171 242
f 243 172 173
f 242 172 243
f 244 173 174
f 243 173 244
f 245 174 175
f 244 174 245
f 246 175 176
f 245 175 246
f 247 176 177
f 246 176 247
f 248 177 178
f 247 177 248
f 249 178 179
f 248 178 249
f 250 179 180
f 249 179 250
f 251 180 181
f 250 180 251
f 252 181 182
f 251 181 252
f 253 182 183
f 252 182 253
f 254 183 184
f 253 183 254
f 255 184 185
f 254 184 255
f 256 185 186
f 255 185 256
f 257 186 187
f 256 186 257
f 258 187 188
f 257 187 258
f 259 188 189
f 258 188 259
f 260 189 190
f 259 189 260
f 261 190 191
f 260 190 261
f 262 191 192
f 261 191 262
f 263 192 193
f 262 192 263
f 264 193 194
f 263 193 264
f 265 194 195
f 264 194 265
f 266 195 196
f 265 195 266
f 267 196 197
f 266 196 267
f 268 197 198
f 267 197 268
f 269 198 199
f 268 198 269
f 270 199 200
f 269 199 270
f 271 200 201
f 270 200 271
f 272 201 202
f 271 201 272
f 273 202 203
f 272 202 273
f 274 203 204
f 273 203 274
f 275 204 205
f 274 204 275
f 276 205 206
f 275 205 276
f 277 206 207
f 276 206 277
f 207 208 278
f 207 278 277
f 210 209 279
f 210 279 280
f 281 209 211
f 279 209 281
f 282 211 212
f 281 211 282
f 283 212 213
f 282 212 283
f 284 213 214
f 283 213 284
f 285 214 215
f 284 214 285
f 286 215 216
f 285 215 286
f 287 216 217
f 286 216 287
f 288 217 218
f 287 217 288
f 289 218 219
f 288 218 289
f 290 219 220
f 289 219 290
f 291 220 221
f 290 220 291
f 292 221 222
f 291 221 292
f 293 222 223
f 292 222 293
f 294 223 224
f 293 223 294
f 295 224 225
f 294 224 295
f 296 225 226
f 295 225 296
f 297 226 227
f 296 226 297
f 298 227 228
f 297 227 298
f 299 228 229
f 298 228 299
f 300 229 230
f 299 229 300
f 301 230 231
f 300 230 301
f 302 231 232
f 301 231 302
f 303 232 233
f 302 232 303
f 304 233 234
f 303 233 304
f 305 234 235
f 304 234 305
f 306 235 236
f 305 235 306
f 307 236 237
f 306 236 307
f 308 237 238
f 307 237 308
f 309 238 239
f 308 238 309
f 310 239 240
f 309 239 310
f 311 240 241
f 310 240 311
f 312 241 242
f 311 241 312
f 313 242 243
f 312 242 313
f 314 243 244
f 313 243 314
f 315 244 245
f 314 244 315
f 316 245 246
f 315 245 316
f 317 246 247
f 316 246 317
f 318 247 248
f 317 247 318
f 319 248 249
f 318 248 319
f 320 249 250
f 319 249 320
f 321 250 251
f 320 250 321
f 322 251 252
f 321 251 322
f 323 252 253
f 322 252 323
f 324 253 254
f 323 253 324
f 325 254 255
f 324 254 325
f 326 255 256
f 325 255 326
f 327 256 257
f 326 256 327
f 328 257 258
f 327 257 328
f 329 258 259
f 328 258 329
f 330 259 260
f 329 259 330
f 331 260 261
f 330 260 331
f 332 261 262
f 331 261 332
f 333 262 263
f 332 262 333
f 334 263 264
f 333 263 334
f 335 264 265
f 334 264 335
f 336 265 266
f 335 265 336
f 337 266 267
f 336 266 337
f 338 267 268
f 337 267 338
f 339 268 269
f 338 268 339
f 340 269 270
f 339 269 340
f 341 270 271
f 340 270 341
f 342 271 272
f 341 271 342
f 343 272 273
f 342 272 343
f 344 273 274
f 343 273 344
f 345 274 275
f 344 274 345
f 346 275 276
f 345 275 346
f 347 276 277
f 346 276 347
f 277 278 348
f 277 348 347
f 280 279 349
f 280 349 350
f 351 279 281
f 349 279 351
f 352 281 282
f 351 281 352
f 353 282 283
f 352 282 353
f 354 283 284
f 353 283 354
f 355 284 285
f 354 284 355
f 356 285 286
f 355 285 356
f 357 286 287
f 356 286 357
f 358 287 288
f 357 287 358
f 359 288 289
f 358 288 359
f 360 289 290
f 359 289 360
f 361 290 291
f 360 290 361
f 362 291 292
f 361 291 362
f 363 292 293
f 362 292 363
f 364 293 294
f 363 293 364
f 365 294 295
f 364 294 365
f 366 295 296
f 365 295 366
f 367 296 297
f 366 296 367
f 368 297 298
f 367 297 368
f 369 298 299
f 368 298 369
f 370 299 300
f 369 299 370
f 371 300 301
f 370 300 371
f 372 301 302
f 371 301 372
f 373 302 303
f 372 302 373
f 374 303 304
f 373 303 374
f 375 304 305
f 374 304 375
f 376 305 306
f 375 305 376
f 377 306 307
f 376 306 377
f 378 307 308
f 377 307 378
f 379 308 309
f 378 308 379
f 380 309 310
f 379 309 380
f 381 310 311
f 380 310 381
f 382 311 312
f 381 311 382
f 383 312 313
f 382 312 383
f 384 313 314
f 383 313 384
f 385 314 315
f 384 314 385
f 386 315 316
f 385 315 386
f 387 316 317
f 386 316 387
f 388 317 318
f 387 317 388
f 389 318 319
f 388 318 389
f 390 319 320
f 389 319 390
f 391 320 321
f 390 320 391
f 392 321 322
f 391 321 392
f 393 322 323
f 392 322 393
f 394 323 324
f 393 323 394
f 395 324 325
f 394 324 395
f 396 325 326
f 395 325 396
f 397 326 327
f 396 326 397
f 398 327 328
f 397 327 398
f 399 328 329
f 398 328 399
f 400 329 330
f 399 329 400
f 401 330 331
f 400 330 401
f 402 331 332
f 401 331 402
f 403 332 333
f 402 332 403
f 404 333 334
f 403 333 404
f 405 334 335
f 404 334 405
f 406 335 336
f 405 335 406
f 407 336 337
f 406 336 407
f 408 337 338
f 407 337 408
f 409 338 339
f 408 338 409
f 410 339 340
f 409 339 410
f 411 340 341
f 410 340 411
f 412 341 342
f 411 341 412
f 413 342 343
f 412 342 413
f 414 343 344
f 413 343 414
f 415 344 345
f 414 344 415
f 416 345 346
f 415 345 416
f 417 346 347
f 416 346 417
f 347 348 418
f 347 418 417
f 350 349 419
f 350 419 420
f 421 349 351
f 419 349 421
f 422 351 352
f 421 351 422
f 423 352 353
f 422 352 423
f 424 353 354
f 423 353 424
f 425 354 355
f 424 354 425
f 426 355 356
f 425 355 426
f 427 356 357
f 426 356 427
f 428 357 358
f 427 357 428
f 429 358 359
f 428 358 429
f 430 359 360
f 429 359 430
f 431 360 361
f 430 360 431
f 432 361 362
f 431 361 432
f 433 362 363
f 432 362 433
f 434 363 364
f 433 363 434
f 435 364 365
f 434 364 435
f 436 365 366
f 435 365 436
f 437 366 367
f 436 366 437
f 438 367 368
f 437 367 438
f 439 368 369
f 438 368 439
f 440 369 370
f 439 369 440
f 441 370 371
f 440 370 441
f 442 371 372
f 441 371 442
f 443 372 373
f 442 372 443
f 444 373 374
f 443 373 444
f 445 374 375
f 444 374 445
f 446 375 376
f 445 375 446
f 447 376 377
f 446 376 447
f 448 377 378
f 447 377 448
f 449 378 379
f 448 378 449
f 450 379 380
f 449 379 450
f 451 380 381
f 450 380 451
f 452 381 382
f 451 381 452
f 453 382 383
f 452 382 453
f 454 383 384
f 453 383 454
f 455 384 385
f 454 384 455
f 456 385 386
f 455 385 456
f 457 386 387
f 456 386 457
f 458 387 388
f 457 387 458
f 459 388 389
f 458 388 459
f 460 389 390
f 459 389 460
f 461 390 391
f 460 390 461
f 462 391 392
f 461 391 462
f 463 392 393
f 462 392 463
f 464 393 394
f 463 393 464
f 465 394 395
f 464 394 465
f 466 395 396
f 465 395 466
f 467 396 397
f 466 396 467
f 468 397 398
f 467 397 468
f 469 398 399
f 468 398 469
f 470 399 400
f 469 399 470
f 471 400 401
f 470 400 471
f 472 401 402
f 471 401 472
f 473 402 403
f 472 402 473
f 474 403 404
f 473 403 474
f 475 404 405
f 474 404 475
f 476 405 406
f 475 405 476
f 477 406 407
f 476 406 477
f 478 407 408
f 477 407 478
f 479 408 409
f 478 408 479
f 480 409 410
f 479 409 480
f 481 410 411
f 480 410 481
f 482 411 412
f 481 411 482
f 483 412 413
f 482 412 483
f 484 413 414
f 483 413 484
f 485 414 415
f 484 414 485
f 486 415 416
f 485 415 486
f 487 416 417
f 486 416 487
f 417 418 488
f 417 488 487
f 420 419 489
f 420 489 490
f 491 419 421
f 489 419 491
f 492 421 422
f 491 421 492
f 493 422 423
f 492 422 493
f 494 423 424
f 493 423 494
f 495 424 425
f 494 424 495
f 496 425 426
f 495 425 496
f 497 426 427
f 496 426 497
f 498 427 428
f 497 427 498
f 499 428 429
f 498 428 499
f 500 429 430
f 499 429 500
f 501 430 431
f 500 430 501
f 502 431 432
f 501 431 502
f 503 432 433
f 502 432 503
f 504 433 434
f 503 433 504
f 505 434 435
f 504 434 505
f 506 435 436
f 505 435 506
f 507 436 437
f 506 436 507
f 508 437 438
f 507 437 508
f 509 438 439
f 508 438 509
f 510 439 440
f 509 439 510
f 511 440 441
f 510 440 511
f 512 441 442
f 511 441 512
f 513 442 443
f 512 442 513
f 514 443 444
f 513 443 514
f 515 444 445
f 514 444 515
f 516 445 446
f 515 445 516
f 517 446 447
f 516 446 517
f 518 447 448
f 517 447 518
f 519 448 449
f 518 448 519
f 520 449 450
f 519 449 520
f 521 450 451
f 520 450 521
f 522 451 452
f 521 451 522
f 523 452 453
f 522 452 523
f 524 453 454
f 523 453 524
f 525 454 455
f 524 454 525
f 526 455 456
f 525 455 526
f 527 456 457
f 526 456 527
f 528 457 458
f 527 457 528
f 529 458 459
f 528 458 529
f 530 459 460
f 529 459 530
f 531 460 461
f 530 460 531
f 532 461 462
f 531 461 532
f 533 462 463
f 532 462 533
f 534 463 464
f 533 463 534
f 535 464 465
f 534 464 535
f 536 465 466
f 535 465 536
f 537 466 467
f 536 466 537
f 538 467 468
f 537 467 538
f 539 468 469
f 538 468 539
f 540 469 470
f 539 469 540
f 541 470 471
f 540 470 541
f 542 471 472
f 541 471 542
f 543 472 473
f 542 472 543
f 544 473 474
f 543 473 544
f 545 474 475
f 544 474 545
f 546 475 476
f 545 475 546
f 547 476 477
f 546 476 547
f 548 477 478
f 547 477 548
f 549 478 479
f 548 478 549
f 550 479 480
f 549 479 550
f 551 480 481
f 550 480 551
f 552 481 482
f 551 481 552
f 553 482 483
f 552 482 553
f 554 483 484
f 553 483 554
f 555 484 485
f 554 484 555
f 556 485 486
f 555 485 556
f 557 486 487
f 556 486 557
f 487 488 558
f 487 558 557
f 490 489 559
f 490 559 560
f 561 489 491
f 559 489 561
f 562 491 492
f 561 491 562
f 563 492 493
f 562 492 563
f 564 493 494
f 563 493 564
f 565 494 495
f 564 494 565
f 566 495 496
f 565 495 566
f 567 496 497
f 566 496 567
f 568 497 498
f 567 497 568
f 569 498 499
f 568 498 569
f 570 499 500
f 569 499 570
f 571 500 501
f 570 500 571
f 572 501 502
f 571 501 572
f 573 502 503
f 572 502 573
f 574 503 504
f 573 503 574
f 575 504 505
f 574 504 575
f 576 505 506
f 575 505 576
f 577 506 507
f 576 506 577
f 578 507 508
f 577 507 578
f 579 508 509
f 578 508 579
f 580 509 510
f 579 509 580
f 581 510 511
f 580 510 581
f 582 511 512
f 581 511 582
f 583 512 513
f 582 512 583
f 584 513 514
f 583 513 584
f 585 514 515
f 584 514 585
f 586 515 516
f 585 515 586
f 587 516 517
f 586 516 587
f 588 517 518
f 587 517 588
f 589 518 519
f 588 518 589
f 590 519 520
f 589 519 590
f 591 520 521
f 590 520 591
f 592 521 522
f 591 521 592
f 593 522 523
f 592 522 593
f 594 523 524
f 593 523 594
f 595 524 525
f 594 524 595
f 596 525 526
f 595 525 596
f 597 526 527
f 596 526 597
f 598 527 528
f 597 527 598
f 599 528 529
f 598 528 599
f 600 529 530
f 599 529 600
f 601 530 531
f 600 530 601
f 602 531 532
f 601 531 602
f 603 532 533
f 602 532 603
f 604 533 534
f 603 533 604
f 605 534 535
f 604 534 605
f 606 535 536
f 605 535 606
f 607 536 537
f 606 536 607
f 608 537 538
f 607 537 608
f 609 538 539
f 608 538 609
f 610 539 540
f 609 539 610
f 611 540 541
f 610 540 611
f 612 541 542
f 611 541 612
f 613 542 543
f 612 542 613
f 614 543 544
f 613 543 614
f 615 544 545
f 614 544 615
f 616 545 546
f 615 545 616
f 617 546 547
f 616 546 617
f 618 547 548
f 617 547 618
f 619 548 549
f 618 548 619
f 620 549 550
f 619 549 620
f 621 550 551
f 620 550 621
f 622 551 552
f 621 551 622
f 623 552 553
f 622 552 623
f 624 553 554
f 623 553 624
f 625 554 555
f 624 554 625
f 626 555 556
f 625 555 626
f 627 556 557
f 626 556 627
f 557 558 628
f 557 628 627
f 560 559 629
f 560 629 630
f 631 559 561
f 629 559 631
f 632 561 562
f 631 561 632
f 633 562 563
f 632 562 633
f 634 563 564
f 633 563 634
f 635 564 565
f 634 564 635
f 636 565 566
f 635 565 636
f 637 566 567
f 636 566 637
f 638 567 568
f 637 567 638
f 639 568 569
f 638 568 639
f 640 569 570
f 639 569 640
f 641 570 571
f 640 570 641
f 642 571 572
f 641 571 642
f 643 572 573
f 642 572 643
f 644 573 574
f 643 573 644
f 645 574 575
f 644 574 645
f 646 575 576
f 645 575 646
f 647 576 577
f 646 576 647
f 648 577 578
f 647 577 648
f 649 578 579
f 648 578 649
f 650 579 580
f 649 579 650
f 651 580 581
f 650 580 651
f 652 581 582
f 651 581 652
f 653 582 583
f 652 582 653
f 654 583 584
f 653 583 654
f 655 584 585
f 654 584 655
f 656 585 586
f 655 585 656
f 657 586 587
f 656 586 657
f 658 587 588
f 657 587 658
f 659 588 589
f 658 588 659
f 660 589 590
f 659 589 660
f 661 590 591
f 660 590 661
f 662 591 592
f 661 591 662
f 663 592 593
f 662 592 663
f 664 593 594
f 663 593 664
f 665 594 595
f 664 594 665
f 666 595 596
f 665 595 666
f 667 596 597
f 666 596 667
f 668 597 598
f 667 597 668
f 669 598 599
f 668 598 669
f 670 599 600
f 669 599 670
f 671 600 601
f 670 600 671
f 672 601 602
f 671 601 672
f 673 602 603
f 672 602 673
f 674 603 604
f 673 603 674
f 675 604 605
f 674 604 675
f 676 605 606
f 675 605 676
f 677 606 607
f 676 606 677
f 678 607 608
f 677 607 678
f 679 608 609
f 678 608 679
f 680 609 610
f 679 609 680
f 681 610 611
f 680 610 681
f 682 611 612
f 681 611 682
f 683 612 613
f 682 612 683
f 684 613 614
f 683 613 684
f 685 614 615
f 684 614 685
f 686 615 616
f 685 615 686
f 687 616 617
f 686 616 687
f 688 617 618
f 687 617 688
f 689 618 619
f 688 618 689
f 690 619 620
f 689 619 690
f 691 620 621
f 690 620 691
f 692 621 622
f 691 621 692
f 693 622 623
f 692 622 693
f 694 623 624
f 693 623 694
f 695 624 625
f 694 624 695
f 696 625 626
f 695 625 696
f 697 626 627
f 696 626 697
f 627 628 698
f 627 698 697
f 630 629 699
f 630 699 700
f 701 629 631
f 699 629 701
f 702 631 632
f 701 631 702
f 703 632 633
f 702 632 703
f 704 633 634
f 703 633 704
f 705 634 635
f 704 634 705
f 706 635 636
f 705 635 706
f 707 636 637
f 706 636 707
f 708 637 638
f 707 637 708
f 709 638 639
f 708 638 709
f 710 639 640
f 709 639 710
f 711 640 641
f 710 640 711
f 712 641 642
f 711 641 712
f 713 642 643
f 712 642 713
f 714 643 644
f 713 643 714
f 715 644 645
f 714 644 715
f 716 645 646
f 715 645 716
f 717 646 647
f 716 646 717
f 718 647 648
f 717 647 718
f 719 648 649
f 718 648 719
f 720 649 650
f 719 649 720
f 721 650 651
f 720 650 721
f 722 651 652
f 721 651 722
f 723 652 653
f 722 652 723
f 724 653 654
f 723 653 724
f 725 654 655
f 724 654 725
f 726 655 656
f 725 655 726
f 727 656 657
f 726 656 727
f 728 657 658
f 727 657 728
f 729 658 659
f 728 658 729
f 730 659 660
f 729 659 730
f 731 660 661
f 730 660 731
f 732 661 662
f 731 661 732
f 733 662 663
f 732 662 733
f 734 663 664
f 733 663 734
f 735 664 665
f 734 664 735
f 736 665 666
f 735 665 736
f 737 666 667
f 736 666 737
f 738 667 668
f 737 667 738
f 739 668 669
f 738 668 739
f 740 669 670
f 739 669 740
f 741 670 671
f 740 670 741
f 742 671 672
f 741 671 742
f 743 672 673
f 742 672 743
f 744 673 674
f 743 673 744
f 745 674 675
f 744 674 745
f 746 675 676
f 745 675 746
f 747 676 677
f 746 676 747
f 748 677 678
f 747 677 748
f 749 678 679
f 748 678 749
f 750 679 680
f 749 679 750
f 751 680 681
f 750 680 751
f 752 681 682
f 751 681 752
f 753 682 683
f 752 682 753
f 754 683 684
f 753 683 754
f 755 684 685
f 754 684 755
f 756 685 686
f 755 685 756
f 757 686 687
f 756 686 757
f 758 687 688
f 757 687 758
f 759 688 689
f 758 688 759
f 760 689 690
f 759 689 760
f 761 690 691
f 760 690 761
f 762 691 692
f 761 691 762
f 763 692 693
f 762 692 763
f 764 693 694
f 763 693 764
f 765 694 695
f 764 694 765
f 766 695 696
f 765 695 766
f 767 696 697
f 766 696 767
f 697 698 768
f 697 768 767
f 700 699 769
f 700 769 770
f 771 699 701
f 769 699 771
f 772 701 702
f 771 701 772
f 773 702 703
f 772 702 773
f 774 703 704
f 773 703 774
f 775 704 705
f 774 704 775
f 776 705 706
f 775 705 776
f 777 706 707
f 776 706 777
f 778 707 708
f 777 707 778
f 779 708 709
f 778 708 779
f 780 709 710
f 779 709 780
f 781 710 711
f 780 710 781
f 782 711 712
f 781 711 782
f 783 712 713
f 782 712 783
f 784 713 714
f 783 713 784
f 785 714 715
f 784 714 785
f 786 715 716
f 785 715 786
f 787 716 717
f 786 716 787
f 788 717 718
f 787 717 788
f 789 718 719
f 788 718 789
f 790 719 720
f 789 719 790
f 791 720 721
f 790 720 791
f 792 721 722
f 791 721 792
f 793 722 723
f 792 722 793
f 794 723 724
f 793 723 794
f 795 724 725
f 794 724 795
f 796 725 726
f 795 725 796
f 797 726 727
f 796 726 797
f 798 727 728
f 797 727 798
f 799 728 729
f 798 728 799
f 800 729 730
f 799 729 800
f 801 730 731
f 800 730 801
f 802 731 732
f 801 731 802
f 803 732 733
f 802 732 803
f 804 733 734
f 803 733 804
f 805 734 735
f 804 734 805
f 806 735 736
f 805 735 806
f 807 736 737
f 806 736 807
f 808 737 738
f 807 737 808
f 809 738 739
f 808 738 809
f 810 739 740
f 809 739 810
f 811 740 741
f 810 740 811
f 812 741 742
f 811 741 812
f 813 742 743
f 812 742 813
f 814 743 744
f 813 743 814
f 815 744 745
f 814 744 815
f 816 745 746
f 815 745 816
f 817 746 747
f 816 746 817
f 818 747 748
f 817 747 818
f 819 748 749
f 818 748 819
f 820 749 750
f 819 749 820
f 821 750 751
f 820 750 821
f 822 751 752
f 821 751 822
f 823 752 753
f 822 752 823
f 824 753 754
f 823 753 824
f 825 754 755
f 824 754 825
f 826 755 756
f 825 755 826
f 827 756 757
f 826 756 827
f 828 757 758
f 827 757 828
f 829 758 759
f 828 758 829
f 830 759 760
f 829 759 830
f 831 760 761
f 830 760 831
f 832 761 762
f 831 761 832
f 833 762 763
f 832 762 833
f 834 763 764
f 833 763 834
f 835 764 765
f 834 764 835
f 836 765 766
f 835 765 836
f 837 766 767
f 836 766 837
f 767 768 838
f 767 838 837
f 770 769 839
f 770 839 840
f 841 769 771
f 839 769 841
f 842 771 772
f 841 771 842
f 843 772 773
f 842 772 843
f 844 773 774
f 843 773 844
f 845 774 775
f 844 774 845
f 846 775 776
f 845 775 846
f 847 776 777
f 846 776 847
f 848 777 778
f 847 777 848
f 849 778 779
f 848 778 849
f 850 779 780
f 849 779 850
f 851 780 781
f 850 780 851
f 852 781 782
f 851 781 852
f 853 782 783
f 852 782 853
f 854 783 784
f 853 783 854
f 855 784 785
f 854 784 855
f 856 785 786
f 855 785 856
f 857 786 787
f 856 786 857
f 858 787 788
f 857 787 858
f 859 788 789
f 858 788 859
f 860 789 790
f 859 789 860
f 861 790 791
f 860 790 861
f 862 791 792
f 861 791 862
f 863 792 793
f 862 792 863
f 864 793 794
f 863 793 864
f 865 794 795
f 864 794 865
f 866 795 796
f 865 795 866
f 867 796 797
f 866 796 867
f 868 797 798
f 867 797 868
f 869 798 799
f 868 798 869
f 870 799 800
f 869 799 870
f 871 800 801
f 870 800 871
f 872 801 802
f 871 801 872
f 873 802 803
f 872 802 873
f 874 803 804
f 873 803 874
f 875 804 805
f 874 804 875
f 876 805 806
f 875 805 876
f 877 806 807
f 876 806 877
f 878 807 808
f 877 807 878
f 879 808 809
f 878 808 879
f 880 809 810
f 879 809 880
f 881 810 811
f 880 810 881
f 882 811 812
f 881 811 882
f 883 812 813
f 882 812 883
f 884 813 814
f 883 813 884
f 885 814 815
f 884 814 885
f 886 815 816
f 885 815 886
f 887 816 817
f 886 816 887
f 888 817 818
f 887 817 888
f 889 818 819
f 888 818 889
f 890 819 820
f 889 819 890
f 891 820 821
f 890 820 891
f 892 821 822
f 891 821 892
f 893 822 823
f 892 822 893
f 894 823 824
f 893 823 894
f 895 824 825
f 894 824 895
f 896 825 826
f 895 825 896
f 897 826 827
f 896 826 897
f 898 827 828
f 897 827 898
f 899 828 829
f 898 828 899
f 900 829 830
f 899 829 900
f 901 830 831
f 900 830 901
f 902 831 832
f 901 831 902
f 903 832 833
f 902 832 903
f 904 833 834
f 903 833 904
f 905 834 835
f 904 834 905
f 906 835 836
f 905 835 906
f 907 836 837
f 906 836 907
f 837 838 908
f 837 908 907
f 840 839 909
f 840 909 910
f 911 839 841
f 909 839 911
f 912 841 842
f 911 841 912
f 913 842 843
f 912 842 913
f 914 843 844
f 913 843 914
f 915 844 845
f 914 844 915
f 916 845 846
f 915 845 916
f 917 846 847
f 916 846 917
f 918 847 848
f 917 847 918
f 919 848 849
f 918 848 919
f 920 849 850
f 919 849 920
f 921 850 851
f 920 850 921
f 922 851 852
f 921 851 922
f 923 852 853
f 922 852 923
f 924 853 854
f 923 853 924
f 925 854 855
f 924 854 925
f 926 855 856
f 925 855 926
f 927 856 857
f 926 856 927
f 928 857 858
f 927 857 928
f 929 858 859
f 928 858 929
f 930 859 860
f 929 859 930
f 931 860 861
f 930 860 931
f 932 861 862
f 931 861 932
f 933 862 863
f 932 862 933
f 934 863 864
f 933 863 934
f 935 864 865
f 934 864 935
f 936 865 866
f 935 865 936
f 937 866 867
f 936 866 937
f 938 867 868
f 937 867 938
f 939 868 869
f 938 868 939
f 940 869 870
f 939 869 940
f 941 870 871
f 940 870 941
f 942 871 872
f 941 871 942
f 943 872 873
f 942 872 943
f 944 873 874
f 943 873 944
f 945 874 875
f 944 874 945
f 946 875 876
f 945 875 946
f 947 876 877
f 946 876 947
f 948 877 878
f 947 877 948
f 949 878 879
f 948 878 949
f 950 879 880
f 949 879 950
f 951 880 881
f 950 880 951
f 952 881 882
f 951 881 952
f 953 882 883
f 952 882 953
f 954 883 884
f 953 883 954
f 955 884 885
f 954 884 955
f 956 885 886
f 955 885 956
f 957 886 887
f 956 886 957
f 958 887 888
f 957 887 958
f 959 888 889
f 958 888 959
f 960 889 890
f 959 889 960
f 961 890 891
f 960 890 961
f 962 891 892
f 961 891 962
f 963 892 893
f 962 892 963
f 964 893 894
f 963 893 964
f 965 894 895
f 964 894 965
f 966 895 896
f 965 895 966
f 967 896 897
f 966 896 967
f 968 897 898
f 967 897 968
f 969 898 899
f 968 898 969
f 970 899 900
f 969 899 970
f 971 900 901
f 970 900 971
f 972 901 902
f 971 901 972
f 973 902 903
f 972 902 973
f 974 903 904
f 973 903 974
f 975 904 905
f 974 904 975
f 976 905 906
f 975 905 976
f 977 906 907
f 976 906 977
f 907 908 978
f 907 978 977
f 910 909 979
f 910 979 980
f 981 909 911
f 979 909 981
f 982 911 912
f 981 911 982
f 983 912 913
f 982 912 983
f 984 913 914
f 983 913 984
f 985 914 915
f 984 914 985
f 986 915 916
f 985 915 986
f 987 916 917
f 986 916 987
f 988 917 918
f 987 917 988
f 989 918 919
f 988 918 989
f 990 919 920
f 989 919 990
f 991 920 921
f 990 920 991
f 992 921 922
f 991 921 992
f 993 922 923
f 992 922 993
f 994 923 924
f 993 923 994
f 995 924 925
f 994 924 995
f 996 925 926
f 995 925 996
f 997 926 927
f 996 926 997
f 998 927 928
f 997 927 998
f 999 928 929
f 998 928 999
f 1000 929 930
f 999 929 1000
f 1001 930 931
f 1000 930 1001
f 1002 931 932
f 1001 931 1002
f 1003 932 933
f 1002 932 1003
f 1004 933 934
f 1003 933 1004
f 1005 934 935
f 1004 934 1005
f 1006 935 936
f 1005 935 1006
f 1007 936 937
f 1006 936 1007
f 1008 937 938
f 1007 937 1008
f 1009 938 939
f 1008 938 1009
f 1010 939 940
f 1009 939 1010
f 1011 940 941
f 1010 940 1011
f 1012 941 942
f 1011 941 1012
f 1013 942 943
f 1012 942 1013
f 1014 943 944
f 1013 943 1014
f 1015 944 945
f 1014 944 1015
f 1016 945 946
f 1015 945 1016
f 1017 946 947
f 1016 946 1017
f 1018 947 948
f 1017 947 1018
f 1019 948 949
f 1018 948 1019
f 1020 949 950
f 1019 949 1020
f 1021 950 951
f 1020 950 1021
f 1022 951 952
f 1021 951 1022
f 1023 952 953
f 1022 952 1023
f 1024 953 954
f 1023 953 1024
f 1025 954 955
f 1024 954 1025
f 1026 955 956
f 1025 955 1026
f 1027 956 957
f 1026 956 1027
f 1028 957 958
f 1027 957 1028
f 1029 958 959
f 1028 958 1029
f 1030 959 960
f 1029 959 1030
f 1031 960 961
f 1030 960 1031
f 1032 961 962
f 1031 961 1032
f 1033 962 963
f 1032 962 1033
f 1034 963 964
f 1033 963 1034
f 1035 964 965
f 1034 964 1035
f 1036 965 966
f 1035 965 1036
f 1037 966 967
f 1036 966 1037
f 1038 967 968
f 1037 967 1038
f 1039 968 969
f 1038 968 1039
f 1040 969 970
f 1039 969 1040
f 1041 970 971
f 1040 970 1041
f 1042 971 972
f 1041 971 1042
f 1043 972 973
f 1042 972 1043
f 1044 973 974
f 1043 973 1044
f 1045 974 975
f 1044 974 1045
f 1046 975 976
f 1045 975 1046
f 1047 976 977
f 1046 976 1047
f 977 978 1048
f 977 1048 1047
f 980 979 1049
f 980 1049 1050
f 1051 979 981
f 1049 979 1051
f 1052 981 982
f 1051 981 1052
f 1053 982 983
f 1052 982 1053
f 1054 983 984
f 1053 983 1054
f 1055 984 985
f 1054 984 1055
f 1056 985 986
f 1055 985 1056
f 1057 986 987
f 1056 986 1057
f 1058 987 988
f 1057 987 1058
f 1059 988 989
f 1058 988 1059
f 1060 989 990
f 1059 989 1060
f 1061 990 991
f 1060 990 1061
f 1062 991 992
f 1061 991 1062
f 1063 992 993
f 1062 992 1063
f 1064 993 994
f 1063 993 1064
f 1065 994 995
f 1064 994 1065
f 1066 995 996
f 1065 995 1066
f 1067 996 997
f 1066 996 1067
f 1068 997 998
f 1067 997 1068
f 1069 998 999
f 1068 998 1069
f 1070 999 1000
f 1069 999 1070
f 1071 1000 1001
f 1070 1000 1071
f 1072 1001 1002
f 1071 1001 1072
f 1073 1002 1003
f 1072 1002 1073
f 1074 1003 1004
f 1073 1003 1074
f 1075 1004 1005
f 1074 1004 1075
f 1076 1005 1006
f 1075 1005 1076
f 1077 1006 1007
f 1076 1006 1077
f 1078 1007 1008
f 1077 1007 1078
f 1079 1008 1009
f 1078 1008 1079
f 1080 1009 1010
f 1079 1009 1080
f 1081 1010 1011
f 1080 1010 1081
f 1082 1011 1012
f 1081 1011 1082
f 1083 1012 1013
f 1082 1012 1083
f 1084 1013 1014
f 1083 1013 1084
f 1085 1014 1015
f 1084 1014 1085
f 1086 1015 1016
f 1085 1015 1086
f 1087 1016 1017
f 1086 1016 1087
f 1088 1017 1018
f 1087 1017 1088
f 1089 1018 1019
f 1088 1018 1089
f 1090 1019 1020
f 1089 1019 1090
f 1091 1020 1021
f 1090 1020 1091
f 1092 1021 1022
f 1091 1021 1092
f 1093 1022 1023
f 1092 1022 1093
f 1094 1023 1024
f 1093 1023 1094
f 1095 1024 1025
f 1094 1024 1095
f 1096 1025 1026
f 1095 1025 1096
f 1097 1026 1027
f 1096 1026 1097
f 1098 1027 1028
f 1097 1027 1098
f 1099 1028 1029
f 1098 1028 1099
f 1100 1029 1030
f 1099 1029 1100
f 1101 1030 1031
f 1100 1030 1101
f 1102 1031 1032
f 1101 1031 1102
f 1103 1032 1033
f 1102 1032 1103
f 1104 1033 1034
f 1103 1033 1104
f 1105 1034 1035
f 1104 1034 1105
f 1106 1035 1036
f 1105 1035 1106
f 1107 1036 1037
f 1106 1036 1107
f 1108 1037 1038
f 1107 1037 1108
f 1109 1038 1039
f 1108 1038 1109
f 1110 1039 1040
f 1109 1039 1110
f 1111 1040 1041
f 1110 1040 1111
f 1112 1041 1042
f 1111 1041 1112
f 1113 1042 1043
f 1112 1042 1113
f 1114 1043 1044
f 1113 1043 1114
f 1115 1044 1045
f 1114 1044 1115
f 1116 1045 1046
f 1115 1045 1116
f 1117 1046 1047
f 1116 1046 1117
f 1047 1048 1118
f 1047 1118 1117
f 1050 1049 1119
f 1050 1119 1120
f 1121 1049 1051
f 1119 1049 1121
f 1122 1051 1052
f 1121 1051 1122
f 1123 1052 1053
f 1122 1052 1123
f 1124 1053 1054
f 1123 1053 1124
f 1125 1054 1055
f 1124 1054 1125
f 1126 1055 1056
f 1125 1055 1126
f 1127 1056 1057
f 1126 1056 1127
f 1128 1057 1058
f 1127 1057 1128
f 1129 1058 1059
f 1128 1058 1129
f 1130 1059 1060
f 1129 1059 1130
f 1131 1060 1061
f 1130 1060 1131
f 1132 1061 1062
f 1131 1061 1132
f 1133 1062 1063
f 1132 1062 1133
f 1134 1063 1064
f 1133 1063 1134
f 1135 1064 1065
f 1134 1064 1135
f 1136 1065 1066
f 1135 1065 1136
f 1137 1066 1067
f 1136 1066 1137
f 1138 1067 1068
f 1137 1067 1138
f 1139 1068 1069
f 1138 1068 1139
f 1140 1069 1070
f 1139 1069 1140
f 1141 1070 1071
f 1140 1070 1141
f 1142 1071 1072
f 1141 1071 1142
f 1143 1072 1073
f 1142 1072 1143
f 1074 1145 1144
f 1143 1074 1144
f 1073 1074 1143
f 1145 1074 1075
f 1145 1075 1146
f 1146 1075 1076
f 1146 1076 1147
f 1147 1076 1077
f 1147 1077 1148
f 1148 1077 1078
f 1148 1078 1149
f 1149 1078 1079
f 1149 1079 1150
f 1150 1079 1080
f 1150 1080 1151
f 1151 1080 1081
f 1151 1081 1152
f 1152 1081 1082
f 1152 1082 1153
f 1153 1082 1083
f 1153 1083 1154
f 1154 1083 1084
f 1154 1084 1155
f 1155 1084 1085
f 1155 1085 1156
f 1156 1085 1086
f 1156 1086 1157
f 1157 1086 1087
f 1157 1087 1158
f 1158 1087 1088
f 1158 1088 1159
f 1159 1088 1089
f 1159 1089 1160
f 1160 1089 1090
f 1160 1090 1161
f 1161 1090 1091
f 1161 1091 1162
f 1162 1091 1092
f 1162 1092 1163
f 1163 1092 1093
f 1163 1093 1164
f 1164 1093 1094
f 1164 1094 1165
f 1165 1094 1095
f 1165 1095 1166
f 1166 1095 1096
f 1166 1096 1167
f 1167 1096 1097
f 1167 1097 1168
f 1168 1097 1098
f 1168 1098 1169
f 1169 1098 1099
f 1169 1099 1170
f 1170 1099 1100
f 1170 1100 1171
f 1171 1100 1101
f 1171 1101 1172
f 1172 1101 1102
f 1172 1102 1173
f 1173 1102 1103
f 1173 1103 1174
f 1174 1103 1104
f 1174 1104 1175
f 1175 1104 1105
f 1175 1105 1176
f 1176 1105 1106
f 1176 1106 1177
f 1177 1106 1107
f 1177 1107 1178
f 1178 1107 1108
f 1178 1108 1179
f 1179 1108 1109
f 1179 1109 1180
f 1180 1109 1110
f 1180 1110 1181
f 1181 1110 1111
f 1181 1111 1182
f 1182 1111 1112
f 1182 1112 1183
f 1183 1112 1113
f 1183 1113 1184
f 1184 1113 1114
f 1184 1114 1185
f 1185 1114 1115
f 1185 1115 1186
f 1186 1115 1116
f 1186 1116 1187
f 1187 1116 1117
f 1187 1117 1188
f 1188 1117 1118
f 1120 1119 1189
f 1120 1189 1190
f 1191 1119 1121
f 1189 1119 1191
f 1192 1121 1122
f 1191 1121 1192
f 1193 1122 1123
f 1192 1122 1193
f 1194 1123 1124
f 1193 1123 1194
f 1195 1124 1125
f 1194 1124 1195
f 1196 1125 1126
f 1195 1125 1196
f 1197 1126 1127
f 1196 1126 1197
f 1198 1127 1128
f 1197 1127 1198
f 1199 1128 1129
f 1198 1128 1199
f 1200 1129 1130
f 1199 1129 1200
f 1201 1130 1131
f 1200 1130 1201
f 1202 1131 1132
f 1201 1131 1202
f 1203 1132 1133
f 1202 1132 1203
f 1204 1133 1134
f 1203 1133 1204
f 1205 1134 1135
f 1204 1134 1205
f 1206 1135 1136
f 1205 1135 1206
f 1207 1136 1137
f 1206 1136 1207
f 1208 1137 1138
f 1207 1137 1208
f 1209 1138 1139
f 1208 1138 1209
f 1210 1139 1140
f 1209 1139 1210
f 1141 1212 1211
f 1210 1141 1211
f 1140 1141 1210
f 1212 1141 1142
f 1212 1142 1213
f 1213 1142 1143
f 1213 1143 1214
f 1214 1143 1144
f 1190 1189 1215
f 1190 1215 1216
f 1217 1189 1191
f 1215 1189 1217
f 1218 1191 1192
f 1217 1191 1218
f 1219 1192 1193
f 1218 1192 1219
f 1220 1193 1194
f 1219 1193 1220
f 1221 1194 1195
f 1220 1194 1221
f 1222 1195 1196
f 1221 1195 1222
f 1223 1196 1197
f 1222 1196 1223
f 1224 1197 1198
f 1223 1197 1224
f 1225 1198 1199
f 1224 1198 1225
f 1226 1199 1200
f 1225 1199 1226
f 1227 1200 1201
f 1226 1200 1227
f 1228 1201 1202
f 1227 1201 1228
f 1229 1202 1203
f 1228 1202 1229
f 1230 1203 1204
f 1229 1203 1230
f 1231 1204 1205
f 1230 1204 1231
f 1232 1205 1206
f 1231 1205 1232
f 1233 1206 1207
f 1232 1206 1233
f 1234 1207 1208
f 1233 1207 1234
f 1235 1208 1209
f 1234 1208 1235
f 1210 1237 1236
f 1235 1210 1236
f 1209 1210 1235
f 1237 1210 1211
f 1216 1215 1238
f 1216 1238 1239
f 1240 1215 1217
f 1238 1215 1240
f 1241 1217 1218
f 1240 1217 1241
f 1242 1218 1219
f 1241 1218 1242
f 1243 1219 1220
f 1242 1219 1243
f 1244 1220 1221
f 1243 1220 1244
f 1245 1221 1222
f 1244 1221 1245
f 1246 1222 1223
f 1245 1222 1246
f 1247 1223 1224
f 1246 1223 1247
f 1248 1224 1225
f 1247 1224 1248
f 1249 1225 1226
f 1248 1225 1249
f 1250 1226 1227
f 1249 1226 1250
f 1251 1227 1228
f 1250 1227 1251
f 1252 1228 1229
f 1251 1228 1252
f 1253 1229 1230
f 1252 1229 1253
f 1254 1230 1231
f 1253 1230 1254
f 1255 1231 1232
f 1254 1231 1255
f 1256 1232 1233
f 1255 1232 1256
f 1234 1258 1257
f 1256 1234 1257
f 1233 1234 1256
f 1258 1234 1235
f 1258 1235 1259
f 1259 1235 1236
f 1260 1239 1238
f 1262 1261 1260
f 1238 1262 1260
f 1240 1262 1238
f 1263 1240 1241
f 1262 1240 1263
f 1264 1241 1242
f 1263 1241 1264
f 1265 1242 1243
f 1264 1242 1265
f 1266 1243 1244
f 1265 1243 1266
f 1267 1244 1245
f 1266 1244 1267
f 1268 1245 1246
f 1267 1245 1268
f 1269 1246 1247
f 1268 1246 1269
f 1270 1247 1248
f 1269 1247 1270
f 1271 1248 1249
f 1270 1248 1271
f 1272 1249 1250
f 1271 1249 1272
f 1273 1250 1251
f 1272 1250 1273
f 1274 1251 1252
f 1273 1251 1274
f 1275 1252 1253
f 1274 1252 1275
f 1276 1253 1254
f 1275 1253 1276
f 1277 1254 1255
f 1276 1254 1277
f 1256 1279 1278
f 1277 1256 1278
f 1255 1256 1277
f 1279 1256 1257
f 1261 1262 1280
f 1261 1280 1281
f 1282 1262 1263
f 1280 1262 1282
f 1283 1263 1264
f 1282 1263 1283
f 1284 1264 1265
f 1283 1264 1284
f 1285 1265 1266
f 1284 1265 1285
f 1286 1266 1267
f 1285 1266 1286
f 1287 1267 1268
f 1286 1267 1287
f 1288 1268 1269
f 1287 1268 1288
f 1289 1269 1270
f 1288 1269 1289
f 1290 1270 1271
f 1289 1270 1290
f 1291 1271 1272
f 1290 1271 1291
f 1292 1272 1273
f 1291 1272 1292
f 1293 1273 1274
f 1292 1273 1293
f 1294 1274 1275
f 1293 1274 1294
f 1276 1296 1295
f 1294 1276 1295
f 1275 1276 1294
f 1296 1276 1277
f 1296 1277 1297
f 1297 1277 1278
f 1281 1280 1298
f 1281 1298 1299
f 1300 1280 1282
f 1298 1280 1300
f 1301 1282 1283
f 1300 1282 1301
f 1302 1283 1284
f 1301 1283 1302
f 1303 1284 1285
f 1302 1284 1303
f 1304 1285 1286
f 1303 1285 1304
f 1305 1286 1287
f 1304 1286 1305
f 1306 1287 1288
f 1305 1287 1306
f 1307 1288 1289
f 1306 1288 1307
f 1308 1289 1290
f 1307 1289 1308
f 1309 1290 1291
f 1308 1290 1309
f 1310 1291 1292
f 1309 1291 1310
f 1311 1292 1293
f 1310 1292 1311
f 1294 1313 1312
f 1311 1294 1312
f 1293 1294 1311
f 1313 1294 1295
f 1314 1299 1298
f 1314 1298 1300
f 1314 1300 1315
f 1315 1300 1301
f 1315 1301 1316
f 1318 1317 1316
f 1301 1318 1316
f 1302 1318 1301
f 1319 1302 1303
f 1318 1302 1319
f 1320 1303 1304
f 1319 1303 1320
f 1321 1304 1305
f 1320 1304 1321
f 1322 1305 1306
f 1321 1305 1322
f 1323 1306 1307
f 1322 1306 1323
f 1324 1307 1308
f 1323 1307 1324
f 1325 1308 1309
f 1324 1308 1325
f 1326 1309 1310
f 1325 1309 1326
f 1311 1328 1327
f 1326 1311 1327
f 1310 1311 1326
f 1328 1311 1312
f 1329 1317 1318
f 1329 1318 1319
f 1329 1319 1330
f 1332 1331 1330
f 1319 1332 1330
f 1320 1332 1319
f 1333 1320 1321
f 1332 1320 1333
f 1322 1335 1334
f 1333 1322 1334
f 1321 1322 1333
f 1335 1322 1323
f 1335 1323 1336
f 1336 1323 1324
f 1336 1324 1337
f 1337 1324 1325
f 1337 1325 1338
f 1338 1325 1326
f 1338 1326 1339
f 1339 1326 1327
f 1340 1331 1332
f 1340 1332 1333
f 1340 1333 1341
f 1341 1333 1334
f 1343 1342 2
f 1343 2 3
f 2 1344 5
f 1342 1344 2
f 5 1345 7
f 1344 1345 5
f 7 1346 9
f 1345 1346 7
f 9 1347 11
f 1346 1347 9
f 11 1348 13
f 1347 1348 11
f 13 1349 15
f 1348 1349 13
f 15 1350 17
f 1349 1350 15
f 17 1351 19
f 1350 1351 17
f 19 1352 21
f 1351 1352 19
f 21 1353 23
f 1352 1353 21
f 23 1354 25
f 1353 1354 23
f 25 1355 27
f 1354 1355 25
f 27 1356 29
f 1355 1356 27
f 29 1357 31
f 1356 1357 29
f 31 1358 33
f 1357 1358 31
f 33 1359 35
f 1358 1359 33
f 35 1360 37
f 1359 1360 35
f 37 1361 39
f 1360 1361 37
f 39 1362 41
f 1361 1362 39
f 41 1363 43
f 1362 1363 41
f 43 1364 45
f 1363 1364 43
f 45 1365 47
f 1364 1365 45
f 47 1366 49
f 1365 1366 47
f 49 1367 51
f 1366 1367 49
f 51 1368 53
f 1367 1368 51
f 53 1369 55
f 1368 1369 53
f 55 1370 57
f 1369 1370 55
f 57 1371 59
f 1370 1371 57
f 59 1372 61
f 1371 1372 59
f 61 1373 63
f 1372 1373 61
f 63 1374 65
f 1373 1374 63
f 65 1375 67
f 1374 1375 65
f 67 1376 69
f 1375 1376 67
f 69 1377 71
f 1376 1377 69
f 71 1378 73
f 1377 1378 71
f 73 1379 75
f 1378 1379 73
f 75 1380 77
f 1379 1380 75
f 77 1381 79
f 1380 1381 77
f 79 1382 81
f 1381 1382 79
f 81 1383 83
f 1382 1383 81
f 83 1384 85
f 1383 1384 83
f 85 1385 87
f 1384 1385 85
f 87 1386 89
f 1385 1386 87
f 89 1387 91
f 1386 1387 89
f 91 1388 93
f 1387 1388 91
f 93 1389 95
f 1388 1389 93
f 95 1390 97
f 1389 1390 95
f 97 1391 99
f 1390 1391 97
f 99 1392 101
f 1391 1392 99
f 101 1393 103
f 1392 1393 101
f 103 1394 105
f 1393 1394 103
f 105 1395 107
f 1394 1395 105
f 107 1396 109
f 1395 1396 107
f 109 1397 111
f 1396 1397 109
f 111 1398 113
f 1397 1398 111
f 113 1399 115
f 1398 1399 113
f 115 1400 117
f 1399 1400 115
f 117 1401 119
f 1400 1401 117
f 119 1402 121
f 1401 1402 119
f 121 1403 123
f 1402 1403 121
f 123 1404 125
f 1403 1404 123
f 125 1405 127
f 1404 1405 125
f 127 1406 129
f 1405 1406 127
f 129 1407 131
f 1406 1407 129
f 131 1408 133
f 1407 1408 131
f 133 1409 135
f 1408 1409 133
f 135 1410 137
f 1409 1410 135
f 138 137 1410
f 138 1410 1411
f 140 1343 3
f 140 1412 1343
f 1411 208 138
f 1413 208 1411
f 210 1412 140
f 210 1414 1412
f 1413 278 208
f 1415 278 1413
f 280 1414 210
f 280 1416 1414
f 1415 348 278
f 1417 348 1415
f 350 1416 280
f 350 1418 1416
f 1417 418 348
f 1419 418 1417
f 420 1418 350
f 420 1420 1418
f 1419 488 418
f 1421 488 1419
f 490 1420 420
f 490 1422 1420
f 1421 558 488
f 1423 558 1421
f 560 1422 490
f 560 1424 1422
f 1423 628 558
f 1425 628 1423
f 630 1424 560
f 630 1426 1424
f 1425 698 628
f 1427 698 1425
f 700 1426 630
f 700 1428 1426
f 1427 768 698
f 1429 768 1427
f 770 1428 700
f 770 1430 1428
f 1429 838 768
f 1431 838 1429
f 840 1430 770
f 840 1432 1430
f 1431 908 838
f 1433 908 1431
f 910 1432 840
f 910 1434 1432
f 1433 978 908
f 1435 978 1433
f 980 1434 910
f 980 1436 1434
f 1435 1048 978
f 1437 1048 1435
f 1050 1436 980
f 1050 1438 1436
f 1437 1118 1048
f 1439 1118 1437
f 1120 1438 1050
f 1120 1440 1438
f 1441 1144 1145
f 1146 1442 1145
f 1145 1442 1441
f 1147 1443 1146
f 1146 1443 1442
f 1148 1444 1147
f 1147 1444 1443
f 1149 1445 1148
f 1148 1445 1444
f 1150 1446 1149
f 1149 1446 1445
f 1446 1150 1447
f 1150 1448 1447
f 1150 1151 1448
f 1449 1151 1152
f 1449 1448 1151
f 1450 1152 1153
f 1450 1449 1152
f 1451 1153 1154
f 1451 1450 1153
f 1452 1154 1155
f 1452 1451 1154
f 1453 1155 1156
f 1453 1452 1155
f 1454 1156 1157
f 1454 1453 1156
f 1455 1157 1158
f 1455 1454 1157
f 1456 1158 1159
f 1456 1455 1158
f 1457 1159 1160
f 1457 1456 1159
f 1458 1160 1161
f 1458 1457 1160
f 1459 1161 1162
f 1459 1458 1161
f 1460 1162 1163
f 1460 1459 1162
f 1461 1163 1164
f 1461 1460 1163
f 1462 1164 1165
f 1462 1461 1164
f 1463 1165 1166
f 1463 1462 1165
f 1464 1166 1167
f 1464 1463 1166
f 1465 1167 1168
f 1465 1464 1167
f 1466 1168 1169
f 1466 1465 1168
f 1467 1169 1170
f 1467 1466 1169
f 1468 1170 1171
f 1468 1467 1170
f 1469 1171 1172
f 1469 1468 1171
f 1470 1172 1173
f 1470 1469 1172
f 1471 1173 1174
f 1471 1470 1173
f 1472 1174 1175
f 1472 1471 1174
f 1473 1175 1176
f 1473 1472 1175
f 1474 1176 1177
f 1474 1473 1176
f 1475 1177 1178
f 1475 1474 1177
f 1476 1178 1179
f 1476 1475 1178
f 1477 1179 1180
f 1477 1476 1179
f 1478 1180 1181
f 1478 1477 1180
f 1479 1181 1182
f 1479 1478 1181
f 1480 1182 1183
f 1480 1479 1182
f 1481 1183 1184
f 1481 1480 1183
f 1482 1184 1185
f 1482 1481 1184
f 1483 1185 1186
f 1483 1482 1185
f 1484 1186 1187
f 1484 1483 1186
f 1485 1187 1188
f 1485 1484 1187
f 1188 1118 1439
f 1188 1439 1485
f 1190 1440 1120
f 1190 1486 1440
f 1487 1211 1212
f 1213 1488 1212
f 1212 1488 1487
f 1488 1213 1489
f 1213 1490 1489
f 1213 1214 1490
f 1214 1144 1441
f 1491 1214 1441
f 1490 1214 1491
f 1491 1441 1442
f 1491 1442 1492
f 1492 1442 1443
f 1492 1443 1493
f 1493 1443 1444
f 1493 1444 1494
f 1494 1444 1445
f 1494 1445 1495
f 1495 1445 1446
f 1495 1446 1496
f 1496 1446 1447
f 1216 1486 1190
f 1216 1497 1486
f 1498 1236 1237
f 1499 1498 1237
f 1499 1237 1211
f 1500 1499 1211
f 1487 1500 1211
f 1500 1487 1488
f 1500 1488 1501
f 1501 1488 1489
f 1239 1497 1216
f 1239 1502 1497
f 1503 1257 1258
f 1503 1258 1504
f 1258 1505 1504
f 1258 1259 1505
f 1259 1236 1498
f 1506 1259 1498
f 1505 1259 1506
f 1506 1498 1499
f 1507 1502 1239
f 1507 1239 1260
f 1260 1261 1507
f 1507 1261 1508
f 1509 1278 1279
f 1510 1509 1279
f 1510 1279 1257
f 1511 1510 1257
f 1503 1511 1257
f 1511 1503 1504
f 1281 1508 1261
f 1281 1512 1508
f 1513 1295 1296
f 1513 1296 1514
f 1296 1515 1514
f 1296 1297 1515
f 1297 1278 1509
f 1516 1297 1509
f 1515 1297 1516
f 1516 1509 1510
f 1299 1512 1281
f 1299 1517 1512
f 1518 1312 1313
f 1519 1518 1313
f 1519 1313 1295
f 1520 1519 1295
f 1513 1520 1295
f 1520 1513 1514
f 1521 1517 1299
f 1521 1299 1314
f 1522 1314 1315
f 1522 1521 1314
f 1524 1522 1523
f 1522 1316 1523
f 1522 1315 1316
f 1317 1523 1316
f 1526 1525 1328
f 1328 1525 1327
f 1328 1312 1518
f 1527 1328 1518
f 1526 1328 1527
f 1527 1518 1519
f 1528 1524 1523
f 1528 1523 1317
f 1329 1528 1317
f 1529 1528 1329
f 1531 1529 1530
f 1529 1330 1530
f 1529 1329 1330
f 1331 1530 1330
f 1532 1334 1335
f 1336 1533 1335
f 1335 1533 1532
f 1533 1336 1534
f 1336 1535 1534
f 1336 1337 1535
f 1536 1337 1338
f 1536 1535 1337
f 1537 1338 1339
f 1537 1536 1338
f 1339 1327 1525
f 1339 1525 1537
f 1538 1531 1530
f 1538 1530 1331
f 1340 1538 1331
f 1539 1538 1340
f 1540 1340 1341
f 1540 1539 1340
f 1341 1334 1532
f 1541 1341 1532
f 1540 1341 1541
f 1541 1532 1533
f 1541 1533 1542
f 1542 1533 1534
f 1544 1543 1342
f 1544 1342 1343
f 1342 1545 1344
f 1543 1545 1342
f 1344 1546 1345
f 1545 1546 1344
f 1345 1547 1346
f 1546 1547 1345
f 1346 1548 1347
f 1547 1548 1346
f 1347 1549 1348
f 1548 1549 1347
f 1348 1550 1349
f 1549 1550 1348
f 1349 1551 1350
f 1550 1551 1349
f 1350 1552 1351
f 1551 1552 1350
f 1351 1553 1352
f 1552 1553 1351
f 1352 1554 1353
f 1553 1554 1352
f 1353 1555 1354
f 1554 1555 1353
f 1354 1556 1355
f 1555 1556 1354
f 1355 1557 1356
f 1556 1557 1355
f 1356 1558 1357
f 1557 1558 1356
f 1357 1559 1358
f 1558 1559 1357
f 1358 1560 1359
f 1559 1560 1358
f 1359 1561 1360
f 1560 1561 1359
f 1360 1562 1361
f 1561 1562 1360
f 1361 1563 1362
f 1562 1563 1361
f 1362 1564 1363
f 1563 1564 1362
f 1363 1565 1364
f 1564 1565 1363
f 1364 1566 1365
f 1565 1566 1364
f 1365 1567 1366
f 1566 1567 1365
f 1366 1568 1367
f 1567 1568 1366
f 1367 1569 1368
f 1568 1569 1367
f 1368 1570 1369
f 1569 1570 1368
f 1369 1571 1370
f 1570 1571 1369
f 1370 1572 1371
f 1571 1572 1370
f 1371 1573 1372
f 1572 1573 1371
f 1372 1574 1373
f 1573 1574 1372
f 1373 1575 1374
f 1574 1575 1373
f 1374 1576 1375
f 1575 1576 1374
f 1375 1577 1376
f 1576 1577 1375
f 1376 1578 1377
f 1577 1578 1376
f 1377 1579 1378
f 1578 1579 1377
f 1378 1580 1379
f 1579 1580 1378
f 1379 1581 1380
f 1580 1581 1379
f 1380 1582 1381
f 1581 1582 1380
f 1381 1583 1382
f 1582 1583 1381
f 1382 1584 1383
f 1583 1584 1382
f 1383 1585 1384
f 1584 1585 1383
f 1384 1586 1385
f 1585 1586 1384
f 1385 1587 1386
f 1586 1587 1385
f 1386 1588 1387
f 1587 1588 1386
f 1387 1589 1388
f 1588 1589 1387
f 1388 1590 1389
f 1589 1590 1388
f 1389 1591 1390
f 1590 1591 1389
f 1390 1592 1391
f 1591 1592 1390
f 1391 1593 1392
f 1592 1593 1391
f 1392 1594 1393
f 1593 1594 1392
f 1393 1595 1394
f 1594 1595 1393
f 1394 1596 1395
f 1595 1596 1394
f 1395 1597 1396
f 1596 1597 1395
f 1396 1598 1397
f 1597 1598 1396
f 1397 1599 1398
f 1598 1599 1397
f 1398 1600 1399
f 1599 1600 1398
f 1399 1601 1400
f 1600 1601 1399
f 1400 1602 1401
f 1601 1602 1400
f 1401 1603 1402
f 1602 1603 1401
f 1402 1604 1403
f 1603 1604 1402
f 1403 1605 1404
f 1604 1605 1403
f 1404 1606 1405
f 1605 1606 1404
f 1405 1607 1406
f 1606 1607 1405
f 1406 1608 1407
f 1607 1608 1406
f 1407 1609 1408
f 1608 1609 1407
f 1408 1610 1409
f 1609 1610 1408
f 1409 1611 1410
f 1610 1611 1409
f 1411 1410 1611
f 1411 1611 1612
f 1412 1544 1343
f 1412 1613 1544
f 1612 1413 1411
f 1614 1413 1612
f 1414 1613 1412
f 1414 1615 1613
f 1614 1415 1413
f 1616 1415 1614
f 1416 1615 1414
f 1416 1617 1615
f 1616 1417 1415
f 1618 1417 1616
f 1418 1617 1416
f 1418 1619 1617
f 1618 1419 1417
f 1620 1419 1618
f 1420 1619 1418
f 1420 1621 1619
f 1620 1421 1419
f 1622 1421 1620
f 1422 1621 1420
f 1422 1623 1621
f 1622 1423 1421
f 1624 1423 1622
f 1424 1623 1422
f 1424 1625 1623
f 1624 1425 1423
f 1626 1425 1624
f 1426 1625 1424
f 1426 1627 1625
f 1626 1427 1425
f 1628 1427 1626
f 1428 1627 1426
f 1428 1629 1627
f 1628 1429 1427
f 1630 1429 1628
f 1430 1629 1428
f 1430 1631 1629
f 1630 1431 1429
f 1632 1431 1630
f 1432 1631 1430
f 1432 1633 1631
f 1632 1433 1431
f 1634 1433 1632
f 1434 1633 1432
f 1434 1635 1633
f 1634 1435 1433
f 1636 1435 1634
f 1436 1635 1434
f 1436 1637 1635
f 1636 1437 1435
f 1638 1437 1636
f 1438 1637 1436
f 1438 1639 1637
f 1638 1439 1437
f 1640 1439 1638
f 1440 1639 1438
f 1440 1641 1639
f 1642 1447 1448
f 1449 1643 1448
f 1448 1643 1642
f 1450 1644 1449
f 1449 1644 1643
f 1644 1450 1645
f 1450 1646 1645
f 1450 1451 1646
f 1647 1451 1452
f 1647 1646 1451
f 1648 1452 1453
f 1648 1647 1452
f 1649 1453 1454
f 1649 1648 1453
f 1650 1454 1455
f 1650 1649 1454
f 1651 1455 1456
f 1651 1650 1455
f 1652 1456 1457
f 1652 1651 1456
f 1653 1457 1458
f 1653 1652 1457
f 1654 1458 1459
f 1654 1653 1458
f 1655 1459 1460
f 1655 1654 1459
f 1656 1460 1461
f 1656 1655 1460
f 1657 1461 1462
f 1657 1656 1461
f 1658 1462 1463
f 1658 1657 1462
f 1659 1463 1464
f 1659 1658 1463
f 1660 1464 1465
f 1660 1659 1464
f 1661 1465 1466
f 1661 1660 1465
f 1662 1466 1467
f 1662 1661 1466
f 1663 1467 1468
f 1663 1662 1467
f 1664 1468 1469
f 1664 1663 1468
f 1665 1469 1470
f 1665 1664 1469
f 1666 1470 1471
f 1666 1665 1470
f 1667 1471 1472
f 1667 1666 1471
f 1668 1472 1473
f 1668 1667 1472
f 1669 1473 1474
f 1669 1668 1473
f 1670 1474 1475
f 1670 1669 1474
f 1671 1475 1476
f 1671 1670 1475
f 1672 1476 1477
f 1672 1671 1476
f 1673 1477 1478
f 1673 1672 1477
f 1674 1478 1479
f 1674 1673 1478
f 1675 1479 1480
f 1675 1674 1479
f 1676 1480 1481
f 1676 1675 1480
f 1677 1481 1482
f 1677 1676 1481
f 1678 1482 1483
f 1678 1677 1482
f 1679 1483 1484
f 1679 1678 1483
f 1680 1484 1485
f 1680 1679 1484
f 1485 1439 1640
f 1485 1640 1680
f 1486 1641 1440
f 1486 1681 1641
f 1682 1489 1490
f 1491 1683 1490
f 1490 1683 1682
f 1683 1491 1684
f 1491 1685 1684
f 1491 1492 1685
f 1686 1492 1493
f 1686 1685 1492
f 1687 1493 1494
f 1687 1686 1493
f 1688 1494 1495
f 1688 1687 1494
f 1689 1495 1496
f 1689 1688 1495
f 1496 1447 1642
f 1690 1496 1642
f 1689 1496 1690
f 1690 1642 1643
f 1690 1643 1691
f 1691 1643 1644
f 1691 1644 1692
f 1692 1644 1645
f 1497 1681 1486
f 1497 1693 1681
f 1695 1694 1500
f 1500 1694 1499
f 1696 1500 1501
f 1696 1695 1500
f 1501 1489 1682
f 1697 1501 1682
f 1696 1501 1697
f 1697 1682 1683
f 1697 1683 1698
f 1698 1683 1684
f 1502 1693 1497
f 1502 1699 1693
f 1701 1700 1505
f 1505 1700 1504
f 1702 1505 1506
f 1702 1701 1505
f 1506 1499 1694
f 1506 1694 1702
f 1502 1507 1703
f 1704 1502 1703
f 1699 1502 1704
f 1508 1703 1507
f 1706 1705 1511
f 1511 1705 1510
f 1511 1504 1700
f 1511 1700 1706
f 1707 1704 1703
f 1703 1508 1707
f 1508 1708 1707
f 1508 1512 1708
f 1710 1709 1515
f 1515 1709 1514
f 1711 1515 1516
f 1711 1710 1515
f 1516 1510 1705
f 1516 1705 1711
f 1517 1708 1512
f 1517 1712 1708
f 1714 1713 1520
f 1520 1713 1519
f 1520 1514 1709
f 1520 1709 1714
f 1715 1712 1517
f 1715 1517 1521
f 1716 1521 1522
f 1716 1715 1521
f 1522 1524 1716
f 1716 1524 1717
f 1719 1718 1526
f 1526 1718 1525
f 1720 1526 1527
f 1720 1719 1526
f 1527 1519 1713
f 1527 1713 1720
f 1721 1717 1524
f 1721 1524 1528
f 1722 1528 1529
f 1722 1721 1528
f 1529 1531 1722
f 1722 1531 1723
f 1725 1724 1535
f 1535 1724 1534
f 1726 1535 1536
f 1726 1725 1535
f 1727 1536 1537
f 1727 1726 1536
f 1537 1525 1718
f 1537 1718 1727
f 1728 1723 1531
f 1728 1531 1538
f 1729 1538 1539
f 1729 1728 1538
f 1730 1539 1540
f 1730 1729 1539
f 1731 1540 1541
f 1731 1730 1540
f 1732 1541 1542
f 1732 1731 1541
f 1542 1534 1724
f 1542 1724 1732
f 1734 1733 1543
f 1734 1543 1544
f 1543 1735 1545
f 1733 1735 1543
f 1545 1736 1546
f 1735 1736 1545
f 1546 1737 1547
f 1736 1737 1546
f 1547 1738 1548
f 1737 1738 1547
f 1548 1739 1549
f 1738 1739 1548
f 1549 1740 1550
f 1739 1740 1549
f 1550 1741 1551
f 1740 1741 1550
f 1551 1742 1552
f 1741 1742 1551
f 1552 1743 1553
f 1742 1743 1552
f 1553 1744 1554
f 1743 1744 1553
f 1554 1745 1555
f 1744 1745 1554
f 1555 1746 1556
f 1745 1746 1555
f 1556 1747 1557
f 1746 1747 1556
f 1557 1748 1558
f 1747 1748 1557
f 1558 1749 1559
f 1748 1749 1558
f 1559 1750 1560
f 1749 1750 1559
f 1560 1751 1561
f 1750 1751 1560
f 1561 1752 1562
f 1751 1752 1561
f 1562 1753 1563
f 1752 1753 1562
f 1563 1754 1564
f 1753 1754 1563
f 1564 1755 1565
f 1754 1755 1564
f 1565 1756 1566
f 1755 1756 1565
f 1566 1757 1567
f 1756 1757 1566
f 1567 1758 1568
f 1757 1758 1567
f 1568 1759 1569
f 1758 1759 1568
f 1569 1760 1570
f 1759 1760 1569
f 1570 1761 1571
f 1760 1761 1570
f 1571 1762 1572
f 1761 1762 1571
f 1572 1763 1573
f 1762 1763 1572
f 1573 1764 1574
f 1763 1764 1573
f 1574 1765 1575
f 1764 1765 1574
f 1575 1766 1576
f 1765 1766 1575
f 1576 1767 1577
f 1766 1767 1576
f 1577 1768 1578
f 1767 1768 1577
f 1578 1769 1579
f 1768 1769 1578
f 1579 1770 1580
f 1769 1770 1579
f 1580 1771 1581
f 1770 1771 1580
f 1581 1772 1582
f 1771 1772 1581
f 1582 1773 1583
f 1772 1773 1582
f 1583 1774 1584
f 1773 1774 1583
f 1584 1775 1585
f 1774 1775 1584
f 1585 1776 1586
f 1775 1776 1585
f 1586 1777 1587
f 1776 1777 1586
f 1587 1778 1588
f 1777 1778 1587
f 1588 1779 1589
f 1778 1779 1588
f 1589 1780 1590
f 1779 1780 1589
f 1590 1781 1591
f 1780 1781 1590
f 1591 1782 1592
f 1781 1782 1591
f 1592 1783 1593
f 1782 1783 1592
f 1593 1784 1594
f 1783 1784 1593
f 1594 1785 1595
f 1784 1785 1594
f 1595 1786 1596
f 1785 1786 1595
f 1596 1787 1597
f 1786 1787 1596
f 1597 1788 1598
f 1787 1788 1597
f 1598 1789 1599
f 1788 1789 1598
f 1599 1790 1600
f 1789 1790 1599
f 1600 1791 1601
f 1790 1791 1600
f 1601 1792 1602
f 1791 1792 1601
f 1602 1793 1603
f 1792 1793 1602
f 1603 1794 1604
f 1793 1794 1603
f 1604 1795 1605
f 1794 1795 1604
f 1605 1796 1606
f 1795 1796 1605
f 1606 1797 1607
f 1796 1797 1606
f 1607 1798 1608
f 1797 1798 1607
f 1608 1799 1609
f 1798 1799 1608
f 1609 1800 1610
f 1799 1800 1609
f 1610 1801 1611
f 1800 1801 1610
f 1612 1611 1801
f 1612 1801 1802
f 1613 1734 1544
f 1613 1803 1734
f 1802 1614 1612
f 1804 1614 1802
f 1615 1803 1613
f 1615 1805 1803
f 1804 1616 1614
f 1806 1616 1804
f 1617 1805 1615
f 1617 1807 1805
f 1806 1618 1616
f 1808 1618 1806
f 1619 1807 1617
f 1619 1809 1807
f 1808 1620 1618
f 1810 1620 1808
f 1621 1809 1619
f 1621 1811 1809
f 1810 1622 1620
f 1812 1622 1810
f 1623 1811 1621
f 1623 1813 1811
f 1812 1624 1622
f 1814 1624 1812
f 1625 1813 1623
f 1625 1815 1813
f 1814 1626 1624
f 1816 1626 1814
f 1627 1815 1625
f 1627 1817 1815
f 1816 1628 1626
f 1818 1628 1816
f 1629 1817 1627
f 1629 1819 1817
f 1818 1630 1628
f 1820 1630 1818
f 1631 1819 1629
f 1631 1821 1819
f 1820 1632 1630
f 1822 1632 1820
f 1633 1821 1631
f 1633 1823 1821
f 1822 1634 1632
f 1824 1634 1822
f 1635 1823 1633
f 1635 1825 1823
f 1824 1636 1634
f 1826 1636 1824
f 1637 1825 1635
f 1637 1827 1825
f 1826 1638 1636
f 1828 1638 1826
f 1639 1827 1637
f 1639 1829 1827
f 1828 1640 1638
f 1830 1640 1828
f 1641 1829 1639
f 1641 1831 1829
f 1834 1833 1832
f 1836 1835 1832
f 1832 1835 1834
f 1838 1837 1836
f 1836 1837 1835
f 1840 1839 1838
f 1838 1839 1837
f 1645 1646 1840
f 1646 1839 1840
f 1646 1841 1839
f 1842 1646 1647
f 1842 1841 1646
f 1843 1647 1648
f 1843 1842 1647
f 1844 1648 1649
f 1844 1843 1648
f 1845 1649 1650
f 1845 1844 1649
f 1846 1650 1651
f 1846 1845 1650
f 1847 1651 1652
f 1847 1846 1651
f 1848 1652 1653
f 1848 1847 1652
f 1849 1653 1654
f 1849 1848 1653
f 1850 1654 1655
f 1850 1849 1654
f 1851 1655 1656
f 1851 1850 1655
f 1852 1656 1657
f 1852 1851 1656
f 1853 1657 1658
f 1853 1852 1657
f 1854 1658 1659
f 1854 1853 1658
f 1855 1659 1660
f 1855 1854 1659
f 1856 1660 1661
f 1856 1855 1660
f 1857 1661 1662
f 1857 1856 1661
f 1858 1662 1663
f 1858 1857 1662
f 1859 1663 1664
f 1859 1858 1663
f 1860 1664 1665
f 1860 1859 1664
f 1861 1665 1666
f 1861 1860 1665
f 1862 1666 1667
f 1862 1861 1666
f 1863 1667 1668
f 1863 1862 1667
f 1864 1668 1669
f 1864 1863 1668
f 1865 1669 1670
f 1865 1864 1669
f 1866 1670 1671
f 1866 1865 1670
f 1867 1671 1672
f 1867 1866 1671
f 1868 1672 1673
f 1868 1867 1672
f 1869 1673 1674
f 1869 1868 1673
f 1870 1674 1675
f 1870 1869 1674
f 1871 1675 1676
f 1871 1870 1675
f 1872 1676 1677
f 1872 1871 1676
f 1873 1677 1678
f 1873 1872 1677
f 1874 1678 1679
f 1874 1873 1678
f 1875 1679 1680
f 1875 1874 1679
f 1680 1640 1830
f 1680 1830 1875
f 1681 1831 1641
f 1681 1876 1831
f 1879 1878 1877
f 1881 1880 1877
f 1877 1880 1879
f 1684 1685 1881
f 1685 1880 1881
f 1685 1882 1880
f 1883 1685 1686
f 1883 1882 1685
f 1884 1686 1687
f 1884 1883 1686
f 1885 1687 1688
f 1885 1884 1687
f 1689 1832 1833
f 1885 1689 1833
f 1688 1689 1885
f 1832 1689 1690
f 1832 1690 1836
f 1836 1690 1691
f 1836 1691 1838
f 1838 1691 1692
f 1838 1692 1840
f 1840 1692 1645
f 1693 1876 1681
f 1693 1886 1876
f 1888 1887 1695
f 1695 1887 1694
f 1889 1695 1696
f 1889 1888 1695
f 1697 1877 1878
f 1889 1697 1878
f 1696 1697 1889
f 1877 1697 1698
f 1877 1698 1881
f 1881 1698 1684
f 1699 1886 1693
f 1699 1890 1886
f 1892 1891 1701
f 1701 1891 1700
f 1893 1701 1702
f 1893 1892 1701
f 1702 1694 1887
f 1702 1887 1893
f 1704 1890 1699
f 1704 1894 1890
f 1897 1896 1895
f 1705 1706 1895
f 1706 1897 1895
f 1706 1898 1897
f 1706 1700 1891
f 1706 1891 1898
f 1899 1894 1704
f 1899 1704 1707
f 1707 1708 1899
f 1899 1708 1900
f 1903 1902 1901
f 1709 1710 1901
f 1710 1903 1901
f 1710 1904 1903
f 1711 1895 1896
f 1904 1711 1896
f 1710 1711 1904
f 1895 1711 1705
f 1712 1900 1708
f 1712 1905 1900
f 1901 1902 1714
f 1902 1713 1714
f 1902 1906 1713
f 1901 1714 1709
f 1907 1905 1712
f 1907 1712 1715
f 1908 1715 1716
f 1908 1907 1715
f 1910 1909 1717
f 1909 1716 1717
f 1909 1908 1716
f 1910 1911 1909
f 1913 1912 1719
f 1719 1912 1718
f 1914 1719 1720
f 1914 1913 1719
f 1720 1713 1906
f 1720 1906 1914
f 1721 1910 1717
f 1915 1911 1910
f 1721 1915 1910
f 1722 1915 1721
f 1722 1723 1915
f 1915 1723 1916
f 1918 1917 1725
f 1725 1917 1724
f 1919 1725 1726
f 1919 1918 1725
f 1920 1726 1727
f 1920 1919 1726
f 1727 1718 1912
f 1727 1912 1920
f 1921 1916 1723
f 1921 1723 1728
f 1922 1728 1729
f 1922 1921 1728
f 1923 1729 1730
f 1923 1922 1729
f 1924 1730 1731
f 1924 1923 1730
f 1925 1731 1732
f 1925 1924 1731
f 1732 1724 1917
f 1732 1917 1925
f 1927 1926 1733
f 1927 1733 1734
f 1733 1928 1735
f 1926 1928 1733
f 1735 1929 1736
f 1928 1929 1735
f 1736 1930 1737
f 1929 1930 1736
f 1737 1931 1738
f 1930 1931 1737
f 1738 1932 1739
f 1931 1932 1738
f 1739 1933 1740
f 1932 1933 1739
f 1740 1934 1741
f 1933 1934 1740
f 1741 1935 1742
f 1934 1935 1741
f 1742 1936 1743
f 1935 1936 1742
f 1743 1937 1744
f 1936 1937 1743
f 1744 1938 1745
f 1937 1938 1744
f 1745 1939 1746
f 1938 1939 1745
f 1746 1940 1747
f 1939 1940 1746
f 1747 1941 1748
f 1940 1941 1747
f 1748 1942 1749
f 1941 1942 1748
f 1749 1943 1750
f 1942 1943 1749
f 1750 1944 1751
f 1943 1944 1750
f 1751 1945 1752
f 1944 1945 1751
f 1752 1946 1753
f 1945 1946 1752
f 1753 1947 1754
f 1946 1947 1753
f 1754 1948 1755
f 1947 1948 1754
f 1755 1949 1756
f 1948 1949 1755
f 1756 1950 1757
f 1949 1950 1756
f 1757 1951 1758
f 1950 1951 1757
f 1758 1952 1759
f 1951 1952 1758
f 1759 1953 1760
f 1952 1953 1759
f 1760 1954 1761
f 1953 1954 1760
f 1761 1955 1762
f 1954 1955 1761
f 1762 1956 1763
f 1955 1956 1762
f 1763 1957 1764
f 1956 1957 1763
f 1764 1958 1765
f 1957 1958 1764
f 1765 1959 1766
f 1958 1959 1765
f 1766 1960 1767
f 1959 1960 1766
f 1767 1961 1768
f 1960 1961 1767
f 1768 1962 1769
f 1961 1962 1768
f 1769 1963 1770
f 1962 1963 1769
f 1770 1964 1771
f 1963 1964 1770
f 1771 1965 1772
f 1964 1965 1771
f 1772 1966 1773
f 1965 1966 1772
f 1773 1967 1774
f 1966 1967 1773
f 1774 1968 1775
f 1967 1968 1774
f 1775 1969 1776
f 1968 1969 1775
f 1776 1970 1777
f 1969 1970 1776
f 1777 1971 1778
f 1970 1971 1777
f 1778 1972 1779
f 1971 1972 1778
f 1779 1973 1780
f 1972 1973 1779
f 1780 1974 1781
f 1973 1974 1780
f 1781 1975 1782
f 1974 1975 1781
f 1782 1976 1783
f 1975 1976 1782
f 1783 1977 1784
f 1976 1977 1783
f 1784 1978 1785
f 1977 1978 1784
f 1785 1979 1786
f 1978 1979 1785
f 1786 1980 1787
f 1979 1980 1786
f 1787 1981 1788
f 1980 1981 1787
f 1788 1982 1789
f 1981 1982 1788
f 1789 1983 1790
f 1982 1983 1789
f 1790 1984 1791
f 1983 1984 1790
f 1791 1985 1792
f 1984 1985 1791
f 1792 1986 1793
f 1985 1986 1792
f 1793 1987 1794
f 1986 1987 1793
f 1794 1988 1795
f 1987 1988 1794
f 1795 1989 1796
f 1988 1989 1795
f 1796 1990 1797
f 1989 1990 1796
f 1797 1991 1798
f 1990 1991 1797
f 1798 1992 1799
f 1991 1992 1798
f 1799 1993 1800
f 1992 1993 1799
f 1800 1994 1801
f 1993 1994 1800
f 1802 1801 1994
f 1802 1994 1995
f 1803 1927 1734
f 1803 1996 1927
f 1995 1804 1802
f 1997 1804 1995
f 1805 1996 1803
f 1805 1998 1996
f 1997 1806 1804
f 1999 1806 1997
f 1807 1998 1805
f 1807 2000 1998
f 1999 1808 1806
f 2001 1808 1999
f 1809 2000 1807
f 1809 2002 2000
f 2001 1810 1808
f 2003 1810 2001
f 1811 2002 1809
f 1811 2004 2002
f 2003 1812 1810
f 2005 1812 2003
f 1813 2004 1811
f 1813 2006 2004
f 2005 1814 1812
f 2007 1814 2005
f 1815 2006 1813
f 1815 2008 2006
f 2007 1816 1814
f 2009 1816 2007
f 1817 2008 1815
f 1817 2010 2008
f 2009 1818 1816
f 2011 1818 2009
f 1819 2010 1817
f 1819 2012 2010
f 2011 1820 1818
f 2013 1820 2011
f 1821 2012 1819
f 1821 2014 2012
f 2013 1822 1820
f 2015 1822 2013
f 1823 2014 1821
f 1823 2016 2014
f 2015 1824 1822
f 2017 1824 2015
f 1825 2016 1823
f 1825 2018 2016
f 2017 1826 1824
f 2019 1826 2017
f 1827 2018 1825
f 1827 2020 2018
f 2019 1828 1826
f 2021 1828 2019
f 1829 2020 1827
f 1829 2022 2020
f 2025 2024 2023
f 2027 2026 2023
f 2023 2026 2025
f 2029 2028 2027
f 2027 2028 2026
f 2031 2030 2029
f 2029 2030 2028
f 2033 2032 2031
f 2031 2032 2030
f 2035 2034 2033
f 2033 2034 2032
f 2037 2036 2035
f 2035 2036 2034
f 2039 2038 2037
f 2037 2038 2036
f 2041 2040 2039
f 2039 2040 2038
f 2043 2042 2041
f 2041 2042 2040
f 2043 2044 2042
f 2047 2046 2045
f 2049 2048 2045
f 2045 2048 2047
f 2051 2050 2049
f 2049 2050 2048
f 2021 2050 2051
f 1830 2021 2051
f 1828 2021 1830
f 1831 2022 1829
f 1831 2052 2022
f 2055 2054 2053
f 2057 2056 2053
f 2053 2056 2055
f 2059 2058 2057
f 2057 2058 2056
f 2061 2060 2059
f 2059 2060 2058
f 2063 2062 2061
f 2061 2062 2060
f 2065 2064 2063
f 2063 2064 2062
f 1833 1834 2065
f 1834 2064 2065
f 1834 2066 2064
f 2067 1834 1835
f 2067 2066 1834
f 2068 1835 1837
f 2068 2067 1835
f 2069 1837 1839
f 2069 2068 1837
f 2070 1839 1841
f 2070 2069 1839
f 2071 1841 1842
f 2071 2070 1841
f 2072 1842 1843
f 2072 2071 1842
f 2073 1843 1844
f 2073 2072 1843
f 2074 1844 1845
f 2074 2073 1844
f 2075 1845 1846
f 2075 2074 1845
f 2076 1846 1847
f 2076 2075 1846
f 2077 1847 1848
f 2077 2076 1847
f 2078 1848 1849
f 2078 2077 1848
f 2079 1849 1850
f 2079 2078 1849
f 2080 1850 1851
f 2080 2079 1850
f 2081 1851 1852
f 2081 2080 1851
f 2082 1852 1853
f 2082 2081 1852
f 2083 1853 1854
f 2083 2082 1853
f 2084 1854 1855
f 2084 2083 1854
f 2085 1855 1856
f 2085 2084 1855
f 1857 2023 2024
f 2085 1857 2024
f 1856 1857 2085
f 2023 1857 1858
f 2023 1858 2027
f 2027 1858 1859
f 2027 1859 2029
f 2029 1859 1860
f 2029 1860 2031
f 2031 1860 1861
f 2031 1861 2033
f 2033 1861 1862
f 2033 1862 2035
f 2035 1862 1863
f 2035 1863 2037
f 2037 1863 1864
f 2037 1864 2039
f 2039 1864 1865
f 2039 1865 2041
f 2041 1865 1866
f 2041 1866 2043
f 2086 2044 2043
f 1866 2086 2043
f 1867 2086 1866
f 2087 1867 1868
f 2087 2086 1867
f 2088 1868 1869
f 2088 2087 1868
f 2089 1869 1870
f 2089 2088 1869
f 2090 1870 1871
f 2090 2089 1870
f 2091 1871 1872
f 2091 2090 1871
f 1873 2045 2046
f 2091 1873 2046
f 1872 1873 2091
f 2045 1873 1874
f 2045 1874 2049
f 2049 1874 1875
f 2049 1875 2051
f 2051 1875 1830
f 1876 2052 1831
f 1876 2092 2052
f 2095 2094 2093
f 2097 2096 2093
f 2093 2096 2095
f 2099 2098 2097
f 2097 2098 2096
f 2098 2099 2054
f 2054 2099 2053
f 2099 1878 2053
f 1878 1879 2053
f 2053 1879 1880
f 2053 1880 2057
f 2057 1880 1882
f 2057 1882 2059
f 2059 1882 1883
f 2059 1883 2061
f 2061 1883 1884
f 2061 1884 2063
f 2063 1884 1885
f 2063 1885 2065
f 2065 1885 1833
f 1886 2092 1876
f 1886 2100 2092
f 2103 2102 2101
f 2103 2101 2094
f 2101 2093 2094
f 2101 2104 2093
f 2104 1887 1888
f 2097 2104 1888
f 2093 2104 2097
f 2097 1888 1889
f 2097 1889 2099
f 2099 1889 1878
f 1890 2106 2105
f 2100 1890 2105
f 1886 1890 2100
f 2106 2107 2105
f 2110 2109 2108
f 2112 2111 2108
f 2108 2111 2110
f 2111 2112 2102
f 2102 2112 2101
f 2112 1891 2101
f 1891 1892 2101
f 2101 1892 1893
f 2101 1893 2104
f 2104 1893 1887
f 1894 2113 2106
f 1894 2106 1890
f 2107 2106 2114
f 2114 2106 2113
f 2117 2116 2115
f 2119 2118 2115
f 2115 2118 2117
f 2118 2119 2109
f 2109 2119 2108
f 2119 1896 2108
f 1896 1897 2108
f 2108 1897 1898
f 2108 1898 2112
f 2112 1898 1891
f 1899 2113 1894
f 2121 2120 1900
f 1900 2120 1899
f 2120 2114 1899
f 2114 2113 1899
f 2123 2122 2121
f 2121 2122 2120
f 2123 2124 2122
f 2127 2126 2125
f 2127 2125 2116
f 2116 2125 2115
f 2125 1902 2115
f 1902 1903 2115
f 2115 1903 1904
f 2115 1904 2119
f 2119 1904 1896
f 1905 2128 2121
f 1905 2121 1900
f 2121 2129 2123
f 2121 2128 2129
f 2124 2123 2130
f 2123 2131 2130
f 2123 2129 2131
f 2133 2132 2131
f 2131 2132 2130
f 2133 2134 2132
f 2137 2136 2135
f 2137 2135 2126
f 2135 2125 2126
f 2135 2138 2125
f 2138 1906 1902
f 2138 1902 2125
f 1907 2128 1905
f 2128 1907 1908
f 2128 1908 2129
f 2129 1908 1909
f 2129 1909 2131
f 2131 1909 1911
f 2139 2131 1911
f 2133 2131 2139
f 2134 2133 2140
f 2140 2133 2139
f 2143 2142 2141
f 2145 2144 2141
f 2141 2144 2143
f 2147 2146 2145
f 2145 2146 2144
f 2146 2147 2136
f 2136 2147 2135
f 2147 1912 2135
f 1912 1913 2135
f 2135 1913 1914
f 2135 1914 2138
f 2138 1914 1906
f 1915 2139 1911
f 2149 2148 1916
f 1916 2148 1915
f 2148 2140 1915
f 2140 2139 1915
f 2151 2150 2149
f 2149 2150 2148
f 2153 2152 2151
f 2151 2152 2150
f 2155 2154 2153
f 2153 2154 2152
f 2157 2156 2155
f 2155 2156 2154
f 2156 2157 2142
f 2142 2157 2141
f 2157 1917 2141
f 1917 1918 2141
f 2141 1918 1919
f 2141 1919 2145
f 2145 1919 1920
f 2145 1920 2147
f 2147 1920 1912
f 1921 2149 1916
f 2149 1921 1922
f 2149 1922 2151
f 2151 1922 1923
f 2151 1923 2153
f 2153 1923 1924
f 2153 1924 2155
f 2155 1924 1925
f 2155 1925 2157
f 2157 1925 1917
f 1927 2158 1926
f 2159 1928 1926
f 2159 1926 2158
f 1928 2159 2160
f 2161 1928 2160
f 1929 1928 2161
f 1929 2162 1930
f 2161 2162 1929
f 1930 2163 1931
f 2162 2163 1930
f 1931 2164 1932
f 2163 2164 1931
f 1932 2165 1933
f 2164 2165 1932
f 1933 2166 1934
f 2165 2166 1933
f 1934 2167 1935
f 2166 2167 1934
f 1935 2168 1936
f 2167 2168 1935
f 1936 2169 1937
f 2168 2169 1936
f 1937 2170 1938
f 2169 2170 1937
f 1938 2171 1939
f 2170 2171 1938
f 1939 2172 1940
f 2171 2172 1939
f 1940 2173 1941
f 2172 2173 1940
f 1941 2174 1942
f 2173 2174 1941
f 1942 2175 1943
f 2174 2175 1942
f 1943 2176 1944
f 2175 2176 1943
f 1944 2177 1945
f 2176 2177 1944
f 1945 2178 1946
f 2177 2178 1945
f 1946 2179 1947
f 2178 2179 1946
f 1947 2180 1948
f 2179 2180 1947
f 1948 2181 1949
f 2180 2181 1948
f 1949 2182 1950
f 2181 2182 1949
f 1950 2183 1951
f 2182 2183 1950
f 1951 2184 1952
f 2183 2184 1951
f 1952 2185 1953
f 2184 2185 1952
f 1953 2186 1954
f 2185 2186 1953
f 1954 2187 1955
f 2186 2187 1954
f 1955 2188 1956
f 2187 2188 1955
f 1956 2189 1957
f 2188 2189 1956
f 1957 2190 1958
f 2189 2190 1957
f 1958 2191 1959
f 2190 2191 1958
f 1959 2192 1960
f 2191 2192 1959
f 1960 2193 1961
f 2192 2193 1960
f 1961 2194 1962
f 2193 2194 1961
f 1962 2195 1963
f 2194 2195 1962
f 1963 2196 1964
f 2195 2196 1963
f 1964 2197 1965
f 2196 2197 1964
f 1965 2198 1966
f 2197 2198 1965
f 1966 2199 1967
f 2198 2199 1966
f 1967 2200 1968
f 2199 2200 1967
f 1968 2201 1969
f 2200 2201 1968
f 1969 2202 1970
f 2201 2202 1969
f 1970 2203 1971
f 2202 2203 1970
f 1971 2204 1972
f 2203 2204 1971
f 1972 2205 1973
f 2204 2205 1972
f 1973 2206 1974
f 2205 2206 1973
f 1974 2207 1975
f 2206 2207 1974
f 1975 2208 1976
f 2207 2208 1975
f 1976 2209 1977
f 2208 2209 1976
f 1977 2210 1978
f 2209 2210 1977
f 1978 2211 1979
f 2210 2211 1978
f 1979 2212 1980
f 2211 2212 1979
f 1980 2213 1981
f 2212 2213 1980
f 1981 2214 1982
f 2213 2214 1981
f 1982 2215 1983
f 2214 2215 1982
f 1983 2216 1984
f 2215 2216 1983
f 1984 2217 1985
f 2216 2217 1984
f 1985 2218 1986
f 2217 2218 1985
f 1986 2219 1987
f 2218 2219 1986
f 1987 2220 1988
f 2219 2220 1987
f 1988 2221 1989
f 2220 2221 1988
f 1989 2222 1990
f 2221 2222 1989
f 1990 2223 1991
f 2222 2223 1990
f 1991 2224 1992
f 2223 2224 1991
f 1992 2225 1993
f 2224 2225 1992
f 1993 2226 1994
f 2225 2226 1993
f 1995 1994 2226
f 1995 2226 2227
f 2229 2228 2158
f 1927 2229 2158
f 1996 2229 1927
f 2158 2228 2159
f 2159 2228 2230
f 2159 2230 2160
f 2227 1997 1995
f 2231 1997 2227
f 1998 2229 1996
f 1998 2232 2229
f 2231 1999 1997
f 2233 1999 2231
f 2000 2232 1998
f 2000 2234 2232
f 2233 2001 1999
f 2235 2001 2233
f 2002 2234 2000
f 2002 2236 2234
f 2235 2003 2001
f 2237 2003 2235
f 2004 2236 2002
f 2004 2238 2236
f 2237 2005 2003
f 2239 2005 2237
f 2006 2238 2004
f 2006 2240 2238
f 2239 2007 2005
f 2241 2007 2239
f 2008 2240 2006
f 2008 2242 2240
f 2241 2009 2007
f 2243 2009 2241
f 2010 2242 2008
f 2010 2244 2242
f 2243 2011 2009
f 2245 2011 2243
f 2012 2244 2010
f 2012 2246 2244
f 2245 2013 2011
f 2247 2013 2245
f 2014 2246 2012
f 2014 2248 2246
f 2247 2015 2013
f 2249 2015 2247
f 2016 2248 2014
f 2016 2250 2248
f 2249 2017 2015
f 2251 2017 2249
f 2018 2250 2016
f 2018 2252 2250
f 2251 2019 2017
f 2253 2019 2251
f 2020 2255 2254
f 2252 2020 2254
f 2018 2020 2252
f 2255 2256 2254
f 2259 2258 2257
f 2261 2260 2257
f 2257 2260 2259
f 2263 2262 2261
f 2261 2262 2260
f 2265 2264 2263
f 2263 2264 2262
f 2265 2266 2264
f 2269 2268 2267
f 2271 2270 2267
f 2267 2270 2269
f 2273 2272 2271
f 2271 2272 2270
f 2253 2272 2273
f 2021 2253 2273
f 2019 2253 2021
f 2022 2274 2255
f 2022 2255 2020
f 2256 2255 2275
f 2275 2255 2274
f 2278 2277 2276
f 2280 2279 2276
f 2276 2279 2278
f 2282 2281 2280
f 2280 2281 2279
f 2284 2283 2282
f 2282 2283 2281
f 2286 2285 2284
f 2284 2285 2283
f 2288 2287 2286
f 2286 2287 2285
f 2290 2289 2288
f 2288 2289 2287
f 2292 2291 2290
f 2290 2291 2289
f 2294 2293 2292
f 2292 2293 2291
f 2296 2295 2294
f 2294 2295 2293
f 2298 2297 2296
f 2296 2297 2295
f 2300 2299 2298
f 2298 2299 2297
f 2302 2301 2300
f 2300 2301 2299
f 2304 2303 2302
f 2302 2303 2301
f 2306 2305 2304
f 2304 2305 2303
f 2308 2307 2306
f 2306 2307 2305
f 2310 2309 2308
f 2308 2309 2307
f 2312 2311 2310
f 2310 2311 2309
f 2314 2313 2312
f 2312 2313 2311
f 2316 2315 2314
f 2314 2315 2313
f 2318 2317 2316
f 2316 2317 2315
f 2024 2025 2318
f 2025 2317 2318
f 2025 2319 2317
f 2320 2025 2026
f 2320 2319 2025
f 2321 2026 2028
f 2321 2320 2026
f 2322 2028 2030
f 2322 2321 2028
f 2323 2030 2032
f 2323 2322 2030
f 2034 2257 2258
f 2323 2034 2258
f 2032 2034 2323
f 2257 2034 2036
f 2257 2036 2261
f 2261 2036 2038
f 2261 2038 2263
f 2263 2038 2040
f 2263 2040 2265
f 2324 2266 2265
f 2040 2324 2265
f 2042 2324 2040
f 2326 2325 2044
f 2325 2042 2044
f 2325 2324 2042
f 2328 2327 2326
f 2326 2327 2325
f 2330 2329 2328
f 2328 2329 2327
f 2332 2331 2330
f 2330 2331 2329
f 2334 2333 2332
f 2332 2333 2331
f 2336 2335 2334
f 2334 2335 2333
f 2335 2336 2268
f 2268 2336 2267
f 2336 2046 2267
f 2046 2047 2267
f 2267 2047 2048
f 2267 2048 2271
f 2271 2048 2050
f 2271 2050 2273
f 2273 2050 2021
f 2052 2337 2274
f 2052 2274 2022
f 2275 2274 2338
f 2338 2274 2337
f 2341 2340 2339
f 2343 2342 2339
f 2339 2342 2341
f 2345 2344 2343
f 2343 2344 2342
f 2347 2346 2345
f 2345 2346 2344
f 2054 2055 2347
f 2055 2346 2347
f 2055 2348 2346
f 2349 2055 2056
f 2349 2348 2055
f 2350 2056 2058
f 2350 2349 2056
f 2351 2058 2060
f 2351 2350 2058
f 2352 2060 2062
f 2352 2351 2060
f 2064 2276 2277
f 2352 2064 2277
f 2062 2064 2352
f 2276 2064 2066
f 2276 2066 2280
f 2280 2066 2067
f 2280 2067 2282
f 2282 2067 2068
f 2282 2068 2284
f 2284 2068 2069
f 2284 2069 2286
f 2286 2069 2070
f 2286 2070 2288
f 2288 2070 2071
f 2288 2071 2290
f 2290 2071 2072
f 2290 2072 2292
f 2292 2072 2073
f 2292 2073 2294
f 2294 2073 2074
f 2294 2074 2296
f 2296 2074 2075
f 2296 2075 2298
f 2298 2075 2076
f 2298 2076 2300
f 2300 2076 2077
f 2300 2077 2302
f 2302 2077 2078
f 2302 2078 2304
f 2304 2078 2079
f 2304 2079 2306
f 2306 2079 2080
f 2306 2080 2308
f 2308 2080 2081
f 2308 2081 2310
f 2310 2081 2082
f 2310 2082 2312
f 2312 2082 2083
f 2312 2083 2314
f 2314 2083 2084
f 2314 2084 2316
f 2316 2084 2085
f 2316 2085 2318
f 2318 2085 2024
f 2086 2326 2044
f 2326 2086 2087
f 2326 2087 2328
f 2328 2087 2088
f 2328 2088 2330
f 2330 2088 2089
f 2330 2089 2332
f 2332 2089 2090
f 2332 2090 2334
f 2334 2090 2091
f 2334 2091 2336
f 2336 2091 2046
f 2092 2353 2337
f 2092 2337 2052
f 2338 2337 2354
f 2354 2337 2353
f 2357 2356 2355
f 2359 2358 2355
f 2355 2358 2357
f 2358 2359 2340
f 2359 2339 2340
f 2359 2360 2339
f 2360 2094 2095
f 2343 2360 2095
f 2339 2360 2343
f 2343 2095 2096
f 2343 2096 2345
f 2345 2096 2098
f 2345 2098 2347
f 2347 2098 2054
f 2100 2361 2353
f 2100 2353 2092
f 2354 2353 2362
f 2362 2353 2361
f 2365 2364 2363
f 2365 2363 2356
f 2363 2355 2356
f 2363 2366 2355
f 2355 2367 2359
f 2355 2366 2367
f 2367 2102 2103
f 2360 2367 2103
f 2359 2367 2360
f 2360 2103 2094
f 2105 2361 2100
f 2369 2368 2107
f 2107 2368 2105
f 2368 2362 2105
f 2362 2361 2105
f 2369 2370 2368
f 2373 2372 2371
f 2373 2371 2364
f 2371 2363 2364
f 2371 2374 2363
f 2374 2109 2110
f 2366 2374 2110
f 2363 2374 2366
f 2366 2110 2111
f 2366 2111 2367
f 2367 2111 2102
f 2114 2375 2369
f 2114 2369 2107
f 2370 2369 2376
f 2369 2377 2376
f 2369 2375 2377
f 2377 2378 2376
f 2381 2380 2379
f 2381 2379 2372
f 2372 2379 2371
f 2379 2116 2371
f 2116 2117 2371
f 2371 2117 2118
f 2371 2118 2374
f 2374 2118 2109
f 2120 2375 2114
f 2375 2120 2122
f 2375 2122 2377
f 2383 2382 2124
f 2124 2382 2122
f 2382 2378 2122
f 2378 2377 2122
f 2385 2384 2383
f 2383 2384 2382
f 2387 2386 2385
f 2385 2386 2384
f 2387 2388 2386
f 2391 2390 2389
f 2391 2389 2380
f 2380 2389 2379
f 2389 2126 2379
f 2126 2127 2379
f 2379 2127 2116
f 2130 2383 2124
f 2383 2130 2132
f 2383 2132 2385
f 2385 2132 2134
f 2392 2385 2134
f 2387 2385 2392
f 2388 2387 2393
f 2393 2387 2392
f 2396 2395 2394
f 2398 2397 2394
f 2394 2397 2396
f 2400 2399 2398
f 2398 2399 2397
f 2399 2400 2390
f 2390 2400 2389
f 2400 2136 2389
f 2136 2137 2389
f 2389 2137 2126
f 2140 2401 2392
f 2140 2392 2134
f 2393 2392 2402
f 2392 2403 2402
f 2392 2401 2403
f 2405 2404 2403
f 2403 2404 2402
f 2407 2406 2405
f 2405 2406 2404
f 2409 2408 2407
f 2407 2408 2406
f 2408 2409 2395
f 2395 2409 2394
f 2409 2142 2394
f 2142 2143 2394
f 2394 2143 2144
f 2394 2144 2398
f 2398 2144 2146
f 2398 2146 2400
f 2400 2146 2136
f 2148 2401 2140
f 2401 2148 2150
f 2401 2150 2403
f 2403 2150 2152
f 2403 2152 2405
f 2405 2152 2154
f 2405 2154 2407
f 2407 2154 2156
f 2407 2156 2409
f 2409 2156 2142
f 2160 2410 2161
f 2411 2162 2161
f 2411 2161 2410
f 2412 2163 2162
f 2412 2162 2411
f 2413 2164 2163
f 2413 2163 2412
f 2414 2165 2164
f 2414 2164 2413
f 2415 2166 2165
f 2415 2165 2414
f 2416 2167 2166
f 2416 2166 2415
f 2417 2168 2167
f 2417 2167 2416
f 2418 2169 2168
f 2418 2168 2417
f 2419 2170 2169
f 2419 2169 2418
f 2420 2171 2170
f 2420 2170 2419
f 2421 2172 2171
f 2421 2171 2420
f 2422 2173 2172
f 2422 2172 2421
f 2423 2174 2173
f 2423 2173 2422
f 2424 2175 2174
f 2424 2174 2423
f 2425 2176 2175
f 2425 2175 2424
f 2426 2177 2176
f 2426 2176 2425
f 2427 2178 2177
f 2427 2177 2426
f 2428 2179 2178
f 2428 2178 2427
f 2429 2180 2179
f 2429 2179 2428
f 2430 2181 2180
f 2430 2180 2429
f 2431 2182 2181
f 2431 2181 2430
f 2432 2183 2182
f 2432 2182 2431
f 2433 2184 2183
f 2433 2183 2432
f 2434 2185 2184
f 2434 2184 2433
f 2435 2186 2185
f 2435 2185 2434
f 2436 2187 2186
f 2436 2186 2435
f 2437 2188 2187
f 2437 2187 2436
f 2438 2189 2188
f 2438 2188 2437
f 2439 2190 2189
f 2439 2189 2438
f 2440 2191 2190
f 2440 2190 2439
f 2441 2192 2191
f 2441 2191 2440
f 2442 2193 2192
f 2442 2192 2441
f 2443 2194 2193
f 2443 2193 2442
f 2444 2195 2194
f 2444 2194 2443
f 2445 2196 2195
f 2445 2195 2444
f 2446 2197 2196
f 2446 2196 2445
f 2447 2198 2197
f 2447 2197 2446
f 2448 2199 2198
f 2448 2198 2447
f 2449 2200 2199
f 2449 2199 2448
f 2450 2201 2200
f 2450 2200 2449
f 2451 2202 2201
f 2451 2201 2450
f 2452 2203 2202
f 2452 2202 2451
f 2453 2204 2203
f 2453 2203 2452
f 2454 2205 2204
f 2454 2204 2453
f 2455 2206 2205
f 2455 2205 2454
f 2456 2207 2206
f 2456 2206 2455
f 2457 2208 2207
f 2457 2207 2456
f 2458 2209 2208
f 2458 2208 2457
f 2459 2210 2209
f 2459 2209 2458
f 2460 2211 2210
f 2460 2210 2459
f 2461 2212 2211
f 2461 2211 2460
f 2462 2213 2212
f 2462 2212 2461
f 2463 2214 2213
f 2463 2213 2462
f 2464 2215 2214
f 2464 2214 2463
f 2465 2216 2215
f 2465 2215 2464
f 2466 2217 2216
f 2466 2216 2465
f 2467 2218 2217
f 2467 2217 2466
f 2468 2219 2218
f 2468 2218 2467
f 2469 2220 2219
f 2469 2219 2468
f 2470 2221 2220
f 2470 2220 2469
f 2471 2222 2221
f 2471 2221 2470
f 2472 2223 2222
f 2472 2222 2471
f 2473 2224 2223
f 2473 2223 2472
f 2474 2225 2224
f 2474 2224 2473
f 2475 2226 2225
f 2475 2225 2474
f 2475 2227 2226
f 2229 2476 2228
f 2477 2230 2228
f 2477 2228 2476
f 2410 2160 2230
f 2477 2410 2230
f 2478 2410 2477
f 2410 2479 2411
f 2410 2478 2479
f 2411 2480 2412
f 2411 2479 2480
f 2412 2481 2413
f 2412 2480 2481
f 2413 2482 2414
f 2413 2481 2482
f 2414 2483 2415
f 2414 2482 2483
f 2415 2484 2416
f 2415 2483 2484
f 2416 2485 2417
f 2416 2484 2485
f 2417 2486 2418
f 2417 2485 2486
f 2418 2487 2419
f 2418 2486 2487
f 2419 2488 2420
f 2419 2487 2488
f 2420 2489 2421
f 2420 2488 2489
f 2421 2490 2422
f 2421 2489 2490
f 2422 2491 2423
f 2422 2490 2491
f 2423 2492 2424
f 2423 2491 2492
f 2424 2493 2425
f 2424 2492 2493
f 2425 2494 2426
f 2425 2493 2494
f 2426 2495 2427
f 2426 2494 2495
f 2427 2496 2428
f 2427 2495 2496
f 2428 2497 2429
f 2428 2496 2497
f 2429 2498 2430
f 2429 2497 2498
f 2430 2499 2431
f 2430 2498 2499
f 2431 2500 2432
f 2431 2499 2500
f 2432 2501 2433
f 2432 2500 2501
f 2433 2502 2434
f 2433 2501 2502
f 2434 2503 2435
f 2434 2502 2503
f 2435 2504 2436
f 2435 2503 2504
f 2436 2505 2437
f 2436 2504 2505
f 2437 2506 2438
f 2437 2505 2506
f 2438 2507 2439
f 2438 2506 2507
f 2439 2508 2440
f 2439 2507 2508
f 2440 2509 2441
f 2440 2508 2509
f 2441 2510 2442
f 2441 2509 2510
f 2442 2511 2443
f 2442 2510 2511
f 2443 2512 2444
f 2443 2511 2512
f 2444 2513 2445
f 2444 2512 2513
f 2445 2514 2446
f 2445 2513 2514
f 2446 2515 2447
f 2446 2514 2515
f 2447 2516 2448
f 2447 2515 2516
f 2518 2449 2517
f 2449 2516 2517
f 2449 2448 2516
f 2449 2518 2450
f 2450 2518 2519
f 2450 2519 2451
f 2451 2519 2520
f 2451 2520 2452
f 2452 2520 2521
f 2452 2521 2453
f 2453 2521 2522
f 2453 2522 2454
f 2454 2522 2523
f 2525 2524 2523
f 2524 2454 2523
f 2524 2455 2454
f 2455 2526 2456
f 2455 2524 2526
f 2456 2527 2457
f 2456 2526 2527
f 2457 2528 2458
f 2457 2527 2528
f 2458 2529 2459
f 2458 2528 2529
f 2459 2530 2460
f 2459 2529 2530
f 2532 2461 2531
f 2461 2530 2531
f 2461 2460 2530
f 2461 2532 2462
f 2462 2532 2533
f 2535 2534 2533
f 2534 2462 2533
f 2534 2463 2462
f 2463 2536 2464
f 2463 2534 2536
f 2464 2537 2465
f 2464 2536 2537
f 2465 2538 2466
f 2465 2537 2538
f 2466 2539 2467
f 2466 2538 2539
f 2541 2468 2540
f 2468 2539 2540
f 2468 2467 2539
f 2468 2541 2469
f 2469 2541 2542
f 2469 2542 2470
f 2470 2542 2543
f 2545 2544 2543
f 2544 2470 2543
f 2544 2471 2470
f 2471 2546 2472
f 2471 2544 2546
f 2472 2547 2473
f 2472 2546 2547
f 2473 2548 2474
f 2473 2547 2548
f 2474 2549 2475
f 2474 2548 2549
f 2549 2231 2227
f 2549 2227 2475
f 2232 2550 2476
f 2232 2476 2229
f 2476 2551 2477
f 2476 2550 2551
f 2477 2552 2478
f 2477 2551 2552
f 2478 2553 2479
f 2478 2552 2553
f 2479 2554 2480
f 2479 2553 2554
f 2480 2555 2481
f 2480 2554 2555
f 2481 2556 2482
f 2481 2555 2556
f 2482 2557 2483
f 2482 2556 2557
f 2483 2558 2484
f 2483 2557 2558
f 2484 2559 2485
f 2484 2558 2559
f 2485 2560 2486
f 2485 2559 2560
f 2486 2561 2487
f 2486 2560 2561
f 2487 2562 2488
f 2487 2561 2562
f 2488 2563 2489
f 2488 2562 2563
f 2489 2564 2490
f 2489 2563 2564
f 2490 2565 2491
f 2490 2564 2565
f 2491 2566 2492
f 2491 2565 2566
f 2492 2567 2493
f 2492 2566 2567
f 2493 2568 2494
f 2493 2567 2568
f 2494 2569 2495
f 2494 2568 2569
f 2495 2570 2496
f 2495 2569 2570
f 2496 2571 2497
f 2496 2570 2571
f 2497 2572 2498
f 2497 2571 2572
f 2498 2573 2499
f 2498 2572 2573
f 2499 2574 2500
f 2499 2573 2574
f 2500 2575 2501
f 2500 2574 2575
f 2501 2576 2502
f 2501 2575 2576
f 2502 2577 2503
f 2502 2576 2577
f 2503 2578 2504
f 2503 2577 2578
f 2504 2579 2505
f 2504 2578 2579
f 2505 2580 2506
f 2505 2579 2580
f 2506 2581 2507
f 2506 2580 2581
f 2583 2508 2582
f 2508 2581 2582
f 2508 2507 2581
f 2585 2584 2583
f 2584 2508 2583
f 2584 2509 2508
f 2509 2586 2510
f 2509 2584 2586
f 2588 2511 2587
f 2511 2586 2587
f 2511 2510 2586
f 2511 2588 2512
f 2512 2588 2589
f 2512 2589 2513
f 2513 2589 2590
f 2513 2590 2514
f 2514 2590 2591
f 2514 2591 2515
f 2515 2591 2592
f 2515 2592 2516
f 2516 2592 2593
f 2516 2593 2517
f 2525 2594 2524
f 2524 2594 2526
f 2526 2594 2595
f 2526 2595 2527
f 2527 2595 2596
f 2527 2596 2528
f 2528 2596 2597
f 2528 2597 2529
f 2529 2597 2598
f 2529 2598 2530
f 2530 2598 2599
f 2530 2599 2531
f 2535 2600 2534
f 2534 2600 2536
f 2536 2600 2601
f 2603 2602 2601
f 2602 2536 2601
f 2602 2537 2536
f 2537 2604 2538
f 2537 2602 2604
f 2606 2539 2605
f 2539 2604 2605
f 2539 2538 2604
f 2539 2606 2540
f 2545 2607 2544
f 2609 2608 2607
f 2608 2544 2607
f 2608 2546 2544
f 2546 2610 2547
f 2546 2608 2610
f 2547 2611 2548
f 2547 2610 2611
f 2548 2612 2549
f 2548 2611 2612
f 2612 2233 2231
f 2612 2231 2549
f 2234 2613 2550
f 2234 2550 2232
f 2550 2614 2551
f 2550 2613 2614
f 2551 2615 2552
f 2551 2614 2615
f 2552 2616 2553
f 2552 2615 2616
f 2553 2617 2554
f 2553 2616 2617
f 2554 2618 2555
f 2554 2617 2618
f 2555 2619 2556
f 2555 2618 2619
f 2556 2620 2557
f 2556 2619 2620
f 2557 2621 2558
f 2557 2620 2621
f 2558 2622 2559
f 2558 2621 2622
f 2559 2623 2560
f 2559 2622 2623
f 2560 2624 2561
f 2560 2623 2624
f 2561 2625 2562
f 2561 2624 2625
f 2562 2626 2563
f 2562 2625 2626
f 2563 2627 2564
f 2563 2626 2627
f 2564 2628 2565
f 2564 2627 2628
f 2565 2629 2566
f 2565 2628 2629
f 2566 2630 2567
f 2566 2629 2630
f 2567 2631 2568
f 2567 2630 2631
f 2568 2632 2569
f 2568 2631 2632
f 2569 2633 2570
f 2569 2632 2633
f 2570 2634 2571
f 2570 2633 2634
f 2571 2635 2572
f 2571 2634 2635
f 2572 2636 2573
f 2572 2635 2636
f 2573 2637 2574
f 2573 2636 2637
f 2574 2638 2575
f 2574 2637 2638
f 2575 2639 2576
f 2575 2638 2639
f 2576 2640 2577
f 2576 2639 2640
f 2577 2641 2578
f 2577 2640 2641
f 2578 2642 2579
f 2578 2641 2642
f 2579 2643 2580
f 2579 2642 2643
f 2580 2644 2581
f 2580 2643 2644
f 2582 2581 2645
f 2581 2646 2645
f 2581 2644 2646
f 2645 2646 2585
f 2646 2584 2585
f 2646 2647 2584
f 2584 2648 2586
f 2584 2647 2648
f 2587 2586 2649
f 2586 2650 2649
f 2586 2648 2650
f 2652 2651 2650
f 2650 2651 2649
f 2654 2653 2652
f 2652 2653 2651
f 2656 2655 2654
f 2654 2655 2653
f 2658 2657 2656
f 2656 2657 2655
f 2660 2659 2658
f 2658 2659 2657
f 2662 2661 2660
f 2660 2661 2659
f 2664 2663 2662
f 2662 2663 2661
f 2666 2665 2664
f 2664 2665 2663
f 2668 2667 2666
f 2666 2667 2665
f 2668 2669 2667
f 2672 2671 2670
f 2674 2673 2670
f 2670 2673 2672
f 2676 2675 2674
f 2674 2675 2673
f 2678 2677 2676
f 2676 2677 2675
f 2680 2679 2678
f 2678 2679 2677
f 2682 2681 2680
f 2680 2681 2679
f 2684 2683 2682
f 2682 2683 2681
f 2686 2685 2684
f 2685 2602 2684
f 2603 2683 2684
f 2603 2684 2602
f 2602 2685 2604
f 2604 2685 2687
f 2604 2687 2605
f 2690 2689 2688
f 2692 2691 2688
f 2688 2691 2690
f 2694 2693 2692
f 2692 2693 2691
f 2693 2694 2609
f 2694 2608 2609
f 2694 2695 2608
f 2608 2696 2610
f 2608 2695 2696
f 2610 2697 2611
f 2610 2696 2697
f 2611 2698 2612
f 2611 2697 2698
f 2698 2235 2233
f 2698 2233 2612
f 2236 2699 2613
f 2236 2613 2234
f 2613 2700 2614
f 2613 2699 2700
f 2614 2701 2615
f 2614 2700 2701
f 2615 2702 2616
f 2615 2701 2702
f 2616 2703 2617
f 2616 2702 2703
f 2617 2704 2618
f 2617 2703 2704
f 2618 2705 2619
f 2618 2704 2705
f 2619 2706 2620
f 2619 2705 2706
f 2620 2707 2621
f 2620 2706 2707
f 2621 2708 2622
f 2621 2707 2708
f 2622 2709 2623
f 2622 2708 2709
f 2623 2710 2624
f 2623 2709 2710
f 2624 2711 2625
f 2624 2710 2711
f 2625 2712 2626
f 2625 2711 2712
f 2626 2713 2627
f 2626 2712 2713
f 2627 2714 2628
f 2627 2713 2714
f 2628 2715 2629
f 2628 2714 2715
f 2629 2716 2630
f 2629 2715 2716
f 2630 2717 2631
f 2630 2716 2717
f 2631 2718 2632
f 2631 2717 2718
f 2632 2719 2633
f 2632 2718 2719
f 2633 2720 2634
f 2633 2719 2720
f 2634 2721 2635
f 2634 2720 2721
f 2635 2722 2636
f 2635 2721 2722
f 2636 2723 2637
f 2636 2722 2723
f 2637 2724 2638
f 2637 2723 2724
f 2638 2725 2639
f 2638 2724 2725
f 2639 2726 2640
f 2639 2725 2726
f 2640 2727 2641
f 2640 2726 2727
f 2641 2728 2642
f 2641 2727 2728
f 2642 2729 2643
f 2642 2728 2729
f 2643 2730 2644
f 2643 2729 2730
f 2644 2731 2646
f 2644 2730 2731
f 2646 2732 2647
f 2646 2731 2732
f 2647 2733 2648
f 2647 2732 2733
f 2648 2734 2650
f 2648 2733 2734
f 2650 2735 2652
f 2650 2734 2735
f 2652 2736 2654
f 2652 2735 2736
f 2654 2737 2656
f 2654 2736 2737
f 2656 2738 2658
f 2656 2737 2738
f 2658 2739 2660
f 2658 2738 2739
f 2660 2740 2662
f 2660 2739 2740
f 2662 2741 2664
f 2662 2740 2741
f 2664 2742 2666
f 2664 2741 2742
f 2666 2743 2668
f 2666 2742 2743
f 2669 2668 2744
f 2668 2745 2744
f 2668 2743 2745
f 2747 2746 2745
f 2745 2746 2744
f 2749 2748 2747
f 2747 2748 2746
f 2751 2750 2749
f 2749 2750 2748
f 2753 2752 2751
f 2751 2752 2750
f 2752 2753 2671
f 2753 2670 2671
f 2753 2754 2670
f 2670 2755 2674
f 2670 2754 2755
f 2674 2756 2676
f 2674 2755 2756
f 2676 2757 2678
f 2676 2756 2757
f 2678 2758 2680
f 2678 2757 2758
f 2680 2759 2682
f 2680 2758 2759
f 2761 2684 2760
f 2684 2759 2760
f 2684 2682 2759
f 2684 2761 2686
f 2688 2689 2762
f 2762 2689 2763
f 2688 2764 2692
f 2688 2762 2764
f 2692 2765 2694
f 2692 2764 2765
f 2694 2766 2695
f 2694 2765 2766
f 2695 2767 2696
f 2695 2766 2767
f 2696 2768 2697
f 2696 2767 2768
f 2697 2769 2698
f 2697 2768 2769
f 2769 2237 2235
f 2769 2235 2698
f 2238 2770 2699
f 2238 2699 2236
f 2699 2771 2700
f 2699 2770 2771
f 2700 2772 2701
f 2700 2771 2772
f 2701 2773 2702
f 2701 2772 2773
f 2702 2774 2703
f 2702 2773 2774
f 2703 2775 2704
f 2703 2774 2775
f 2704 2776 2705
f 2704 2775 2776
f 2705 2777 2706
f 2705 2776 2777
f 2706 2778 2707
f 2706 2777 2778
f 2707 2779 2708
f 2707 2778 2779
f 2708 2780 2709
f 2708 2779 2780
f 2709 2781 2710
f 2709 2780 2781
f 2710 2782 2711
f 2710 2781 2782
f 2711 2783 2712
f 2711 2782 2783
f 2712 2784 2713
f 2712 2783 2784
f 2713 2785 2714
f 2713 2784 2785
f 2714 2786 2715
f 2714 2785 2786
f 2715 2787 2716
f 2715 2786 2787
f 2716 2788 2717
f 2716 2787 2788
f 2717 2789 2718
f 2717 2788 2789
f 2718 2790 2719
f 2718 2789 2790
f 2719 2791 2720
f 2719 2790 2791
f 2720 2792 2721
f 2720 2791 2792
f 2721 2793 2722
f 2721 2792 2793
f 2722 2794 2723
f 2722 2793 2794
f 2723 2795 2724
f 2723 2794 2795
f 2724 2796 2725
f 2724 2795 2796
f 2725 2797 2726
f 2725 2796 2797
f 2726 2798 2727
f 2726 2797 2798
f 2727 2799 2728
f 2727 2798 2799
f 2728 2800 2729
f 2728 2799 2800
f 2729 2801 2730
f 2729 2800 2801
f 2730 2802 2731
f 2730 2801 2802
f 2731 2803 2732
f 2731 2802 2803
f 2732 2804 2733
f 2732 2803 2804
f 2733 2805 2734
f 2733 2804 2805
f 2734 2806 2735
f 2734 2805 2806
f 2735 2807 2736
f 2735 2806 2807
f 2736 2808 2737
f 2736 2807 2808
f 2737 2809 2738
f 2737 2808 2809
f 2738 2810 2739
f 2738 2809 2810
f 2739 2811 2740
f 2739 2810 2811
f 2740 2812 2741
f 2740 2811 2812
f 2741 2813 2742
f 2741 2812 2813
f 2742 2814 2743
f 2742 2813 2814
f 2743 2815 2745
f 2743 2814 2815
f 2745 2816 2747
f 2745 2815 2816
f 2747 2817 2749
f 2747 2816 2817
f 2749 2818 2751
f 2749 2817 2818
f 2751 2819 2753
f 2751 2818 2819
f 2753 2820 2754
f 2753 2819 2820
f 2754 2821 2755
f 2754 2820 2821
f 2755 2822 2756
f 2755 2821 2822
f 2756 2823 2757
f 2756 2822 2823
f 2757 2824 2758
f 2757 2823 2824
f 2758 2825 2759
f 2758 2824 2825
f 2760 2759 2826
f 2759 2827 2826
f 2759 2825 2827
f 2827 2828 2826
f 2762 2763 2829
f 2829 2763 2830
f 2762 2831 2764
f 2762 2829 2831
f 2764 2832 2765
f 2764 2831 2832
f 2765 2833 2766
f 2765 2832 2833
f 2766 2834 2767
f 2766 2833 2834
f 2767 2835 2768
f 2767 2834 2835
f 2768 2836 2769
f 2768 2835 2836
f 2836 2239 2237
f 2836 2237 2769
f 2240 2837 2770
f 2240 2770 2238
f 2770 2838 2771
f 2770 2837 2838
f 2771 2839 2772
f 2771 2838 2839
f 2772 2840 2773
f 2772 2839 2840
f 2773 2841 2774
f 2773 2840 2841
f 2774 2842 2775
f 2774 2841 2842
f 2775 2843 2776
f 2775 2842 2843
f 2776 2844 2777
f 2776 2843 2844
f 2777 2845 2778
f 2777 2844 2845
f 2778 2846 2779
f 2778 2845 2846
f 2779 2847 2780
f 2779 2846 2847
f 2780 2848 2781
f 2780 2847 2848
f 2781 2849 2782
f 2781 2848 2849
f 2782 2850 2783
f 2782 2849 2850
f 2783 2851 2784
f 2783 2850 2851
f 2784 2852 2785
f 2784 2851 2852
f 2785 2853 2786
f 2785 2852 2853
f 2786 2854 2787
f 2786 2853 2854
f 2787 2855 2788
f 2787 2854 2855
f 2788 2856 2789
f 2788 2855 2856
f 2789 2857 2790
f 2789 2856 2857
f 2790 2858 2791
f 2790 2857 2858
f 2791 2859 2792
f 2791 2858 2859
f 2792 2860 2793
f 2792 2859 2860
f 2793 2861 2794
f 2793 2860 2861
f 2794 2862 2795
f 2794 2861 2862
f 2795 2863 2796
f 2795 2862 2863
f 2796 2864 2797
f 2796 2863 2864
f 2797 2865 2798
f 2797 2864 2865
f 2798 2866 2799
f 2798 2865 2866
f 2799 2867 2800
f 2799 2866 2867
f 2800 2868 2801
f 2800 2867 2868
f 2801 2869 2802
f 2801 2868 2869
f 2802 2870 2803
f 2802 2869 2870
f 2803 2871 2804
f 2803 2870 2871
f 2804 2872 2805
f 2804 2871 2872
f 2805 2873 2806
f 2805 2872 2873
f 2806 2874 2807
f 2806 2873 2874
f 2807 2875 2808
f 2807 2874 2875
f 2808 2876 2809
f 2808 2875 2876
f 2809 2877 2810
f 2809 2876 2877
f 2810 2878 2811
f 2810 2877 2878
f 2811 2879 2812
f 2811 2878 2879
f 2812 2880 2813
f 2812 2879 2880
f 2813 2881 2814
f 2813 2880 2881
f 2814 2882 2815
f 2814 2881 2882
f 2815 2883 2816
f 2815 2882 2883
f 2816 2884 2817
f 2816 2883 2884
f 2817 2885 2818
f 2817 2884 2885
f 2818 2886 2819
f 2818 2885 2886
f 2819 2887 2820
f 2819 2886 2887
f 2820 2888 2821
f 2820 2887 2888
f 2821 2889 2822
f 2821 2888 2889
f 2822 2890 2823
f 2822 2889 2890
f 2823 2891 2824
f 2823 2890 2891
f 2824 2892 2825
f 2824 2891 2892
f 2825 2893 2827
f 2825 2892 2893
f 2828 2827 2894
f 2827 2895 2894
f 2827 2893 2895
f 2897 2896 2895
f 2895 2896 2894
f 2899 2898 2897
f 2897 2898 2896
f 2901 2900 2899
f 2899 2900 2898
f 2900 2901 2830
f 2901 2829 2830
f 2901 2902 2829
f 2829 2903 2831
f 2829 2902 2903
f 2831 2904 2832
f 2831 2903 2904
f 2832 2905 2833
f 2832 2904 2905
f 2833 2906 2834
f 2833 2905 2906
f 2834 2907 2835
f 2834 2906 2907
f 2835 2908 2836
f 2835 2907 2908
f 2908 2241 2239
f 2908 2239 2836
f 2242 2909 2837
f 2242 2837 2240
f 2837 2910 2838
f 2837 2909 2910
f 2838 2911 2839
f 2838 2910 2911
f 2839 2912 2840
f 2839 2911 2912
f 2840 2913 2841
f 2840 2912 2913
f 2841 2914 2842
f 2841 2913 2914
f 2842 2915 2843
f 2842 2914 2915
f 2843 2916 2844
f 2843 2915 2916
f 2844 2917 2845
f 2844 2916 2917
f 2845 2918 2846
f 2845 2917 2918
f 2846 2919 2847
f 2846 2918 2919
f 2847 2920 2848
f 2847 2919 2920
f 2848 2921 2849
f 2848 2920 2921
f 2849 2922 2850
f 2849 2921 2922
f 2850 2923 2851
f 2850 2922 2923
f 2851 2924 2852
f 2851 2923 2924
f 2852 2925 2853
f 2852 2924 2925
f 2853 2926 2854
f 2853 2925 2926
f 2854 2927 2855
f 2854 2926 2927
f 2855 2928 2856
f 2855 2927 2928
f 2856 2929 2857
f 2856 2928 2929
f 2857 2930 2858
f 2857 2929 2930
f 2858 2931 2859
f 2858 2930 2931
f 2859 2932 2860
f 2859 2931 2932
f 2860 2933 2861
f 2860 2932 2933
f 2861 2934 2862
f 2861 2933 2934
f 2862 2935 2863
f 2862 2934 2935
f 2863 2936 2864
f 2863 2935 2936
f 2864 2937 2865
f 2864 2936 2937
f 2865 2938 2866
f 2865 2937 2938
f 2866 2939 2867
f 2866 2938 2939
f 2867 2940 2868
f 2867 2939 2940
f 2868 2941 2869
f 2868 2940 2941
f 2869 2942 2870
f 2869 2941 2942
f 2870 2943 2871
f 2870 2942 2943
f 2871 2944 2872
f 2871 2943 2944
f 2872 2945 2873
f 2872 2944 2945
f 2873 2946 2874
f 2873 2945 2946
f 2874 2947 2875
f 2874 2946 2947
f 2875 2948 2876
f 2875 2947 2948
f 2876 2949 2877
f 2876 2948 2949
f 2877 2950 2878
f 2877 2949 2950
f 2878 2951 2879
f 2878 2950 2951
f 2879 2952 2880
f 2879 2951 2952
f 2880 2953 2881
f 2880 2952 2953
f 2881 2954 2882
f 2881 2953 2954
f 2882 2955 2883
f 2882 2954 2955
f 2883 2956 2884
f 2883 2955 2956
f 2884 2957 2885
f 2884 2956 2957
f 2885 2958 2886
f 2885 2957 2958
f 2886 2959 2887
f 2886 2958 2959
f 2887 2960 2888
f 2887 2959 2960
f 2888 2961 2889
f 2888 2960 2961
f 2889 2962 2890
f 2889 2961 2962
f 2890 2963 2891
f 2890 2962 2963
f 2891 2964 2892
f 2891 2963 2964
f 2892 2965 2893
f 2892 2964 2965
f 2893 2966 2895
f 2893 2965 2966
f 2895 2967 2897
f 2895 2966 2967
f 2897 2968 2899
f 2897 2967 2968
f 2899 2969 2901
f 2899 2968 2969
f 2901 2970 2902
f 2901 2969 2970
f 2972 2903 2971
f 2903 2970 2971
f 2903 2902 2970
f 2903 2972 2904
f 2904 2972 2973
f 2904 2973 2905
f 2905 2973 2974
f 2905 2974 2906
f 2906 2974 2975
f 2906 2975 2907
f 2907 2975 2976
f 2978 2977 2976
f 2977 2907 2976
f 2977 2908 2907
f 2977 2243 2241
f 2977 2241 2908
f 2244 2979 2909
f 2244 2909 2242
f 2909 2980 2910
f 2909 2979 2980
f 2982 2911 2981
f 2911 2980 2981
f 2911 2910 2980
f 2911 2982 2912
f 2912 2982 2983
f 2985 2984 2983
f 2984 2912 2983
f 2984 2913 2912
f 2913 2986 2914
f 2913 2984 2986
f 2914 2987 2915
f 2914 2986 2987
f 2915 2988 2916
f 2915 2987 2988
f 2916 2989 2917
f 2916 2988 2989
f 2917 2990 2918
f 2917 2989 2990
f 2918 2991 2919
f 2918 2990 2991
f 2919 2992 2920
f 2919 2991 2992
f 2920 2993 2921
f 2920 2992 2993
f 2921 2994 2922
f 2921 2993 2994
f 2922 2995 2923
f 2922 2994 2995
f 2923 2996 2924
f 2923 2995 2996
f 2924 2997 2925
f 2924 2996 2997
f 2925 2998 2926
f 2925 2997 2998
f 2926 2999 2927
f 2926 2998 2999
f 2927 3000 2928
f 2927 2999 3000
f 2928 3001 2929
f 2928 3000 3001
f 2929 3002 2930
f 2929 3001 3002
f 2930 3003 2931
f 2930 3002 3003
f 2931 3004 2932
f 2931 3003 3004
f 2932 3005 2933
f 2932 3004 3005
f 2933 3006 2934
f 2933 3005 3006
f 2934 3007 2935
f 2934 3006 3007
f 2935 3008 2936
f 2935 3007 3008
f 2936 3009 2937
f 2936 3008 3009
f 2937 3010 2938
f 2937 3009 3010
f 2938 3011 2939
f 2938 3010 3011
f 2939 3012 2940
f 2939 3011 3012
f 2940 3013 2941
f 2940 3012 3013
f 2941 3014 2942
f 2941 3013 3014
f 2942 3015 2943
f 2942 3014 3015
f 2943 3016 2944
f 2943 3015 3016
f 2944 3017 2945
f 2944 3016 3017
f 2945 3018 2946
f 2945 3017 3018
f 2946 3019 2947
f 2946 3018 3019
f 2947 3020 2948
f 2947 3019 3020
f 2948 3021 2949
f 2948 3020 3021
f 2949 3022 2950
f 2949 3021 3022
f 2950 3023 2951
f 2950 3022 3023
f 2951 3024 2952
f 2951 3023 3024
f 2952 3025 2953
f 2952 3024 3025
f 2953 3026 2954
f 2953 3025 3026
f 2954 3027 2955
f 2954 3026 3027
f 2955 3028 2956
f 2955 3027 3028
f 2956 3029 2957
f 2956 3028 3029
f 2957 3030 2958
f 2957 3029 3030
f 2958 3031 2959
f 2958 3030 3031
f 2959 3032 2960
f 2959 3031 3032
f 2960 3033 2961
f 2960 3032 3033
f 2961 3034 2962
f 2961 3033 3034
f 2962 3035 2963
f 2962 3034 3035
f 2963 3036 2964
f 2963 3035 3036
f 2964 3037 2965
f 2964 3036 3037
f 2965 3038 2966
f 2965 3037 3038
f 2966 3039 2967
f 2966 3038 3039
f 3041 2968 3040
f 2968 3039 3040
f 2968 2967 3039
f 2968 3041 2969
f 2969 3041 3042
f 2969 3042 2970
f 2970 3042 3043
f 2970 3043 2971
f 2977 2978 3044
f 3044 2978 3045
f 3044 2245 2243
f 3044 2243 2977
f 2246 3046 2979
f 2246 2979 2244
f 2979 3047 2980
f 2979 3046 3047
f 2981 2980 3048
f 3048 2980 3047
f 2984 2985 3049
f 3049 2985 3050
f 2984 3051 2986
f 2984 3049 3051
f 2986 3052 2987
f 2986 3051 3052
f 2987 3053 2988
f 2987 3052 3053
f 2988 3054 2989
f 2988 3053 3054
f 2989 3055 2990
f 2989 3054 3055
f 2990 3056 2991
f 2990 3055 3056
f 2991 3057 2992
f 2991 3056 3057
f 2992 3058 2993
f 2992 3057 3058
f 2993 3059 2994
f 2993 3058 3059
f 2994 3060 2995
f 2994 3059 3060
f 2995 3061 2996
f 2995 3060 3061
f 2996 3062 2997
f 2996 3061 3062
f 2997 3063 2998
f 2997 3062 3063
f 2998 3064 2999
f 2998 3063 3064
f 2999 3065 3000
f 2999 3064 3065
f 3000 3066 3001
f 3000 3065 3066
f 3001 3067 3002
f 3001 3066 3067
f 3002 3068 3003
f 3002 3067 3068
f 3003 3069 3004
f 3003 3068 3069
f 3004 3070 3005
f 3004 3069 3070
f 3005 3071 3006
f 3005 3070 3071
f 3006 3072 3007
f 3006 3071 3072
f 3007 3073 3008
f 3007 3072 3073
f 3008 3074 3009
f 3008 3073 3074
f 3009 3075 3010
f 3009 3074 3075
f 3010 3076 3011
f 3010 3075 3076
f 3011 3077 3012
f 3011 3076 3077
f 3012 3078 3013
f 3012 3077 3078
f 3013 3079 3014
f 3013 3078 3079
f 3014 3080 3015
f 3014 3079 3080
f 3015 3081 3016
f 3015 3080 3081
f 3016 3082 3017
f 3016 3081 3082
f 3017 3083 3018
f 3017 3082 3083
f 3018 3084 3019
f 3018 3083 3084
f 3019 3085 3020
f 3019 3084 3085
f 3020 3086 3021
f 3020 3085 3086
f 3021 3087 3022
f 3021 3086 3087
f 3022 3088 3023
f 3022 3087 3088
f 3023 3089 3024
f 3023 3088 3089
f 3024 3090 3025
f 3024 3089 3090
f 3025 3091 3026
f 3025 3090 3091
f 3026 3092 3027
f 3026 3091 3092
f 3027 3093 3028
f 3027 3092 3093
f 3028 3094 3029
f 3028 3093 3094
f 3029 3095 3030
f 3029 3094 3095
f 3030 3096 3031
f 3030 3095 3096
f 3031 3097 3032
f 3031 3096 3097
f 3032 3098 3033
f 3032 3097 3098
f 3033 3099 3034
f 3033 3098 3099
f 3034 3100 3035
f 3034 3099 3100
f 3035 3101 3036
f 3035 3100 3101
f 3036 3102 3037
f 3036 3101 3102
f 3037 3103 3038
f 3037 3102 3103
f 3038 3104 3039
f 3038 3103 3104
f 3040 3039 3105
f 3039 3106 3105
f 3039 3104 3106
f 3108 3107 3106
f 3106 3107 3105
f 3110 3109 3108
f 3108 3109 3107
f 3112 3111 3110
f 3110 3111 3109
f 3114 3113 3112
f 3112 3113 3111
f 3116 3115 3114
f 3114 3115 3113
f 3118 3117 3116
f 3116 3117 3115
f 3120 3119 3118
f 3118 3119 3117
f 3119 3120 3045
f 3120 3044 3045
f 3120 3121 3044
f 3121 2247 2245
f 3121 2245 3044
f 2248 3122 3046
f 2248 3046 2246
f 3046 3123 3047
f 3046 3122 3123
f 3048 3047 3124
f 3124 3047 3123
f 3049 3050 3125
f 3125 3050 3126
f 3049 3127 3051
f 3049 3125 3127
f 3051 3128 3052
f 3051 3127 3128
f 3052 3129 3053
f 3052 3128 3129
f 3053 3130 3054
f 3053 3129 3130
f 3054 3131 3055
f 3054 3130 3131
f 3055 3132 3056
f 3055 3131 3132
f 3056 3133 3057
f 3056 3132 3133
f 3057 3134 3058
f 3057 3133 3134
f 3058 3135 3059
f 3058 3134 3135
f 3059 3136 3060
f 3059 3135 3136
f 3060 3137 3061
f 3060 3136 3137
f 3061 3138 3062
f 3061 3137 3138
f 3062 3139 3063
f 3062 3138 3139
f 3063 3140 3064
f 3063 3139 3140
f 3064 3141 3065
f 3064 3140 3141
f 3065 3142 3066
f 3065 3141 3142
f 3066 3143 3067
f 3066 3142 3143
f 3067 3144 3068
f 3067 3143 3144
f 3068 3145 3069
f 3068 3144 3145
f 3069 3146 3070
f 3069 3145 3146
f 3070 3147 3071
f 3070 3146 3147
f 3071 3148 3072
f 3071 3147 3148
f 3072 3149 3073
f 3072 3148 3149
f 3073 3150 3074
f 3073 3149 3150
f 3074 3151 3075
f 3074 3150 3151
f 3075 3152 3076
f 3075 3151 3152
f 3076 3153 3077
f 3076 3152 3153
f 3077 3154 3078
f 3077 3153 3154
f 3078 3155 3079
f 3078 3154 3155
f 3079 3156 3080
f 3079 3155 3156
f 3080 3157 3081
f 3080 3156 3157
f 3081 3158 3082
f 3081 3157 3158
f 3082 3159 3083
f 3082 3158 3159
f 3083 3160 3084
f 3083 3159 3160
f 3084 3161 3085
f 3084 3160 3161
f 3085 3162 3086
f 3085 3161 3162
f 3086 3163 3087
f 3086 3162 3163
f 3087 3164 3088
f 3087 3163 3164
f 3088 3165 3089
f 3088 3164 3165
f 3089 3166 3090
f 3089 3165 3166
f 3090 3167 3091
f 3090 3166 3167
f 3091 3168 3092
f 3091 3167 3168
f 3092 3169 3093
f 3092 3168 3169
f 3093 3170 3094
f 3093 3169 3170
f 3094 3171 3095
f 3094 3170 3171
f 3095 3172 3096
f 3095 3171 3172
f 3096 3173 3097
f 3096 3172 3173
f 3097 3174 3098
f 3097 3173 3174
f 3098 3175 3099
f 3098 3174 3175
f 3099 3176 3100
f 3099 3175 3176
f 3100 3177 3101
f 3100 3176 3177
f 3101 3178 3102
f 3101 3177 3178
f 3102 3179 3103
f 3102 3178 3179
f 3103 3180 3104
f 3103 3179 3180
f 3104 3181 3106
f 3104 3180 3181
f 3106 3182 3108
f 3106 3181 3182
f 3108 3183 3110
f 3108 3182 3183
f 3110 3184 3112
f 3110 3183 3184
f 3112 3185 3114
f 3112 3184 3185
f 3114 3186 3116
f 3114 3185 3186
f 3116 3187 3118
f 3116 3186 3187
f 3118 3188 3120
f 3118 3187 3188
f 3120 3189 3121
f 3120 3188 3189
f 3189 2249 2247
f 3189 2247 3121
f 2250 3190 3122
f 2250 3122 2248
f 3122 3191 3123
f 3122 3190 3191
f 3124 3123 3192
f 3192 3123 3191
f 3195 3194 3193
f 3197 3196 3193
f 3196 3125 3193
f 3126 3195 3193
f 3126 3193 3125
f 3125 3196 3127
f 3127 3196 3198
f 3200 3199 3198
f 3199 3127 3198
f 3199 3128 3127
f 3128 3201 3129
f 3128 3199 3201
f 3129 3202 3130
f 3129 3201 3202
f 3130 3203 3131
f 3130 3202 3203
f 3131 3204 3132
f 3131 3203 3204
f 3132 3205 3133
f 3132 3204 3205
f 3133 3206 3134
f 3133 3205 3206
f 3134 3207 3135
f 3134 3206 3207
f 3135 3208 3136
f 3135 3207 3208
f 3136 3209 3137
f 3136 3208 3209
f 3137 3210 3138
f 3137 3209 3210
f 3138 3211 3139
f 3138 3210 3211
f 3139 3212 3140
f 3139 3211 3212
f 3140 3213 3141
f 3140 3212 3213
f 3141 3214 3142
f 3141 3213 3214
f 3142 3215 3143
f 3142 3214 3215
f 3143 3216 3144
f 3143 3215 3216
f 3144 3217 3145
f 3144 3216 3217
f 3145 3218 3146
f 3145 3217 3218
f 3146 3219 3147
f 3146 3218 3219
f 3147 3220 3148
f 3147 3219 3220
f 3148 3221 3149
f 3148 3220 3221
f 3149 3222 3150
f 3149 3221 3222
f 3150 3223 3151
f 3150 3222 3223
f 3151 3224 3152
f 3151 3223 3224
f 3152 3225 3153
f 3152 3224 3225
f 3153 3226 3154
f 3153 3225 3226
f 3154 3227 3155
f 3154 3226 3227
f 3155 3228 3156
f 3155 3227 3228
f 3156 3229 3157
f 3156 3228 3229
f 3157 3230 3158
f 3157 3229 3230
f 3158 3231 3159
f 3158 3230 3231
f 3159 3232 3160
f 3159 3231 3232
f 3160 3233 3161
f 3160 3232 3233
f 3161 3234 3162
f 3161 3233 3234
f 3162 3235 3163
f 3162 3234 3235
f 3163 3236 3164
f 3163 3235 3236
f 3164 3237 3165
f 3164 3236 3237
f 3165 3238 3166
f 3165 3237 3238
f 3166 3239 3167
f 3166 3238 3239
f 3167 3240 3168
f 3167 3239 3240
f 3168 3241 3169
f 3168 3240 3241
f 3169 3242 3170
f 3169 3241 3242
f 3170 3243 3171
f 3170 3242 3243
f 3171 3244 3172
f 3171 3243 3244
f 3172 3245 3173
f 3172 3244 3245
f 3173 3246 3174
f 3173 3245 3246
f 3174 3247 3175
f 3174 3246 3247
f 3175 3248 3176
f 3175 3247 3248
f 3176 3249 3177
f 3176 3248 3249
f 3177 3250 3178
f 3177 3249 3250
f 3178 3251 3179
f 3178 3250 3251
f 3179 3252 3180
f 3179 3251 3252
f 3180 3253 3181
f 3180 3252 3253
f 3181 3254 3182
f 3181 3253 3254
f 3182 3255 3183
f 3182 3254 3255
f 3183 3256 3184
f 3183 3255 3256
f 3184 3257 3185
f 3184 3256 3257
f 3185 3258 3186
f 3185 3257 3258
f 3186 3259 3187
f 3186 3258 3259
f 3187 3260 3188
f 3187 3259 3260
f 3188 3261 3189
f 3188 3260 3261
f 3261 2251 2249
f 3261 2249 3189
f 2252 3262 3190
f 2252 3190 2250
f 3190 3263 3191
f 3190 3262 3263
f 3192 3191 3264
f 3191 3265 3264
f 3191 3263 3265
f 3264 3265 3194
f 3265 3193 3194
f 3265 3266 3193
f 3197 3193 3267
f 3193 3268 3267
f 3193 3266 3268
f 3270 3269 3268
f 3268 3269 3267
f 3269 3270 3200
f 3270 3199 3200
f 3270 3271 3199
f 3199 3272 3201
f 3199 3271 3272
f 3201 3273 3202
f 3201 3272 3273
f 3202 3274 3203
f 3202 3273 3274
f 3203 3275 3204
f 3203 3274 3275
f 3204 3276 3205
f 3204 3275 3276
f 3205 3277 3206
f 3205 3276 3277
f 3206 3278 3207
f 3206 3277 3278
f 3207 3279 3208
f 3207 3278 3279
f 3208 3280 3209
f 3208 3279 3280
f 3282 3210 3281
f 3210 3280 3281
f 3210 3209 3280
f 3210 3282 3211
f 3211 3282 3283
f 3211 3283 3212
f 3212 3283 3284
f 3212 3284 3213
f 3213 3284 3285
f 3213 3285 3214
f 3214 3285 3286
f 3288 3287 3286
f 3287 3214 3286
f 3287 3215 3214
f 3215 3289 3216
f 3215 3287 3289
f 3216 3290 3217
f 3216 3289 3290
f 3217 3291 3218
f 3217 3290 3291
f 3218 3292 3219
f 3218 3291 3292
f 3219 3293 3220
f 3219 3292 3293
f 3220 3294 3221
f 3220 3293 3294
f 3221 3295 3222
f 3221 3294 3295
f 3222 3296 3223
f 3222 3295 3296
f 3223 3297 3224
f 3223 3296 3297
f 3224 3298 3225
f 3224 3297 3298
f 3225 3299 3226
f 3225 3298 3299
f 3226 3300 3227
f 3226 3299 3300
f 3227 3301 3228
f 3227 3300 3301
f 3228 3302 3229
f 3228 3301 3302
f 3229 3303 3230
f 3229 3302 3303
f 3230 3304 3231
f 3230 3303 3304
f 3231 3305 3232
f 3231 3304 3305
f 3232 3306 3233
f 3232 3305 3306
f 3233 3307 3234
f 3233 3306 3307
f 3234 3308 3235
f 3234 3307 3308
f 3235 3309 3236
f 3235 3308 3309
f 3236 3310 3237
f 3236 3309 3310
f 3237 3311 3238
f 3237 3310 3311
f 3238 3312 3239
f 3238 3311 3312
f 3239 3313 3240
f 3239 3312 3313
f 3240 3314 3241
f 3240 3313 3314
f 3241 3315 3242
f 3241 3314 3315
f 3242 3316 3243
f 3242 3315 3316
f 3243 3317 3244
f 3243 3316 3317
f 3244 3318 3245
f 3244 3317 3318
f 3245 3319 3246
f 3245 3318 3319
f 3246 3320 3247
f 3246 3319 3320
f 3247 3321 3248
f 3247 3320 3321
f 3248 3322 3249
f 3248 3321 3322
f 3249 3323 3250
f 3249 3322 3323
f 3250 3324 3251
f 3250 3323 3324
f 3251 3325 3252
f 3251 3324 3325
f 3252 3326 3253
f 3252 3325 3326
f 3253 3327 3254
f 3253 3326 3327
f 3254 3328 3255
f 3254 3327 3328
f 3255 3329 3256
f 3255 3328 3329
f 3256 3330 3257
f 3256 3329 3330
f 3257 3331 3258
f 3257 3330 3331
f 3258 3332 3259
f 3258 3331 3332
f 3259 3333 3260
f 3259 3332 3333
f 3260 3334 3261
f 3260 3333 3334
f 3334 2253 2251
f 3334 2251 3261
f 2254 3262 2252
f 3262 2254 2256
f 3335 3262 2256
f 3263 3262 3335
f 3263 3336 3265
f 3263 3335 3336
f 3265 3337 3266
f 3265 3336 3337
f 3266 3338 3268
f 3266 3337 3338
f 3268 3339 3270
f 3268 3338 3339
f 3270 3340 3271
f 3270 3339 3340
f 3342 3272 3341
f 3272 3340 3341
f 3272 3271 3340
f 3344 3343 3342
f 3343 3272 3342
f 3343 3273 3272
f 3273 3345 3274
f 3273 3343 3345
f 3274 3346 3275
f 3274 3345 3346
f 3275 3347 3276
f 3275 3346 3347
f 3276 3348 3277
f 3276 3347 3348
f 3277 3349 3278
f 3277 3348 3349
f 3278 3350 3279
f 3278 3349 3350
f 3279 3351 3280
f 3279 3350 3351
f 3281 3280 3352
f 3352 3280 3351
f 3355 3354 3353
f 3355 3353 3288
f 3353 3287 3288
f 3353 3356 3287
f 3287 3357 3289
f 3287 3356 3357
f 3289 3358 3290
f 3289 3357 3358
f 3290 3359 3291
f 3290 3358 3359
f 3291 3360 3292
f 3291 3359 3360
f 3292 3361 3293
f 3292 3360 3361
f 3293 3362 3294
f 3293 3361 3362
f 3294 3363 3295
f 3294 3362 3363
f 3295 3364 3296
f 3295 3363 3364
f 3296 3365 3297
f 3296 3364 3365
f 3297 3366 3298
f 3297 3365 3366
f 3298 3367 3299
f 3298 3366 3367
f 3299 3368 3300
f 3299 3367 3368
f 3300 3369 3301
f 3300 3368 3369
f 3301 3370 3302
f 3301 3369 3370
f 3302 3371 3303
f 3302 3370 3371
f 3303 3372 3304
f 3303 3371 3372
f 3304 3373 3305
f 3304 3372 3373
f 3305 3374 3306
f 3305 3373 3374
f 3306 3375 3307
f 3306 3374 3375
f 3307 3376 3308
f 3307 3375 3376
f 3308 3377 3309
f 3308 3376 3377
f 3309 3378 3310
f 3309 3377 3378
f 3310 3379 3311
f 3310 3378 3379
f 3311 3380 3312
f 3311 3379 3380
f 3312 3381 3313
f 3312 3380 3381
f 3313 3382 3314
f 3313 3381 3382
f 3314 3383 3315
f 3314 3382 3383
f 3315 3384 3316
f 3315 3383 3384
f 3316 3385 3317
f 3316 3384 3385
f 3317 3386 3318
f 3317 3385 3386
f 3318 3387 3319
f 3318 3386 3387
f 3319 3388 3320
f 3319 3387 3388
f 3388 2258 2259
f 3321 3388 2259
f 3320 3388 3321
f 3321 2259 2260
f 3321 2260 3322
f 3322 2260 2262
f 3322 2262 3323
f 3323 2262 2264
f 3323 2264 3324
f 3324 2264 2266
f 3389 3324 2266
f 3325 3324 3389
f 3325 3390 3326
f 3325 3389 3390
f 3326 3391 3327
f 3326 3390 3391
f 3327 3392 3328
f 3327 3391 3392
f 3328 3393 3329
f 3328 3392 3393
f 3329 3394 3330
f 3329 3393 3394
f 3330 3395 3331
f 3330 3394 3395
f 3395 2268 2269
f 3332 3395 2269
f 3331 3395 3332
f 3332 2269 2270
f 3332 2270 3333
f 3333 2270 2272
f 3333 2272 3334
f 3334 2272 2253
f 2275 3396 3335
f 2275 3335 2256
f 3335 3397 3336
f 3335 3396 3397
f 3336 3398 3337
f 3336 3397 3398
f 3337 3399 3338
f 3337 3398 3399
f 3338 3400 3339
f 3338 3399 3400
f 3339 3401 3340
f 3339 3400 3401
f 3341 3340 3402
f 3402 3340 3401
f 3343 3344 3403
f 3403 3344 3404
f 3343 3405 3345
f 3343 3403 3405
f 3345 3406 3346
f 3345 3405 3406
f 3346 3407 3347
f 3346 3406 3407
f 3347 3408 3348
f 3347 3407 3408
f 3348 3409 3349
f 3348 3408 3409
f 3349 3410 3350
f 3349 3409 3410
f 3350 3411 3351
f 3350 3410 3411
f 3352 3351 3412
f 3351 3413 3412
f 3351 3411 3413
f 3415 3414 3413
f 3413 3414 3412
f 3417 3416 3415
f 3415 3416 3414
f 3419 3418 3417
f 3417 3418 3416
f 3418 3419 3354
f 3419 3353 3354
f 3419 3420 3353
f 3353 3421 3356
f 3353 3420 3421
f 3356 3422 3357
f 3356 3421 3422
f 3357 3423 3358
f 3357 3422 3423
f 3358 3424 3359
f 3358 3423 3424
f 3359 3425 3360
f 3359 3424 3425
f 3360 3426 3361
f 3360 3425 3426
f 3361 3427 3362
f 3361 3426 3427
f 3427 2277 2278
f 3363 3427 2278
f 3362 3427 3363
f 3363 2278 2279
f 3363 2279 3364
f 3364 2279 2281
f 3364 2281 3365
f 3365 2281 2283
f 3365 2283 3366
f 3366 2283 2285
f 3366 2285 3367
f 3367 2285 2287
f 3367 2287 3368
f 3368 2287 2289
f 3368 2289 3369
f 3369 2289 2291
f 3369 2291 3370
f 3370 2291 2293
f 3370 2293 3371
f 3371 2293 2295
f 3371 2295 3372
f 3372 2295 2297
f 3372 2297 3373
f 3373 2297 2299
f 3373 2299 3374
f 3374 2299 2301
f 3374 2301 3375
f 3375 2301 2303
f 3375 2303 3376
f 3376 2303 2305
f 3376 2305 3377
f 3377 2305 2307
f 3377 2307 3378
f 3378 2307 2309
f 3378 2309 3379
f 3379 2309 2311
f 3379 2311 3380
f 3380 2311 2313
f 3380 2313 3381
f 3381 2313 2315
f 3381 2315 3382
f 3382 2315 2317
f 3382 2317 3383
f 3383 2317 2319
f 3383 2319 3384
f 3384 2319 2320
f 3384 2320 3385
f 3385 2320 2321
f 3385 2321 3386
f 3386 2321 2322
f 3386 2322 3387
f 3387 2322 2323
f 3387 2323 3388
f 3388 2323 2258
f 2324 3389 2266
f 3389 2324 2325
f 3389 2325 3390
f 3390 2325 2327
f 3390 2327 3391
f 3391 2327 2329
f 3391 2329 3392
f 3392 2329 2331
f 3392 2331 3393
f 3393 2331 2333
f 3393 2333 3394
f 3394 2333 2335
f 3394 2335 3395
f 3395 2335 2268
f 2338 3428 3396
f 2338 3396 2275
f 3396 3429 3397
f 3396 3428 3429
f 3397 3430 3398
f 3397 3429 3430
f 3398 3431 3399
f 3398 3430 3431
f 3399 3432 3400
f 3399 3431 3432
f 3400 3433 3401
f 3400 3432 3433
f 3402 3401 3434
f 3401 3435 3434
f 3401 3433 3435
f 3434 3435 3404
f 3435 3403 3404
f 3435 3436 3403
f 3403 3437 3405
f 3403 3436 3437
f 3405 3438 3406
f 3405 3437 3438
f 3406 3439 3407
f 3406 3438 3439
f 3407 3440 3408
f 3407 3439 3440
f 3408 3441 3409
f 3408 3440 3441
f 3409 3442 3410
f 3409 3441 3442
f 3410 3443 3411
f 3410 3442 3443
f 3411 3444 3413
f 3411 3443 3444
f 3413 3445 3415
f 3413 3444 3445
f 3415 3446 3417
f 3415 3445 3446
f 3446 2340 2341
f 3419 3446 2341
f 3417 3446 3419
f 3419 2341 2342
f 3419 2342 3420
f 3420 2342 2344
f 3420 2344 3421
f 3421 2344 2346
f 3421 2346 3422
f 3422 2346 2348
f 3422 2348 3423
f 3423 2348 2349
f 3423 2349 3424
f 3424 2349 2350
f 3424 2350 3425
f 3425 2350 2351
f 3425 2351 3426
f 3426 2351 2352
f 3426 2352 3427
f 3427 2352 2277
f 2354 3447 3428
f 2354 3428 2338
f 3428 3448 3429
f 3428 3447 3448
f 3429 3449 3430
f 3429 3448 3449
f 3430 3450 3431
f 3430 3449 3450
f 3431 3451 3432
f 3431 3450 3451
f 3432 3452 3433
f 3432 3451 3452
f 3433 3453 3435
f 3433 3452 3453
f 3435 3454 3436
f 3435 3453 3454
f 3436 3455 3437
f 3436 3454 3455
f 3437 3456 3438
f 3437 3455 3456
f 3438 3457 3439
f 3438 3456 3457
f 3439 3458 3440
f 3439 3457 3458
f 3440 3459 3441
f 3440 3458 3459
f 3441 3460 3442
f 3441 3459 3460
f 3442 3461 3443
f 3442 3460 3461
f 3443 3462 3444
f 3443 3461 3462
f 3462 2356 2357
f 3445 3462 2357
f 3444 3462 3445
f 3445 2357 2358
f 3445 2358 3446
f 3446 2358 2340
f 2362 3463 3447
f 2362 3447 2354
f 3447 3464 3448
f 3447 3463 3464
f 3448 3465 3449
f 3448 3464 3465
f 3449 3466 3450
f 3449 3465 3466
f 3450 3467 3451
f 3450 3466 3467
f 3451 3468 3452
f 3451 3467 3468
f 3452 3469 3453
f 3452 3468 3469
f 3453 3470 3454
f 3453 3469 3470
f 3454 3471 3455
f 3454 3470 3471
f 3455 3472 3456
f 3455 3471 3472
f 3456 3473 3457
f 3456 3472 3473
f 3457 3474 3458
f 3457 3473 3474
f 3458 3475 3459
f 3458 3474 3475
f 3459 3476 3460
f 3459 3475 3476
f 3460 3477 3461
f 3460 3476 3477
f 3477 2364 2365
f 3462 3477 2365
f 3461 3477 3462
f 3462 2365 2356
f 2368 3463 2362
f 3463 2368 2370
f 3478 3463 2370
f 3464 3463 3478
f 3464 3479 3465
f 3464 3478 3479
f 3465 3480 3466
f 3465 3479 3480
f 3466 3481 3467
f 3466 3480 3481
f 3467 3482 3468
f 3467 3481 3482
f 3468 3483 3469
f 3468 3482 3483
f 3469 3484 3470
f 3469 3483 3484
f 3470 3485 3471
f 3470 3484 3485
f 3471 3486 3472
f 3471 3485 3486
f 3472 3487 3473
f 3472 3486 3487
f 3473 3488 3474
f 3473 3487 3488
f 3474 3489 3475
f 3474 3488 3489
f 3475 3490 3476
f 3475 3489 3490
f 3490 2372 2373
f 3477 3490 2373
f 3476 3490 3477
f 3477 2373 2364
f 2376 3478 2370
f 3478 2376 2378
f 3491 3478 2378
f 3479 3478 3491
f 3479 3492 3480
f 3479 3491 3492
f 3480 3493 3481
f 3480 3492 3493
f 3481 3494 3482
f 3481 3493 3494
f 3482 3495 3483
f 3482 3494 3495
f 3483 3496 3484
f 3483 3495 3496
f 3484 3497 3485
f 3484 3496 3497
f 3485 3498 3486
f 3485 3497 3498
f 3486 3499 3487
f 3486 3498 3499
f 3487 3500 3488
f 3487 3499 3500
f 3488 3501 3489
f 3488 3500 3501
f 3501 2380 2381
f 3490 3501 2381
f 3489 3501 3490
f 3490 2381 2372
f 2382 3491 2378
f 3491 2382 2384
f 3491 2384 3492
f 3492 2384 2386
f 3492 2386 3493
f 3493 2386 2388
f 3502 3493 2388
f 3494 3493 3502
f 3494 3503 3495
f 3494 3502 3503
f 3495 3504 3496
f 3495 3503 3504
f 3496 3505 3497
f 3496 3504 3505
f 3497 3506 3498
f 3497 3505 3506
f 3498 3507 3499
f 3498 3506 3507
f 3499 3508 3500
f 3499 3507 3508
f 3508 2390 2391
f 3501 3508 2391
f 3500 3508 3501
f 3501 2391 2380
f 2393 3509 3502
f 2393 3502 2388
f 3502 3510 3503
f 3502 3509 3510
f 3503 3511 3504
f 3503 3510 3511
f 3504 3512 3505
f 3504 3511 3512
f 3512 2395 2396
f 3506 3512 2396
f 3505 3512 3506
f 3506 2396 2397
f 3506 2397 3507
f 3507 2397 2399
f 3507 2399 3508
f 3508 2399 2390
f 2402 3509 2393
f 3509 2402 2404
f 3509 2404 3510
f 3510 2404 2406
f 3510 2406 3511
f 3511 2406 2408
f 3511 2408 3512
f 3512 2408 2395
f 2517 3513 2518
f 3514 2519 2518
f 3514 2518 3513
f 3515 2520 2519
f 3515 2519 3514
f 3516 2521 2520
f 3516 2520 3515
f 3517 2522 2521
f 3517 2521 3516
f 3518 2523 2522
f 3518 2522 3517
f 3518 2525 2523
f 2531 3519 2532
f 3520 2533 2532
f 3520 2532 3519
f 3520 2535 2533
f 2540 3521 2541
f 3522 2542 2541
f 3522 2541 3521
f 3523 2543 2542
f 3523 2542 3522
f 3523 2545 2543
f 2582 3524 2583
f 3524 2585 2583
f 2587 3525 2588
f 3526 2589 2588
f 3526 2588 3525
f 3527 2590 2589
f 3527 2589 3526
f 3528 2591 2590
f 3528 2590 3527
f 3529 2592 2591
f 3529 2591 3528
f 3530 2593 2592
f 3530 2592 3529
f 3513 2517 2593
f 3530 3513 2593
f 3531 3513 3530
f 3513 3532 3514
f 3513 3531 3532
f 3514 3533 3515
f 3514 3532 3533
f 3515 3534 3516
f 3515 3533 3534
f 3516 3535 3517
f 3516 3534 3535
f 3517 3536 3518
f 3517 3535 3536
f 3537 2594 2525
f 3518 3537 2525
f 3536 3537 3518
f 3538 2595 2594
f 3538 2594 3537
f 3539 2596 2595
f 3539 2595 3538
f 3540 2597 2596
f 3540 2596 3539
f 3541 2598 2597
f 3541 2597 3540
f 3542 2599 2598
f 3542 2598 3541
f 3519 2531 2599
f 3542 3519 2599
f 3543 3519 3542
f 3519 3544 3520
f 3519 3543 3544
f 3545 2600 2535
f 3520 3545 2535
f 3544 3545 3520
f 3546 2601 2600
f 3546 2600 3545
f 3546 2603 2601
f 2605 3547 2606
f 3521 2540 2606
f 3547 3521 2606
f 3548 3521 3547
f 3521 3549 3522
f 3521 3548 3549
f 3522 3550 3523
f 3522 3549 3550
f 3551 2607 2545
f 3523 3551 2545
f 3550 3551 3523
f 3551 2609 2607
f 2645 3524 2582
f 3524 2645 2585
f 2649 3525 2587
f 3525 2649 2651
f 3525 2651 3526
f 3526 2651 2653
f 3526 2653 3527
f 3527 2653 2655
f 3527 2655 3528
f 3528 2655 2657
f 3528 2657 3529
f 3529 2657 2659
f 3529 2659 3530
f 3530 2659 2661
f 3530 2661 3531
f 3531 2661 2663
f 3531 2663 3532
f 3532 2663 2665
f 3532 2665 3533
f 3533 2665 2667
f 3533 2667 3534
f 3534 2667 2669
f 3552 3534 2669
f 3535 3534 3552
f 3535 3553 3536
f 3535 3552 3553
f 3536 3554 3537
f 3536 3553 3554
f 3537 3555 3538
f 3537 3554 3555
f 3538 3556 3539
f 3538 3555 3556
f 3556 2671 2672
f 3540 3556 2672
f 3539 3556 3540
f 3540 2672 2673
f 3540 2673 3541
f 3541 2673 2675
f 3541 2675 3542
f 3542 2675 2677
f 3542 2677 3543
f 3543 2677 2679
f 3543 2679 3544
f 3544 2679 2681
f 3544 2681 3545
f 3545 2681 2683
f 3545 2683 3546
f 2603 3546 2683
f 2685 2686 3557
f 3558 2687 2685
f 3558 2685 3557
f 3547 2605 2687
f 3558 3547 2687
f 3559 3547 3558
f 3547 3560 3548
f 3547 3559 3560
f 3560 2689 2690
f 3549 3560 2690
f 3548 3560 3549
f 3549 2690 2691
f 3549 2691 3550
f 3550 2691 2693
f 3550 2693 3551
f 3551 2693 2609
f 2744 3552 2669
f 3552 2744 2746
f 3552 2746 3553
f 3553 2746 2748
f 3553 2748 3554
f 3554 2748 2750
f 3554 2750 3555
f 3555 2750 2752
f 3555 2752 3556
f 3556 2752 2671
f 2760 3561 2761
f 3557 2686 2761
f 3561 3557 2761
f 3562 3557 3561
f 3557 3563 3558
f 3557 3562 3563
f 3558 3564 3559
f 3558 3563 3564
f 3559 3565 3560
f 3559 3564 3565
f 3565 2763 2689
f 3565 2689 3560
f 2826 3561 2760
f 3561 2826 2828
f 3566 3561 2828
f 3562 3561 3566
f 3562 3567 3563
f 3562 3566 3567
f 3563 3568 3564
f 3563 3567 3568
f 3564 3569 3565
f 3564 3568 3569
f 3569 2830 2763
f 3569 2763 3565
f 2894 3566 2828
f 3566 2894 2896
f 3566 2896 3567
f 3567 2896 2898
f 3567 2898 3568
f 3568 2898 2900
f 3568 2900 3569
f 3569 2900 2830
f 2971 3570 2972
f 3571 2973 2972
f 3571 2972 3570
f 3572 2974 2973
f 3572 2973 3571
f 3573 2975 2974
f 3573 2974 3572
f 3574 2976 2975
f 3574 2975 3573
f 3574 2978 2976
f 2981 3575 2982
f 3576 2983 2982
f 3576 2982 3575
f 3576 2985 2983
f 3040 3577 3041
f 3578 3042 3041
f 3578 3041 3577
f 3579 3043 3042
f 3579 3042 3578
f 3570 2971 3043
f 3579 3570 3043
f 3580 3570 3579
f 3570 3581 3571
f 3570 3580 3581
f 3571 3582 3572
f 3571 3581 3582
f 3572 3583 3573
f 3572 3582 3583
f 3573 3584 3574
f 3573 3583 3584
f 3584 3045 2978
f 3584 2978 3574
f 3048 3585 3575
f 3048 3575 2981
f 3575 3586 3576
f 3575 3585 3586
f 3586 3050 2985
f 3586 2985 3576
f 3105 3577 3040
f 3577 3105 3107
f 3577 3107 3578
f 3578 3107 3109
f 3578 3109 3579
f 3579 3109 3111
f 3579 3111 3580
f 3580 3111 3113
f 3580 3113 3581
f 3581 3113 3115
f 3581 3115 3582
f 3582 3115 3117
f 3582 3117 3583
f 3583 3117 3119
f 3583 3119 3584
f 3584 3119 3045
f 3124 3587 3585
f 3124 3585 3048
f 3585 3588 3586
f 3585 3587 3588
f 3588 3126 3050
f 3588 3050 3586
f 3192 3589 3587
f 3192 3587 3124
f 3589 3194 3195
f 3588 3589 3195
f 3587 3589 3588
f 3126 3588 3195
f 3196 3197 3590
f 3591 3198 3196
f 3591 3196 3590
f 3591 3200 3198
f 3264 3589 3192
f 3589 3264 3194
f 3267 3590 3197
f 3590 3267 3269
f 3590 3269 3591
f 3591 3269 3200
f 3281 3592 3282
f 3593 3283 3282
f 3593 3282 3592
f 3594 3284 3283
f 3594 3283 3593
f 3595 3285 3284
f 3595 3284 3594
f 3596 3286 3285
f 3596 3285 3595
f 3596 3288 3286
f 3341 3597 3342
f 3597 3344 3342
f 3352 3598 3592
f 3352 3592 3281
f 3592 3599 3593
f 3592 3598 3599
f 3593 3600 3594
f 3593 3599 3600
f 3594 3601 3595
f 3594 3600 3601
f 3601 3354 3355
f 3596 3601 3355
f 3595 3601 3596
f 3596 3355 3288
f 3402 3602 3597
f 3402 3597 3341
f 3602 3404 3344
f 3602 3344 3597
f 3412 3598 3352
f 3598 3412 3414
f 3598 3414 3599
f 3599 3414 3416
f 3599 3416 3600
f 3600 3416 3418
f 3600 3418 3601
f 3601 3418 3354
f 3434 3602 3402
f 3602 3434 3404
f 3605 3604 3603
f 3607 3606 3603
f 3607 3603 3604
f 3608 3606 3607
f 3611 3610 3609
f 3613 3612 3609
f 3613 3609 3610
f 3615 3614 3612
f 3615 3612 3613
f 3614 3615 3605
f 3603 3614 3605
f 3616 3614 3603
f 3617 3603 3606
f 3616 3603 3617
f 3606 3608 3618
f 3606 3618 3617
f 3621 3620 3619
f 3619 3620 3611
f 3609 3619 3611
f 3622 3619 3609
f 3623 3609 3612
f 3622 3609 3623
f 3624 3612 3614
f 3623 3612 3624
f 3625 3614 3616
f 3624 3614 3625
f 3626 3616 3617
f 3625 3616 3626
f 3617 3618 3627
f 3628 3617 3627
f 3626 3617 3628
f 3630 3629 3628
f 3630 3628 3627
f 3632 3631 3629
f 3632 3629 3630
f 3634 3633 3631
f 3634 3631 3632
f 3635 3633 3634
f 3638 3637 3636
f 3636 3637 3621
f 3619 3636 3621
f 3639 3636 3619
f 3640 3619 3622
f 3639 3619 3640
f 3641 3622 3623
f 3640 3622 3641
f 3642 3623 3624
f 3641 3623 3642
f 3643 3624 3625
f 3642 3624 3643
f 3644 3625 3626
f 3643 3625 3644
f 3645 3626 3628
f 3644 3626 3645
f 3646 3628 3629
f 3645 3628 3646
f 3647 3629 3631
f 3646 3629 3647
f 3648 3631 3633
f 3647 3631 3648
f 3633 3635 3649
f 3633 3649 3648
f 3652 3651 3650
f 3650 3651 3638
f 3636 3650 3638
f 3653 3650 3636
f 3654 3636 3639
f 3653 3636 3654
f 3655 3639 3640
f 3654 3639 3655
f 3656 3640 3641
f 3655 3640 3656
f 3657 3641 3642
f 3656 3641 3657
f 3658 3642 3643
f 3657 3642 3658
f 3659 3643 3644
f 3658 3643 3659
f 3660 3644 3645
f 3659 3644 3660
f 3661 3645 3646
f 3660 3645 3661
f 3662 3646 3647
f 3661 3646 3662
f 3663 3647 3648
f 3662 3647 3663
f 3648 3649 3664
f 3648 3664 3663
f 3667 3666 3665
f 3669 3668 3665
f 3669 3665 3666
f 3668 3669 3652
f 3650 3668 3652
f 3670 3668 3650
f 3671 3650 3653
f 3670 3650 3671
f 3672 3653 3654
f 3671 3653 3672
f 3673 3654 3655
f 3672 3654 3673
f 3674 3655 3656
f 3673 3655 3674
f 3675 3656 3657
f 3674 3656 3675
f 3676 3657 3658
f 3675 3657 3676
f 3677 3658 3659
f 3676 3658 3677
f 3678 3659 3660
f 3677 3659 3678
f 3679 3660 3661
f 3678 3660 3679
f 3680 3661 3662
f 3679 3661 3680
f 3681 3662 3663
f 3680 3662 3681
f 3663 3664 3682
f 3663 3682 3681
f 3685 3684 3683
f 3683 3684 3667
f 3665 3683 3667
f 3686 3683 3665
f 3687 3665 3668
f 3686 3665 3687
f 3688 3668 3670
f 3687 3668 3688
f 3689 3670 3671
f 3688 3670 3689
f 3690 3671 3672
f 3689 3671 3690
f 3691 3672 3673
f 3690 3672 3691
f 3692 3673 3674
f 3691 3673 3692
f 3693 3674 3675
f 3692 3674 3693
f 3694 3675 3676
f 3693 3675 3694
f 3695 3676 3677
f 3694 3676 3695
f 3696 3677 3678
f 3695 3677 3696
f 3697 3678 3679
f 3696 3678 3697
f 3698 3679 3680
f 3697 3679 3698
f 3699 3680 3681
f 3698 3680 3699
f 3681 3682 3700
f 3701 3681 3700
f 3699 3681 3701
f 3702 3701 3700
f 3705 3704 3703
f 3707 3706 3703
f 3707 3703 3704
f 3709 3708 3706
f 3709 3706 3707
f 3708 3709 3685
f 3683 3708 3685
f 3710 3708 3683
f 3711 3683 3686
f 3710 3683 3711
f 3712 3686 3687
f 3711 3686 3712
f 3713 3687 3688
f 3712 3687 3713
f 3714 3688 3689
f 3713 3688 3714
f 3715 3689 3690
f 3714 3689 3715
f 3716 3690 3691
f 3715 3690 3716
f 3717 3691 3692
f 3716 3691 3717
f 3718 3692 3693
f 3717 3692 3718
f 3719 3693 3694
f 3718 3693 3719
f 3720 3694 3695
f 3719 3694 3720
f 3721 3695 3696
f 3720 3695 3721
f 3722 3696 3697
f 3721 3696 3722
f 3723 3697 3698
f 3722 3697 3723
f 3724 3698 3699
f 3723 3698 3724
f 3725 3699 3701
f 3724 3699 3725
f 3701 3702 3726
f 3727 3701 3726
f 3725 3701 3727
f 3728 3727 3726
f 3731 3730 3729
f 3733 3732 3729
f 3733 3729 3730
f 3735 3734 3732
f 3735 3732 3733
f 3737 3736 3734
f 3737 3734 3735
f 3739 3738 3736
f 3739 3736 3737
f 3741 3740 3738
f 3741 3738 3739
f 3743 3742 3740
f 3743 3740 3741
f 3745 3744 3742
f 3745 3742 3743
f 3744 3745 3705
f 3703 3744 3705
f 3746 3744 3703
f 3747 3703 3706
f 3746 3703 3747
f 3748 3706 3708
f 3747 3706 3748
f 3749 3708 3710
f 3748 3708 3749
f 3750 3710 3711
f 3749 3710 3750
f 3751 3711 3712
f 3750 3711 3751
f 3752 3712 3713
f 3751 3712 3752
f 3753 3713 3714
f 3752 3713 3753
f 3754 3714 3715
f 3753 3714 3754
f 3755 3715 3716
f 3754 3715 3755
f 3756 3716 3717
f 3755 3716 3756
f 3757 3717 3718
f 3756 3717 3757
f 3758 3718 3719
f 3757 3718 3758
f 3759 3719 3720
f 3758 3719 3759
f 3760 3720 3721
f 3759 3720 3760
f 3761 3721 3722
f 3760 3721 3761
f 3762 3722 3723
f 3761 3722 3762
f 3763 3723 3724
f 3762 3723 3763
f 3764 3724 3725
f 3763 3724 3764
f 3765 3725 3727
f 3764 3725 3765
f 3727 3728 3766
f 3727 3766 3765
f 3769 3768 3767
f 3771 3770 3767
f 3771 3767 3768
f 3773 3772 3770
f 3773 3770 3771
f 3774 3772 3773
f 3777 3776 3775
f 3778 3775 3776
f 3781 3780 3779
f 3783 3782 3779
f 3783 3779 3780
f 3785 3784 3782
f 3785 3782 3783
f 3787 3786 3784
f 3787 3784 3785
f 3789 3788 3786
f 3789 3786 3787
f 3791 3790 3788
f 3791 3788 3789
f 3793 3792 3790
f 3793 3790 3791
f 3795 3794 3792
f 3795 3792 3793
f 3797 3796 3794
f 3797 3794 3795
f 3799 3798 3796
f 3799 3796 3797
f 3801 3800 3798
f 3801 3798 3799
f 3803 3802 3800
f 3803 3800 3801
f 3805 3804 3802
f 3805 3802 3803
f 3807 3806 3804
f 3807 3804 3805
f 3809 3808 3806
f 3809 3806 3807
f 3811 3810 3808
f 3811 3808 3809
f 3813 3812 3810
f 3813 3810 3811
f 3815 3814 3812
f 3815 3812 3813
f 3817 3816 3814
f 3817 3814 3815
f 3819 3818 3816
f 3819 3816 3817
f 3821 3820 3818
f 3821 3818 3819
f 3823 3822 3820
f 3823 3820 3821
f 3825 3824 3822
f 3825 3822 3823
f 3827 3826 3824
f 3827 3824 3825
f 3829 3828 3826
f 3829 3826 3827
f 3831 3830 3828
f 3831 3828 3829
f 3833 3832 3830
f 3833 3830 3831
f 3835 3834 3832
f 3835 3832 3833
f 3837 3836 3834
f 3837 3834 3835
f 3839 3838 3836
f 3839 3836 3837
f 3838 3839 3731
f 3729 3838 3731
f 3840 3838 3729
f 3841 3729 3732
f 3840 3729 3841
f 3842 3732 3734
f 3841 3732 3842
f 3843 3734 3736
f 3842 3734 3843
f 3844 3736 3738
f 3843 3736 3844
f 3845 3738 3740
f 3844 3738 3845
f 3846 3740 3742
f 3845 3740 3846
f 3847 3742 3744
f 3846 3742 3847
f 3848 3744 3746
f 3847 3744 3848
f 3849 3746 3747
f 3848 3746 3849
f 3850 3747 3748
f 3849 3747 3850
f 3851 3748 3749
f 3850 3748 3851
f 3852 3749 3750
f 3851 3749 3852
f 3853 3750 3751
f 3852 3750 3853
f 3854 3751 3752
f 3853 3751 3854
f 3855 3752 3753
f 3854 3752 3855
f 3856 3753 3754
f 3855 3753 3856
f 3857 3754 3755
f 3856 3754 3857
f 3858 3755 3756
f 3857 3755 3858
f 3859 3756 3757
f 3858 3756 3859
f 3860 3757 3758
f 3859 3757 3860
f 3861 3758 3759
f 3860 3758 3861
f 3862 3759 3760
f 3861 3759 3862
f 3863 3760 3761
f 3862 3760 3863
f 3864 3761 3762
f 3863 3761 3864
f 3865 3762 3763
f 3864 3762 3865
f 3866 3763 3764
f 3865 3763 3866
f 3867 3764 3765
f 3866 3764 3867
f 3765 3766 3868
f 3765 3868 3867
f 3769 3767 3869
f 3769 3869 3870
f 3871 3767 3770
f 3869 3767 3871
f 3872 3770 3772
f 3871 3770 3872
f 3772 3774 3873
f 3874 3772 3873
f 3872 3772 3874
f 3876 3875 3874
f 3876 3874 3873
f 3878 3877 3875
f 3878 3875 3876
f 3877 3878 3777
f 3775 3877 3777
f 3879 3877 3775
f 3775 3778 3880
f 3881 3775 3880
f 3879 3775 3881
f 3881 3880 3781
f 3779 3881 3781
f 3882 3881 3779
f 3883 3779 3782
f 3882 3779 3883
f 3884 3782 3784
f 3883 3782 3884
f 3885 3784 3786
f 3884 3784 3885
f 3886 3786 3788
f 3885 3786 3886
f 3887 3788 3790
f 3886 3788 3887
f 3888 3790 3792
f 3887 3790 3888
f 3889 3792 3794
f 3888 3792 3889
f 3890 3794 3796
f 3889 3794 3890
f 3891 3796 3798
f 3890 3796 3891
f 3892 3798 3800
f 3891 3798 3892
f 3893 3800 3802
f 3892 3800 3893
f 3894 3802 3804
f 3893 3802 3894
f 3895 3804 3806
f 3894 3804 3895
f 3896 3806 3808
f 3895 3806 3896
f 3897 3808 3810
f 3896 3808 3897
f 3898 3810 3812
f 3897 3810 3898
f 3899 3812 3814
f 3898 3812 3899
f 3900 3814 3816
f 3899 3814 3900
f 3901 3816 3818
f 3900 3816 3901
f 3902 3818 3820
f 3901 3818 3902
f 3903 3820 3822
f 3902 3820 3903
f 3904 3822 3824
f 3903 3822 3904
f 3905 3824 3826
f 3904 3824 3905
f 3906 3826 3828
f 3905 3826 3906
f 3907 3828 3830
f 3906 3828 3907
f 3908 3830 3832
f 3907 3830 3908
f 3909 3832 3834
f 3908 3832 3909
f 3910 3834 3836
f 3909 3834 3910
f 3911 3836 3838
f 3910 3836 3911
f 3912 3838 3840
f 3911 3838 3912
f 3913 3840 3841
f 3912 3840 3913
f 3914 3841 3842
f 3913 3841 3914
f 3915 3842 3843
f 3914 3842 3915
f 3916 3843 3844
f 3915 3843 3916
f 3917 3844 3845
f 3916 3844 3917
f 3918 3845 3846
f 3917 3845 3918
f 3919 3846 3847
f 3918 3846 3919
f 3920 3847 3848
f 3919 3847 3920
f 3921 3848 3849
f 3920 3848 3921
f 3922 3849 3850
f 3921 3849 3922
f 3923 3850 3851
f 3922 3850 3923
f 3924 3851 3852
f 3923 3851 3924
f 3925 3852 3853
f 3924 3852 3925
f 3926 3853 3854
f 3925 3853 3926
f 3927 3854 3855
f 3926 3854 3927
f 3928 3855 3856
f 3927 3855 3928
f 3929 3856 3857
f 3928 3856 3929
f 3930 3857 3858
f 3929 3857 3930
f 3931 3858 3859
f 3930 3858 3931
f 3932 3859 3860
f 3931 3859 3932
f 3933 3860 3861
f 3932 3860 3933
f 3934 3861 3862
f 3933 3861 3934
f 3935 3862 3863
f 3934 3862 3935
f 3936 3863 3864
f 3935 3863 3936
f 3937 3864 3865
f 3936 3864 3937
f 3938 3865 3866
f 3937 3865 3938
f 3939 3866 3867
f 3938 3866 3939
f 3867 3868 3940
f 3867 3940 3939
f 3943 3942 3941
f 3941 3942 3870
f 3869 3941 3870
f 3944 3941 3869
f 3945 3869 3871
f 3944 3869 3945
f 3946 3871 3872
f 3945 3871 3946
f 3947 3872 3874
f 3946 3872 3947
f 3948 3874 3875
f 3947 3874 3948
f 3949 3875 3877
f 3948 3875 3949
f 3950 3877 3879
f 3949 3877 3950
f 3951 3879 3881
f 3950 3879 3951
f 3952 3881 3882
f 3951 3881 3952
f 3953 3882 3883
f 3952 3882 3953
f 3954 3883 3884
f 3953 3883 3954
f 3955 3884 3885
f 3954 3884 3955
f 3956 3885 3886
f 3955 3885 3956
f 3957 3886 3887
f 3956 3886 3957
f 3958 3887 3888
f 3957 3887 3958
f 3959 3888 3889
f 3958 3888 3959
f 3960 3889 3890
f 3959 3889 3960
f 3961 3890 3891
f 3960 3890 3961
f 3962 3891 3892
f 3961 3891 3962
f 3963 3892 3893
f 3962 3892 3963
f 3964 3893 3894
f 3963 3893 3964
f 3965 3894 3895
f 3964 3894 3965
f 3966 3895 3896
f 3965 3895 3966
f 3967 3896 3897
f 3966 3896 3967
f 3968 3897 3898
f 3967 3897 3968
f 3969 3898 3899
f 3968 3898 3969
f 3970 3899 3900
f 3969 3899 3970
f 3971 3900 3901
f 3970 3900 3971
f 3972 3901 3902
f 3971 3901 3972
f 3973 3902 3903
f 3972 3902 3973
f 3974 3903 3904
f 3973 3903 3974
f 3975 3904 3905
f 3974 3904 3975
f 3976 3905 3906
f 3975 3905 3976
f 3977 3906 3907
f 3976 3906 3977
f 3978 3907 3908
f 3977 3907 3978
f 3979 3908 3909
f 3978 3908 3979
f 3980 3909 3910
f 3979 3909 3980
f 3981 3910 3911
f 3980 3910 3981
f 3982 3911 3912
f 3981 3911 3982
f 3983 3912 3913
f 3982 3912 3983
f 3984 3913 3914
f 3983 3913 3984
f 3985 3914 3915
f 3984 3914 3985
f 3986 3915 3916
f 3985 3915 3986
f 3987 3916 3917
f 3986 3916 3987
f 3988 3917 3918
f 3987 3917 3988
f 3989 3918 3919
f 3988 3918 3989
f 3990 3919 3920
f 3989 3919 3990
f 3991 3920 3921
f 3990 3920 3991
f 3992 3921 3922
f 3991 3921 3992
f 3993 3922 3923
f 3992 3922 3993
f 3994 3923 3924
f 3993 3923 3994
f 3995 3924 3925
f 3994 3924 3995
f 3996 3925 3926
f 3995 3925 3996
f 3997 3926 3927
f 3996 3926 3997
f 3998 3927 3928
f 3997 3927 3998
f 3999 3928 3929
f 3998 3928 3999
f 4000 3929 3930
f 3999 3929 4000
f 4001 3930 3931
f 4000 3930 4001
f 4002 3931 3932
f 4001 3931 4002
f 4003 3932 3933
f 4002 3932 4003
f 4004 3933 3934
f 4003 3933 4004
f 4005 3934 3935
f 4004 3934 4005
f 4006 3935 3936
f 4005 3935 4006
f 4007 3936 3937
f 4006 3936 4007
f 4008 3937 3938
f 4007 3937 4008
f 4009 3938 3939
f 4008 3938 4009
f 3939 3940 4010
f 3939 4010 4009
f 3943 3941 4011
f 3943 4011 4012
f 4013 3941 3944
f 4011 3941 4013
f 4014 3944 3945
f 4013 3944 4014
f 4015 3945 3946
f 4014 3945 4015
f 4016 3946 3947
f 4015 3946 4016
f 4017 3947 3948
f 4016 3947 4017
f 4018 3948 3949
f 4017 3948 4018
f 4019 3949 3950
f 4018 3949 4019
f 4020 3950 3951
f 4019 3950 4020
f 4021 3951 3952
f 4020 3951 4021
f 4022 3952 3953
f 4021 3952 4022
f 4023 3953 3954
f 4022 3953 4023
f 4024 3954 3955
f 4023 3954 4024
f 4025 3955 3956
f 4024 3955 4025
f 4026 3956 3957
f 4025 3956 4026
f 4027 3957 3958
f 4026 3957 4027
f 4028 3958 3959
f 4027 3958 4028
f 4029 3959 3960
f 4028 3959 4029
f 4030 3960 3961
f 4029 3960 4030
f 4031 3961 3962
f 4030 3961 4031
f 4032 3962 3963
f 4031 3962 4032
f 4033 3963 3964
f 4032 3963 4033
f 4034 3964 3965
f 4033 3964 4034
f 4035 3965 3966
f 4034 3965 4035
f 4036 3966 3967
f 4035 3966 4036
f 4037 3967 3968
f 4036 3967 4037
f 4038 3968 3969
f 4037 3968 4038
f 4039 3969 3970
f 4038 3969 4039
f 4040 3970 3971
f 4039 3970 4040
f 4041 3971 3972
f 4040 3971 4041
f 4042 3972 3973
f 4041 3972 4042
f 4043 3973 3974
f 4042 3973 4043
f 4044 3974 3975
f 4043 3974 4044
f 4045 3975 3976
f 4044 3975 4045
f 4046 3976 3977
f 4045 3976 4046
f 4047 3977 3978
f 4046 3977 4047
f 4048 3978 3979
f 4047 3978 4048
f 4049 3979 3980
f 4048 3979 4049
f 4050 3980 3981
f 4049 3980 4050
f 4051 3981 3982
f 4050 3981 4051
f 4052 3982 3983
f 4051 3982 4052
f 4053 3983 3984
f 4052 3983 4053
f 4054 3984 3985
f 4053 3984 4054
f 4055 3985 3986
f 4054 3985 4055
f 4056 3986 3987
f 4055 3986 4056
f 4057 3987 3988
f 4056 3987 4057
f 4058 3988 3989
f 4057 3988 4058
f 4059 3989 3990
f 4058 3989 4059
f 4060 3990 3991
f 4059 3990 4060
f 4061 3991 3992
f 4060 3991 4061
f 4062 3992 3993
f 4061 3992 4062
f 4063 3993 3994
f 4062 3993 4063
f 4064 3994 3995
f 4063 3994 4064
f 4065 3995 3996
f 4064 3995 4065
f 4066 3996 3997
f 4065 3996 4066
f 4067 3997 3998
f 4066 3997 4067
f 4068 3998 3999
f 4067 3998 4068
f 4069 3999 4000
f 4068 3999 4069
f 4070 4000 4001
f 4069 4000 4070
f 4071 4001 4002
f 4070 4001 4071
f 4072 4002 4003
f 4071 4002 4072
f 4073 4003 4004
f 4072 4003 4073
f 4074 4004 4005
f 4073 4004 4074
f 4075 4005 4006
f 4074 4005 4075
f 4076 4006 4007
f 4075 4006 4076
f 4077 4007 4008
f 4076 4007 4077
f 4078 4008 4009
f 4077 4008 4078
f 4009 4010 4079
f 4009 4079 4078
f 4012 4011 4080
f 4012 4080 4081
f 4082 4011 4013
f 4080 4011 4082
f 4083 4013 4014
f 4082 4013 4083
f 4084 4014 4015
f 4083 4014 4084
f 4085 4015 4016
f 4084 4015 4085
f 4086 4016 4017
f 4085 4016 4086
f 4087 4017 4018
f 4086 4017 4087
f 4088 4018 4019
f 4087 4018 4088
f 4089 4019 4020
f 4088 4019 4089
f 4090 4020 4021
f 4089 4020 4090
f 4091 4021 4022
f 4090 4021 4091
f 4092 4022 4023
f 4091 4022 4092
f 4093 4023 4024
f 4092 4023 4093
f 4094 4024 4025
f 4093 4024 4094
f 4095 4025 4026
f 4094 4025 4095
f 4096 4026 4027
f 4095 4026 4096
f 4097 4027 4028
f 4096 4027 4097
f 4098 4028 4029
f 4097 4028 4098
f 4099 4029 4030
f 4098 4029 4099
f 4100 4030 4031
f 4099 4030 4100
f 4101 4031 4032
f 4100 4031 4101
f 4102 4032 4033
f 4101 4032 4102
f 4103 4033 4034
f 4102 4033 4103
f 4104 4034 4035
f 4103 4034 4104
f 4105 4035 4036
f 4104 4035 4105
f 4106 4036 4037
f 4105 4036 4106
f 4107 4037 4038
f 4106 4037 4107
f 4108 4038 4039
f 4107 4038 4108
f 4109 4039 4040
f 4108 4039 4109
f 4110 4040 4041
f 4109 4040 4110
f 4111 4041 4042
f 4110 4041 4111
f 4112 4042 4043
f 4111 4042 4112
f 4113 4043 4044
f 4112 4043 4113
f 4114 4044 4045
f 4113 4044 4114
f 4115 4045 4046
f 4114 4045 4115
f 4116 4046 4047
f 4115 4046 4116
f 4117 4047 4048
f 4116 4047 4117
f 4118 4048 4049
f 4117 4048 4118
f 4119 4049 4050
f 4118 4049 4119
f 4120 4050 4051
f 4119 4050 4120
f 4121 4051 4052
f 4120 4051 4121
f 4122 4052 4053
f 4121 4052 4122
f 4123 4053 4054
f 4122 4053 4123
f 4124 4054 4055
f 4123 4054 4124
f 4125 4055 4056
f 4124 4055 4125
f 4126 4056 4057
f 4125 4056 4126
f 4127 4057 4058
f 4126 4057 4127
f 4128 4058 4059
f 4127 4058 4128
f 4129 4059 4060
f 4128 4059 4129
f 4130 4060 4061
f 4129 4060 4130
f 4131 4061 4062
f 4130 4061 4131
f 4132 4062 4063
f 4131 4062 4132
f 4133 4063 4064
f 4132 4063 4133
f 4134 4064 4065
f 4133 4064 4134
f 4135 4065 4066
f 4134 4065 4135
f 4136 4066 4067
f 4135 4066 4136
f 4137 4067 4068
f 4136 4067 4137
f 4138 4068 4069
f 4137 4068 4138
f 4139 4069 4070
f 4138 4069 4139
f 4140 4070 4071
f 4139 4070 4140
f 4141 4071 4072
f 4140 4071 4141
f 4142 4072 4073
f 4141 4072 4142
f 4143 4073 4074
f 4142 4073 4143
f 4144 4074 4075
f 4143 4074 4144
f 4145 4075 4076
f 4144 4075 4145
f 4146 4076 4077
f 4145 4076 4146
f 4147 4077 4078
f 4146 4077 4147
f 4078 4079 4148
f 4078 4148 4147
f 4081 4080 4149
f 4081 4149 4150
f 4151 4080 4082
f 4149 4080 4151
f 4152 4082 4083
f 4151 4082 4152
f 4153 4083 4084
f 4152 4083 4153
f 4154 4084 4085
f 4153 4084 4154
f 4155 4085 4086
f 4154 4085 4155
f 4156 4086 4087
f 4155 4086 4156
f 4157 4087 4088
f 4156 4087 4157
f 4158 4088 4089
f 4157 4088 4158
f 4159 4089 4090
f 4158 4089 4159
f 4160 4090 4091
f 4159 4090 4160
f 4161 4091 4092
f 4160 4091 4161
f 4162 4092 4093
f 4161 4092 4162
f 4163 4093 4094
f 4162 4093 4163
f 4164 4094 4095
f 4163 4094 4164
f 4165 4095 4096
f 4164 4095 4165
f 4166 4096 4097
f 4165 4096 4166
f 4167 4097 4098
f 4166 4097 4167
f 4168 4098 4099
f 4167 4098 4168
f 4169 4099 4100
f 4168 4099 4169
f 4170 4100 4101
f 4169 4100 4170
f 4171 4101 4102
f 4170 4101 4171
f 4172 4102 4103
f 4171 4102 4172
f 4173 4103 4104
f 4172 4103 4173
f 4174 4104 4105
f 4173 4104 4174
f 4175 4105 4106
f 4174 4105 4175
f 4176 4106 4107
f 4175 4106 4176
f 4177 4107 4108
f 4176 4107 4177
f 4178 4108 4109
f 4177 4108 4178
f 4179 4109 4110
f 4178 4109 4179
f 4180 4110 4111
f 4179 4110 4180
f 4181 4111 4112
f 4180 4111 4181
f 4182 4112 4113
f 4181 4112 4182
f 4183 4113 4114
f 4182 4113 4183
f 4184 4114 4115
f 4183 4114 4184
f 4185 4115 4116
f 4184 4115 4185
f 4186 4116 4117
f 4185 4116 4186
f 4187 4117 4118
f 4186 4117 4187
f 4188 4118 4119
f 4187 4118 4188
f 4189 4119 4120
f 4188 4119 4189
f 4190 4120 4121
f 4189 4120 4190
f 4191 4121 4122
f 4190 4121 4191
f 4192 4122 4123
f 4191 4122 4192
f 4193 4123 4124
f 4192 4123 4193
f 4194 4124 4125
f 4193 4124 4194
f 4195 4125 4126
f 4194 4125 4195
f 4196 4126 4127
f 4195 4126 4196
f 4197 4127 4128
f 4196 4127 4197
f 4198 4128 4129
f 4197 4128 4198
f 4199 4129 4130
f 4198 4129 4199
f 4200 4130 4131
f 4199 4130 4200
f 4201 4131 4132
f 4200 4131 4201
f 4202 4132 4133
f 4201 4132 4202
f 4203 4133 4134
f 4202 4133 4203
f 4204 4134 4135
f 4203 4134 4204
f 4205 4135 4136
f 4204 4135 4205
f 4206 4136 4137
f 4205 4136 4206
f 4207 4137 4138
f 4206 4137 4207
f 4208 4138 4139
f 4207 4138 4208
f 4209 4139 4140
f 4208 4139 4209
f 4210 4140 4141
f 4209 4140 4210
f 4211 4141 4142
f 4210 4141 4211
f 4212 4142 4143
f 4211 4142 4212
f 4213 4143 4144
f 4212 4143 4213
f 4214 4144 4145
f 4213 4144 4214
f 4215 4145 4146
f 4214 4145 4215
f 4216 4146 4147
f 4215 4146 4216
f 4147 4148 4217
f 4147 4217 4216
f 4150 4149 4218
f 4150 4218 4219
f 4220 4149 4151
f 4218 4149 4220
f 4221 4151 4152
f 4220 4151 4221
f 4222 4152 4153
f 4221 4152 4222
f 4223 4153 4154
f 4222 4153 4223
f 4224 4154 4155
f 4223 4154 4224
f 4225 4155 4156
f 4224 4155 4225
f 4226 4156 4157
f 4225 4156 4226
f 4227 4157 4158
f 4226 4157 4227
f 4228 4158 4159
f 4227 4158 4228
f 4229 4159 4160
f 4228 4159 4229
f 4230 4160 4161
f 4229 4160 4230
f 4231 4161 4162
f 4230 4161 4231
f 4232 4162 4163
f 4231 4162 4232
f 4233 4163 4164
f 4232 4163 4233
f 4234 4164 4165
f 4233 4164 4234
f 4235 4165 4166
f 4234 4165 4235
f 4236 4166 4167
f 4235 4166 4236
f 4237 4167 4168
f 4236 4167 4237
f 4238 4168 4169
f 4237 4168 4238
f 4239 4169 4170
f 4238 4169 4239
f 4240 4170 4171
f 4239 4170 4240
f 4241 4171 4172
f 4240 4171 4241
f 4242 4172 4173
f 4241 4172 4242
f 4243 4173 4174
f 4242 4173 4243
f 4244 4174 4175
f 4243 4174 4244
f 4245 4175 4176
f 4244 4175 4245
f 4246 4176 4177
f 4245 4176 4246
f 4247 4177 4178
f 4246 4177 4247
f 4248 4178 4179
f 4247 4178 4248
f 4249 4179 4180
f 4248 4179 4249
f 4250 4180 4181
f 4249 4180 4250
f 4182 4252 4251
f 4250 4182 4251
f 4181 4182 4250
f 4252 4182 4183
f 4252 4183 4253
f 4253 4183 4184
f 4253 4184 4254
f 4254 4184 4185
f 4254 4185 4255
f 4255 4185 4186
f 4255 4186 4256
f 4256 4186 4187
f 4256 4187 4257
f 4257 4187 4188
f 4257 4188 4258
f 4258 4188 4189
f 4258 4189 4259
f 4259 4189 4190
f 4259 4190 4260
f 4260 4190 4191
f 4260 4191 4261
f 4261 4191 4192
f 4261 4192 4262
f 4262 4192 4193
f 4262 4193 4263
f 4263 4193 4194
f 4263 4194 4264
f 4266 4265 4264
f 4194 4266 4264
f 4195 4266 4194
f 4267 4195 4196
f 4266 4195 4267
f 4268 4196 4197
f 4267 4196 4268
f 4269 4197 4198
f 4268 4197 4269
f 4270 4198 4199
f 4269 4198 4270
f 4271 4199 4200
f 4270 4199 4271
f 4272 4200 4201
f 4271 4200 4272
f 4273 4201 4202
f 4272 4201 4273
f 4274 4202 4203
f 4273 4202 4274
f 4204 4276 4275
f 4274 4204 4275
f 4203 4204 4274
f 4278 4277 4276
f 4204 4278 4276
f 4205 4278 4204
f 4279 4205 4206
f 4278 4205 4279
f 4280 4206 4207
f 4279 4206 4280
f 4281 4207 4208
f 4280 4207 4281
f 4282 4208 4209
f 4281 4208 4282
f 4283 4209 4210
f 4282 4209 4283
f 4284 4210 4211
f 4283 4210 4284
f 4285 4211 4212
f 4284 4211 4285
f 4286 4212 4213
f 4285 4212 4286
f 4287 4213 4214
f 4286 4213 4287
f 4288 4214 4215
f 4287 4214 4288
f 4289 4215 4216
f 4288 4215 4289
f 4216 4217 4290
f 4216 4290 4289
f 4219 4218 4291
f 4219 4291 4292
f 4293 4218 4220
f 4291 4218 4293
f 4294 4220 4221
f 4293 4220 4294
f 4295 4221 4222
f 4294 4221 4295
f 4296 4222 4223
f 4295 4222 4296
f 4297 4223 4224
f 4296 4223 4297
f 4298 4224 4225
f 4297 4224 4298
f 4299 4225 4226
f 4298 4225 4299
f 4300 4226 4227
f 4299 4226 4300
f 4301 4227 4228
f 4300 4227 4301
f 4302 4228 4229
f 4301 4228 4302
f 4303 4229 4230
f 4302 4229 4303
f 4304 4230 4231
f 4303 4230 4304
f 4305 4231 4232
f 4304 4231 4305
f 4306 4232 4233
f 4305 4232 4306
f 4307 4233 4234
f 4306 4233 4307
f 4308 4234 4235
f 4307 4234 4308
f 4309 4235 4236
f 4308 4235 4309
f 4310 4236 4237
f 4309 4236 4310
f 4311 4237 4238
f 4310 4237 4311
f 4312 4238 4239
f 4311 4238 4312
f 4313 4239 4240
f 4312 4239 4313
f 4314 4240 4241
f 4313 4240 4314
f 4315 4241 4242
f 4314 4241 4315
f 4316 4242 4243
f 4315 4242 4316
f 4317 4243 4244
f 4316 4243 4317
f 4318 4244 4245
f 4317 4244 4318
f 4319 4245 4246
f 4318 4245 4319
f 4320 4246 4247
f 4319 4246 4320
f 4321 4247 4248
f 4320 4247 4321
f 4322 4248 4249
f 4321 4248 4322
f 4323 4249 4250
f 4322 4249 4323
f 4250 4251 4324
f 4325 4250 4324
f 4323 4250 4325
f 4327 4326 4325
f 4327 4325 4324
f 4329 4328 4326
f 4329 4326 4327
f 4330 4328 4329
f 4333 4332 4331
f 4335 4334 4331
f 4335 4331 4332
f 4337 4336 4334
f 4337 4334 4335
f 4339 4338 4336
f 4339 4336 4337
f 4341 4340 4338
f 4341 4338 4339
f 4343 4342 4340
f 4343 4340 4341
f 4345 4344 4342
f 4345 4342 4343
f 4347 4346 4344
f 4347 4344 4345
f 4349 4348 4346
f 4349 4346 4347
f 4348 4349 4265
f 4266 4348 4265
f 4350 4348 4266
f 4351 4266 4267
f 4350 4266 4351
f 4352 4267 4268
f 4351 4267 4352
f 4353 4268 4269
f 4352 4268 4353
f 4354 4269 4270
f 4353 4269 4354
f 4355 4270 4271
f 4354 4270 4355
f 4356 4271 4272
f 4355 4271 4356
f 4357 4272 4273
f 4356 4272 4357
f 4358 4273 4274
f 4357 4273 4358
f 4274 4275 4359
f 4360 4274 4359
f 4358 4274 4360
f 4360 4359 4277
f 4278 4360 4277
f 4361 4360 4278
f 4362 4278 4279
f 4361 4278 4362
f 4363 4279 4280
f 4362 4279 4363
f 4364 4280 4281
f 4363 4280 4364
f 4365 4281 4282
f 4364 4281 4365
f 4366 4282 4283
f 4365 4282 4366
f 4367 4283 4284
f 4366 4283 4367
f 4368 4284 4285
f 4367 4284 4368
f 4369 4285 4286
f 4368 4285 4369
f 4370 4286 4287
f 4369 4286 4370
f 4371 4287 4288
f 4370 4287 4371
f 4372 4288 4289
f 4371 4288 4372
f 4289 4290 4373
f 4289 4373 4372
f 4374 4292 4291
f 4376 4375 4374
f 4291 4376 4374
f 4293 4376 4291
f 4377 4293 4294
f 4376 4293 4377
f 4378 4294 4295
f 4377 4294 4378
f 4379 4295 4296
f 4378 4295 4379
f 4380 4296 4297
f 4379 4296 4380
f 4381 4297 4298
f 4380 4297 4381
f 4382 4298 4299
f 4381 4298 4382
f 4383 4299 4300
f 4382 4299 4383
f 4384 4300 4301
f 4383 4300 4384
f 4385 4301 4302
f 4384 4301 4385
f 4386 4302 4303
f 4385 4302 4386
f 4387 4303 4304
f 4386 4303 4387
f 4388 4304 4305
f 4387 4304 4388
f 4389 4305 4306
f 4388 4305 4389
f 4390 4306 4307
f 4389 4306 4390
f 4391 4307 4308
f 4390 4307 4391
f 4392 4308 4309
f 4391 4308 4392
f 4393 4309 4310
f 4392 4309 4393
f 4394 4310 4311
f 4393 4310 4394
f 4395 4311 4312
f 4394 4311 4395
f 4396 4312 4313
f 4395 4312 4396
f 4397 4313 4314
f 4396 4313 4397
f 4398 4314 4315
f 4397 4314 4398
f 4399 4315 4316
f 4398 4315 4399
f 4400 4316 4317
f 4399 4316 4400
f 4401 4317 4318
f 4400 4317 4401
f 4402 4318 4319
f 4401 4318 4402
f 4403 4319 4320
f 4402 4319 4403
f 4404 4320 4321
f 4403 4320 4404
f 4405 4321 4322
f 4404 4321 4405
f 4406 4322 4323
f 4405 4322 4406
f 4407 4323 4325
f 4406 4323 4407
f 4408 4325 4326
f 4407 4325 4408
f 4409 4326 4328
f 4408 4326 4409
f 4328 4330 4410
f 4411 4328 4410
f 4409 4328 4411
f 4411 4410 4333
f 4331 4411 4333
f 4412 4411 4331
f 4413 4331 4334
f 4412 4331 4413
f 4414 4334 4336
f 4413 4334 4414
f 4415 4336 4338
f 4414 4336 4415
f 4416 4338 4340
f 4415 4338 4416
f 4417 4340 4342
f 4416 4340 4417
f 4418 4342 4344
f 4417 4342 4418
f 4419 4344 4346
f 4418 4344 4419
f 4420 4346 4348
f 4419 4346 4420
f 4421 4348 4350
f 4420 4348 4421
f 4422 4350 4351
f 4421 4350 4422
f 4423 4351 4352
f 4422 4351 4423
f 4424 4352 4353
f 4423 4352 4424
f 4425 4353 4354
f 4424 4353 4425
f 4426 4354 4355
f 4425 4354 4426
f 4427 4355 4356
f 4426 4355 4427
f 4357 4429 4428
f 4427 4357 4428
f 4356 4357 4427
f 4431 4430 4429
f 4357 4431 4429
f 4358 4431 4357
f 4432 4358 4360
f 4431 4358 4432
f 4433 4360 4361
f 4432 4360 4433
f 4434 4361 4362
f 4433 4361 4434
f 4435 4362 4363
f 4434 4362 4435
f 4436 4363 4364
f 4435 4363 4436
f 4437 4364 4365
f 4436 4364 4437
f 4438 4365 4366
f 4437 4365 4438
f 4439 4366 4367
f 4438 4366 4439
f 4440 4367 4368
f 4439 4367 4440
f 4441 4368 4369
f 4440 4368 4441
f 4442 4369 4370
f 4441 4369 4442
f 4443 4370 4371
f 4442 4370 4443
f 4444 4371 4372
f 4443 4371 4444
f 4372 4373 4445
f 4372 4445 4444
f 4375 4376 4446
f 4375 4446 4447
f 4448 4376 4377
f 4446 4376 4448
f 4449 4377 4378
f 4448 4377 4449
f 4450 4378 4379
f 4449 4378 4450
f 4451 4379 4380
f 4450 4379 4451
f 4452 4380 4381
f 4451 4380 4452
f 4453 4381 4382
f 4452 4381 4453
f 4454 4382 4383
f 4453 4382 4454
f 4455 4383 4384
f 4454 4383 4455
f 4456 4384 4385
f 4455 4384 4456
f 4457 4385 4386
f 4456 4385 4457
f 4458 4386 4387
f 4457 4386 4458
f 4459 4387 4388
f 4458 4387 4459
f 4460 4388 4389
f 4459 4388 4460
f 4461 4389 4390
f 4460 4389 4461
f 4462 4390 4391
f 4461 4390 4462
f 4392 4464 4463
f 4462 4392 4463
f 4391 4392 4462
f 4464 4392 4393
f 4464 4393 4465
f 4465 4393 4394
f 4465 4394 4466
f 4466 4394 4395
f 4466 4395 4467
f 4467 4395 4396
f 4467 4396 4468
f 4468 4396 4397
f 4468 4397 4469
f 4469 4397 4398
f 4469 4398 4470
f 4470 4398 4399
f 4470 4399 4471
f 4471 4399 4400
f 4471 4400 4472
f 4472 4400 4401
f 4472 4401 4473
f 4473 4401 4402
f 4473 4402 4474
f 4474 4402 4403
f 4474 4403 4475
f 4475 4403 4404
f 4475 4404 4476
f 4476 4404 4405
f 4476 4405 4477
f 4477 4405 4406
f 4477 4406 4478
f 4480 4479 4478
f 4406 4480 4478
f 4407 4480 4406
f 4481 4407 4408
f 4480 4407 4481
f 4482 4408 4409
f 4481 4408 4482
f 4483 4409 4411
f 4482 4409 4483
f 4484 4411 4412
f 4483 4411 4484
f 4485 4412 4413
f 4484 4412 4485
f 4486 4413 4414
f 4485 4413 4486
f 4487 4414 4415
f 4486 4414 4487
f 4488 4415 4416
f 4487 4415 4488
f 4489 4416 4417
f 4488 4416 4489
f 4490 4417 4418
f 4489 4417 4490
f 4491 4418 4419
f 4490 4418 4491
f 4492 4419 4420
f 4491 4419 4492
f 4493 4420 4421
f 4492 4420 4493
f 4494 4421 4422
f 4493 4421 4494
f 4495 4422 4423
f 4494 4422 4495
f 4496 4423 4424
f 4495 4423 4496
f 4497 4424 4425
f 4496 4424 4497
f 4498 4425 4426
f 4497 4425 4498
f 4499 4426 4427
f 4498 4426 4499
f 4427 4428 4500
f 4501 4427 4500
f 4499 4427 4501
f 4501 4500 4430
f 4431 4501 4430
f 4502 4501 4431
f 4503 4431 4432
f 4502 4431 4503
f 4504 4432 4433
f 4503 4432 4504
f 4505 4433 4434
f 4504 4433 4505
f 4506 4434 4435
f 4505 4434 4506
f 4507 4435 4436
f 4506 4435 4507
f 4508 4436 4437
f 4507 4436 4508
f 4509 4437 4438
f 4508 4437 4509
f 4510 4438 4439
f 4509 4438 4510
f 4511 4439 4440
f 4510 4439 4511
f 4512 4440 4441
f 4511 4440 4512
f 4513 4441 4442
f 4512 4441 4513
f 4514 4442 4443
f 4513 4442 4514
f 4444 4516 4515
f 4514 4444 4515
f 4443 4444 4514
f 4516 4444 4445
f 4447 4446 4517
f 4447 4517 4518
f 4519 4446 4448
f 4517 4446 4519
f 4520 4448 4449
f 4519 4448 4520
f 4521 4449 4450
f 4520 4449 4521
f 4522 4450 4451
f 4521 4450 4522
f 4523 4451 4452
f 4522 4451 4523
f 4524 4452 4453
f 4523 4452 4524
f 4525 4453 4454
f 4524 4453 4525
f 4526 4454 4455
f 4525 4454 4526
f 4527 4455 4456
f 4526 4455 4527
f 4457 4529 4528
f 4527 4457 4528
f 4456 4457 4527
f 4529 4457 4458
f 4529 4458 4530
f 4530 4458 4459
f 4530 4459 4531
f 4531 4459 4460
f 4531 4460 4532
f 4532 4460 4461
f 4532 4461 4533
f 4533 4461 4462
f 4533 4462 4534
f 4534 4462 4463
f 4535 4479 4480
f 4535 4480 4481
f 4535 4481 4536
f 4536 4481 4482
f 4536 4482 4537
f 4537 4482 4483
f 4537 4483 4538
f 4538 4483 4484
f 4538 4484 4539
f 4539 4484 4485
f 4539 4485 4540
f 4540 4485 4486
f 4540 4486 4541
f 4541 4486 4487
f 4541 4487 4542
f 4542 4487 4488
f 4542 4488 4543
f 4543 4488 4489
f 4543 4489 4544
f 4544 4489 4490
f 4544 4490 4545
f 4545 4490 4491
f 4545 4491 4546
f 4546 4491 4492
f 4546 4492 4547
f 4549 4548 4547
f 4492 4549 4547
f 4493 4549 4492
f 4550 4493 4494
f 4549 4493 4550
f 4551 4494 4495
f 4550 4494 4551
f 4552 4495 4496
f 4551 4495 4552
f 4553 4496 4497
f 4552 4496 4553
f 4554 4497 4498
f 4553 4497 4554
f 4555 4498 4499
f 4554 4498 4555
f 4556 4499 4501
f 4555 4499 4556
f 4557 4501 4502
f 4556 4501 4557
f 4503 4559 4558
f 4557 4503 4558
f 4502 4503 4557
f 4559 4503 4504
f 4559 4504 4560
f 4560 4504 4505
f 4560 4505 4561
f 4561 4505 4506
f 4561 4506 4562
f 4562 4506 4507
f 4562 4507 4563
f 4563 4507 4508
f 4563 4508 4564
f 4564 4508 4509
f 4564 4509 4565
f 4565 4509 4510
f 4565 4510 4566
f 4566 4510 4511
f 4566 4511 4567
f 4567 4511 4512
f 4567 4512 4568
f 4568 4512 4513
f 4568 4513 4569
f 4569 4513 4514
f 4569 4514 4570
f 4570 4514 4515
f 4518 4517 4571
f 4518 4571 4572
f 4519 4574 4573
f 4571 4519 4573
f 4517 4519 4571
f 4576 4575 4574
f 4519 4576 4574
f 4520 4576 4519
f 4577 4520 4521
f 4576 4520 4577
f 4578 4521 4522
f 4577 4521 4578
f 4579 4522 4523
f 4578 4522 4579
f 4580 4523 4524
f 4579 4523 4580
f 4581 4524 4525
f 4580 4524 4581
f 4582 4525 4526
f 4581 4525 4582
f 4527 4584 4583
f 4582 4527 4583
f 4526 4527 4582
f 4584 4527 4528
f 4587 4586 4585
f 4585 4586 4548
f 4549 4585 4548
f 4588 4585 4549
f 4589 4549 4550
f 4588 4549 4589
f 4590 4550 4551
f 4589 4550 4590
f 4591 4551 4552
f 4590 4551 4591
f 4592 4552 4553
f 4591 4552 4592
f 4593 4553 4554
f 4592 4553 4593
f 4594 4554 4555
f 4593 4554 4594
f 4595 4555 4556
f 4594 4555 4595
f 4596 4556 4557
f 4595 4556 4596
f 4557 4558 4597
f 4557 4597 4596
f 4598 4572 4571
f 4598 4571 4573
f 4599 4575 4576
f 4599 4576 4577
f 4599 4577 4600
f 4600 4577 4578
f 4600 4578 4601
f 4601 4578 4579
f 4601 4579 4602
f 4602 4579 4580
f 4602 4580 4603
f 4603 4580 4581
f 4603 4581 4604
f 4604 4581 4582
f 4604 4582 4605
f 4605 4582 4583
f 4606 4587 4585
f 4606 4585 4588
f 4606 4588 4607
f 4607 4588 4589
f 4607 4589 4608
f 4608 4589 4590
f 4608 4590 4609
f 4609 4590 4591
f 4609 4591 4610
f 4610 4591 4592
f 4610 4592 4611
f 4611 4592 4593
f 4611 4593 4612
f 4612 4593 4594
f 4612 4594 4613
f 4613 4594 4595
f 4613 4595 4614
f 4614 4595 4596
f 4614 4596 4615
f 4615 4596 4597
f 4618 4617 4616
f 4620 4619 4616
f 4620 4616 4617
f 4622 4621 4619
f 4622 4619 4620
f 4624 4623 4621
f 4624 4621 4622
f 4625 4623 4624
f 4628 4627 4626
f 4630 4629 4626
f 4630 4626 4627
f 4629 4630 4618
f 4616 4629 4618
f 4631 4629 4616
f 3605 4631 3604
f 4631 4619 3604
f 4631 4616 4619
f 3604 4619 3607
f 3607 4619 4621
f 3607 4621 3608
f 4621 4632 3608
f 4621 4623 4632
f 4623 4625 4633
f 4623 4633 4632
f 4636 4635 4634
f 4638 4637 4634
f 4638 4634 4635
f 4640 4639 4637
f 4640 4637 4638
f 4639 4640 4628
f 4639 4628 4626
f 3611 4639 4626
f 3610 3611 4626
f 3610 4626 3613
f 3613 4626 4629
f 3613 4629 3615
f 3615 4629 4631
f 3615 4631 3605
f 4641 3618 4632
f 4632 3618 3608
f 4632 4633 4642
f 4643 4632 4642
f 4641 4632 4643
f 4645 4644 4643
f 4645 4643 4642
f 4647 4646 4644
f 4647 4644 4645
f 4648 4646 4647
f 4636 4634 4649
f 4636 4649 4650
f 4651 4634 4637
f 4649 4634 4651
f 3621 4651 3620
f 4651 4639 3620
f 4651 4637 4639
f 3620 4639 3611
f 4641 3627 3618
f 3627 4641 3630
f 3630 4641 4643
f 3630 4643 3632
f 3632 4643 4644
f 3632 4644 3634
f 3634 4644 4646
f 4653 4652 3635
f 4653 3635 3634
f 4648 4653 3634
f 4646 4648 3634
f 4654 4652 4653
f 4657 4656 4655
f 4659 4658 4655
f 4659 4655 4656
f 4658 4659 4650
f 4649 4658 4650
f 4660 4658 4649
f 3638 4660 3637
f 4660 4651 3637
f 4660 4649 4651
f 3637 4651 3621
f 4661 3649 4652
f 4652 3649 3635
f 4652 4654 4662
f 4652 4662 4661
f 4665 4664 4663
f 4667 4666 4663
f 4667 4663 4664
f 4666 4667 4657
f 4655 4666 4657
f 4668 4666 4655
f 4669 4655 4658
f 4668 4655 4669
f 3652 4669 3651
f 4669 4660 3651
f 4669 4658 4660
f 3651 4660 3638
f 4670 3664 4661
f 4661 3664 3649
f 4661 4662 4671
f 4672 4661 4671
f 4670 4661 4672
f 4673 4672 4671
f 4676 4675 4674
f 4674 4675 4665
f 4663 4674 4665
f 4677 4674 4663
f 4678 4663 4666
f 4677 4663 4678
f 3667 4678 3666
f 4678 4668 3666
f 4678 4666 4668
f 3666 4668 3669
f 3669 4668 4669
f 3669 4669 3652
f 4679 3682 4670
f 4670 3682 3664
f 4680 4670 4672
f 4679 4670 4680
f 4672 4673 4681
f 4672 4681 4680
f 4684 4683 4682
f 4686 4685 4682
f 4686 4682 4683
f 4688 4687 4685
f 4688 4685 4686
f 4687 4688 4676
f 4674 4687 4676
f 4689 4687 4674
f 4690 4674 4677
f 4689 4674 4690
f 3685 4690 3684
f 4690 4678 3684
f 4690 4677 4678
f 3684 4678 3667
f 4679 3700 3682
f 3700 4679 3702
f 4679 4691 3702
f 4679 4680 4691
f 4680 4681 4692
f 4680 4692 4691
f 4695 4694 4693
f 4696 4693 4694
f 4699 4698 4697
f 4700 4697 4698
f 4703 4702 4701
f 4705 4704 4701
f 4705 4701 4702
f 4707 4706 4704
f 4707 4704 4705
f 4708 4706 4707
f 4711 4710 4709
f 4713 4712 4709
f 4713 4709 4710
f 4715 4714 4712
f 4715 4712 4713
f 4717 4716 4714
f 4717 4714 4715
f 4719 4718 4716
f 4719 4716 4717
f 4721 4720 4718
f 4721 4718 4719
f 4723 4722 4720
f 4723 4720 4721
f 4725 4724 4722
f 4725 4722 4723
f 4727 4726 4724
f 4727 4724 4725
f 4729 4728 4726
f 4729 4726 4727
f 4731 4730 4728
f 4731 4728 4729
f 4730 4731 4684
f 4682 4730 4684
f 4732 4730 4682
f 4733 4682 4685
f 4732 4682 4733
f 3705 4733 3704
f 4733 4687 3704
f 4733 4685 4687
f 3704 4687 3707
f 3707 4687 4689
f 3707 4689 3709
f 3709 4689 4690
f 3709 4690 3685
f 4691 3726 3702
f 4735 4734 3728
f 4735 3728 3726
f 4692 4735 3726
f 4691 4692 3726
f 4736 4734 4735
f 4739 4738 4737
f 4737 4738 4695
f 4693 4737 4695
f 4740 4737 4693
f 4693 4696 4741
f 4742 4693 4741
f 4740 4693 4742
f 4742 4741 4699
f 4697 4742 4699
f 4743 4742 4697
f 4697 4700 4744
f 4745 4697 4744
f 4743 4697 4745
f 4747 4746 4745
f 4747 4745 4744
f 4749 4748 4746
f 4749 4746 4747
f 4751 4750 4748
f 4751 4748 4749
f 4753 4752 4750
f 4753 4750 4751
f 4755 4754 4752
f 4755 4752 4753
f 4757 4756 4754
f 4757 4754 4755
f 4759 4758 4756
f 4759 4756 4757
f 4758 4759 4703
f 4701 4758 4703
f 4760 4758 4701
f 4761 4701 4704
f 4760 4701 4761
f 4762 4704 4706
f 4761 4704 4762
f 4706 4708 4763
f 4764 4706 4763
f 4762 4706 4764
f 4766 4765 4764
f 4766 4764 4763
f 4768 4767 4765
f 4768 4765 4766
f 4770 4769 4767
f 4770 4767 4768
f 4772 4771 4769
f 4772 4769 4770
f 4774 4773 4771
f 4774 4771 4772
f 4776 4775 4773
f 4776 4773 4774
f 4778 4777 4775
f 4778 4775 4776
f 4780 4779 4777
f 4780 4777 4778
f 4782 4781 4779
f 4782 4779 4780
f 4784 4783 4781
f 4784 4781 4782
f 4786 4785 4783
f 4786 4783 4784
f 4788 4787 4785
f 4788 4785 4786
f 4790 4789 4787
f 4790 4787 4788
f 4792 4791 4789
f 4792 4789 4790
f 4794 4793 4791
f 4794 4791 4792
f 4796 4795 4793
f 4796 4793 4794
f 4798 4797 4795
f 4798 4795 4796
f 4800 4799 4797
f 4800 4797 4798
f 4799 4800 4711
f 4709 4799 4711
f 4801 4799 4709
f 4802 4709 4712
f 4801 4709 4802
f 4803 4712 4714
f 4802 4712 4803
f 4804 4714 4716
f 4803 4714 4804
f 4805 4716 4718
f 4804 4716 4805
f 3731 4805 3730
f 4805 4720 3730
f 4805 4718 4720
f 3730 4720 3733
f 3733 4720 4722
f 3733 4722 3735
f 3735 4722 4724
f 3735 4724 3737
f 3737 4724 4726
f 3737 4726 3739
f 3739 4726 4728
f 3739 4728 3741
f 3741 4728 4730
f 3741 4730 3743
f 3743 4730 4732
f 3743 4732 3745
f 3745 4732 4733
f 3745 4733 3705
f 4806 3766 4734
f 4734 3766 3728
f 4734 4736 4807
f 4734 4807 4806
f 4739 4737 4808
f 4739 4808 4809
f 3769 4808 3768
f 4808 4740 3768
f 4808 4737 4740
f 3768 4740 3771
f 3771 4740 4742
f 3771 4742 3773
f 3773 4742 4743
f 3773 4743 3774
f 4743 4810 3774
f 4743 4745 4810
f 4811 4745 4746
f 4810 4745 4811
f 4812 4746 4748
f 4811 4746 4812
f 3777 4812 3776
f 4812 4750 3776
f 4812 4748 4750
f 3776 4750 3778
f 4750 4813 3778
f 4750 4752 4813
f 3781 4813 3780
f 4813 4754 3780
f 4813 4752 4754
f 3780 4754 3783
f 3783 4754 4756
f 3783 4756 3785
f 3785 4756 4758
f 3785 4758 3787
f 3787 4758 4760
f 3787 4760 3789
f 3789 4760 4761
f 3789 4761 3791
f 3791 4761 4762
f 3791 4762 3793
f 3793 4762 4764
f 3793 4764 3795
f 3795 4764 4765
f 3795 4765 3797
f 3797 4765 4767
f 3797 4767 3799
f 3799 4767 4769
f 3799 4769 3801
f 3801 4769 4771
f 3801 4771 3803
f 3803 4771 4773
f 3803 4773 3805
f 3805 4773 4775
f 3805 4775 3807
f 3807 4775 4777
f 3807 4777 3809
f 3809 4777 4779
f 3809 4779 3811
f 3811 4779 4781
f 3811 4781 3813
f 3813 4781 4783
f 3813 4783 3815
f 3815 4783 4785
f 3815 4785 3817
f 3817 4785 4787
f 3817 4787 3819
f 3819 4787 4789
f 3819 4789 3821
f 3821 4789 4791
f 3821 4791 3823
f 3823 4791 4793
f 3823 4793 3825
f 3825 4793 4795
f 3825 4795 3827
f 3827 4795 4797
f 3827 4797 3829
f 3829 4797 4799
f 3829 4799 3831
f 3831 4799 4801
f 3831 4801 3833
f 3833 4801 4802
f 3833 4802 3835
f 3835 4802 4803
f 3835 4803 3837
f 3837 4803 4804
f 3837 4804 3839
f 3839 4804 4805
f 3839 4805 3731
f 4814 3868 4806
f 4806 3868 3766
f 4806 4807 4815
f 4806 4815 4814
f 4809 4808 4816
f 4809 4816 4817
f 3870 4816 3769
f 3769 4816 4808
f 4810 3873 3774
f 3873 4810 3876
f 3876 4810 4811
f 3876 4811 3878
f 3878 4811 4812
f 3878 4812 3777
f 4813 3880 3778
f 3880 4813 3781
f 4818 3940 4814
f 4814 3940 3868
f 4814 4815 4819
f 4814 4819 4818
f 4817 4816 3942
f 3943 4817 3942
f 4820 4817 3943
f 3942 4816 3870
f 4821 4010 4818
f 4818 4010 3940
f 4818 4819 4822
f 4818 4822 4821
f 4012 4820 3943
f 4012 4823 4820
f 4824 4079 4821
f 4821 4079 4010
f 4821 4822 4825
f 4821 4825 4824
f 4081 4823 4012
f 4081 4826 4823
f 4827 4148 4824
f 4824 4148 4079
f 4824 4825 4828
f 4824 4828 4827
f 4150 4826 4081
f 4150 4829 4826
f 4830 4217 4827
f 4827 4217 4148
f 4827 4828 4831
f 4827 4831 4830
f 4219 4829 4150
f 4219 4832 4829
f 4833 4251 4252
f 4253 4834 4252
f 4252 4834 4833
f 4254 4835 4253
f 4253 4835 4834
f 4255 4836 4254
f 4254 4836 4835
f 4256 4837 4255
f 4255 4837 4836
f 4257 4838 4256
f 4256 4838 4837
f 4258 4839 4257
f 4257 4839 4838
f 4259 4840 4258
f 4258 4840 4839
f 4260 4841 4259
f 4259 4841 4840
f 4261 4842 4260
f 4260 4842 4841
f 4262 4843 4261
f 4261 4843 4842
f 4263 4844 4262
f 4262 4844 4843
f 4264 4845 4263
f 4263 4845 4844
f 4265 4845 4264
f 4846 4275 4276
f 4277 4846 4276
f 4847 4290 4830
f 4830 4290 4217
f 4830 4831 4848
f 4830 4848 4847
f 4292 4832 4219
f 4292 4849 4832
f 4833 4324 4251
f 4324 4833 4327
f 4327 4833 4834
f 4327 4834 4329
f 4329 4834 4835
f 4329 4835 4330
f 4835 4850 4330
f 4835 4836 4850
f 4333 4850 4332
f 4850 4837 4332
f 4850 4836 4837
f 4332 4837 4335
f 4335 4837 4838
f 4335 4838 4337
f 4337 4838 4839
f 4337 4839 4339
f 4339 4839 4840
f 4339 4840 4341
f 4341 4840 4841
f 4341 4841 4343
f 4343 4841 4842
f 4343 4842 4345
f 4345 4842 4843
f 4345 4843 4347
f 4347 4843 4844
f 4347 4844 4349
f 4349 4844 4845
f 4349 4845 4265
f 4846 4359 4275
f 4359 4846 4277
f 4851 4373 4847
f 4847 4373 4290
f 4847 4848 4852
f 4847 4852 4851
f 4292 4374 4853
f 4854 4292 4853
f 4849 4292 4854
f 4375 4853 4374
f 4850 4410 4330
f 4410 4850 4333
f 4855 4428 4429
f 4430 4855 4429
f 4856 4445 4851
f 4851 4445 4373
f 4851 4852 4857
f 4851 4857 4856
f 4854 4853 4858
f 4854 4858 4859
f 4447 4858 4375
f 4375 4858 4853
f 4860 4463 4464
f 4465 4861 4464
f 4464 4861 4860
f 4466 4862 4465
f 4465 4862 4861
f 4467 4863 4466
f 4466 4863 4862
f 4468 4864 4467
f 4467 4864 4863
f 4469 4865 4468
f 4468 4865 4864
f 4470 4866 4469
f 4469 4866 4865
f 4471 4867 4470
f 4470 4867 4866
f 4472 4868 4471
f 4471 4868 4867
f 4473 4869 4472
f 4472 4869 4868
f 4474 4870 4473
f 4473 4870 4869
f 4475 4871 4474
f 4474 4871 4870
f 4476 4872 4475
f 4475 4872 4871
f 4477 4873 4476
f 4476 4873 4872
f 4478 4874 4477
f 4477 4874 4873
f 4479 4874 4478
f 4855 4500 4428
f 4500 4855 4430
f 4875 4515 4516
f 4445 4856 4516
f 4856 4875 4516
f 4856 4876 4875
f 4856 4857 4877
f 4856 4877 4876
f 4859 4858 4878
f 4859 4878 4879
f 4518 4878 4447
f 4447 4878 4858
f 4880 4528 4529
f 4530 4881 4529
f 4529 4881 4880
f 4531 4882 4530
f 4530 4882 4881
f 4532 4883 4531
f 4531 4883 4882
f 4533 4884 4532
f 4532 4884 4883
f 4534 4885 4533
f 4533 4885 4884
f 4463 4860 4534
f 4860 4885 4534
f 4860 4886 4885
f 4887 4860 4861
f 4886 4860 4887
f 4888 4861 4862
f 4887 4861 4888
f 4889 4862 4863
f 4888 4862 4889
f 4890 4863 4864
f 4889 4863 4890
f 4891 4864 4865
f 4890 4864 4891
f 4892 4865 4866
f 4891 4865 4892
f 4893 4866 4867
f 4892 4866 4893
f 4894 4867 4868
f 4893 4867 4894
f 4895 4868 4869
f 4894 4868 4895
f 4896 4869 4870
f 4895 4869 4896
f 4897 4870 4871
f 4896 4870 4897
f 4898 4871 4872
f 4897 4871 4898
f 4899 4872 4873
f 4898 4872 4899
f 4900 4873 4874
f 4899 4873 4900
f 4535 4901 4479
f 4901 4874 4479
f 4901 4900 4874
f 4536 4902 4535
f 4535 4902 4901
f 4537 4903 4536
f 4536 4903 4902
f 4538 4904 4537
f 4537 4904 4903
f 4539 4905 4538
f 4538 4905 4904
f 4540 4906 4539
f 4539 4906 4905
f 4541 4907 4540
f 4540 4907 4906
f 4542 4908 4541
f 4541 4908 4907
f 4543 4909 4542
f 4542 4909 4908
f 4544 4910 4543
f 4543 4910 4909
f 4545 4911 4544
f 4544 4911 4910
f 4546 4912 4545
f 4545 4912 4911
f 4547 4913 4546
f 4546 4913 4912
f 4548 4913 4547
f 4914 4558 4559
f 4560 4915 4559
f 4559 4915 4914
f 4561 4916 4560
f 4560 4916 4915
f 4562 4917 4561
f 4561 4917 4916
f 4563 4918 4562
f 4562 4918 4917
f 4564 4919 4563
f 4563 4919 4918
f 4565 4920 4564
f 4564 4920 4919
f 4566 4921 4565
f 4565 4921 4920
f 4567 4922 4566
f 4566 4922 4921
f 4568 4923 4567
f 4567 4923 4922
f 4569 4924 4568
f 4568 4924 4923
f 4570 4925 4569
f 4569 4925 4924
f 4515 4875 4570
f 4875 4925 4570
f 4875 4926 4925
f 4876 4928 4927
f 4926 4876 4927
f 4875 4876 4926
f 4928 4876 4877
f 4879 4878 4929
f 4879 4929 4930
f 4572 4929 4518
f 4518 4929 4878
f 4931 4573 4574
f 4575 4931 4574
f 4932 4583 4584
f 4528 4880 4584
f 4880 4932 4584
f 4880 4933 4932
f 4934 4880 4881
f 4933 4880 4934
f 4935 4881 4882
f 4934 4881 4935
f 4936 4882 4883
f 4935 4882 4936
f 4937 4883 4884
f 4936 4883 4937
f 4938 4884 4885
f 4937 4884 4938
f 4939 4885 4886
f 4938 4885 4939
f 4940 4886 4887
f 4939 4886 4940
f 4941 4887 4888
f 4940 4887 4941
f 4942 4888 4889
f 4941 4888 4942
f 4943 4889 4890
f 4942 4889 4943
f 4944 4890 4891
f 4943 4890 4944
f 4945 4891 4892
f 4944 4891 4945
f 4946 4892 4893
f 4945 4892 4946
f 4947 4893 4894
f 4946 4893 4947
f 4948 4894 4895
f 4947 4894 4948
f 4949 4895 4896
f 4948 4895 4949
f 4950 4896 4897
f 4949 4896 4950
f 4951 4897 4898
f 4950 4897 4951
f 4952 4898 4899
f 4951 4898 4952
f 4953 4899 4900
f 4952 4899 4953
f 4954 4900 4901
f 4953 4900 4954
f 4955 4901 4902
f 4954 4901 4955
f 4956 4902 4903
f 4955 4902 4956
f 4957 4903 4904
f 4956 4903 4957
f 4958 4904 4905
f 4957 4904 4958
f 4959 4905 4906
f 4958 4905 4959
f 4960 4906 4907
f 4959 4906 4960
f 4961 4907 4908
f 4960 4907 4961
f 4962 4908 4909
f 4961 4908 4962
f 4963 4909 4910
f 4962 4909 4963
f 4964 4910 4911
f 4963 4910 4964
f 4965 4911 4912
f 4964 4911 4965
f 4587 4965 4586
f 4965 4913 4586
f 4965 4912 4913
f 4586 4913 4548
f 4966 4597 4914
f 4914 4597 4558
f 4967 4914 4915
f 4966 4914 4967
f 4968 4915 4916
f 4967 4915 4968
f 4969 4916 4917
f 4968 4916 4969
f 4970 4917 4918
f 4969 4917 4970
f 4971 4918 4919
f 4970 4918 4971
f 4972 4919 4920
f 4971 4919 4972
f 4973 4920 4921
f 4972 4920 4973
f 4974 4921 4922
f 4973 4921 4974
f 4975 4922 4923
f 4974 4922 4975
f 4976 4923 4924
f 4975 4923 4976
f 4977 4924 4925
f 4976 4924 4977
f 4978 4925 4926
f 4977 4925 4978
f 4926 4927 4979
f 4926 4979 4978
f 4980 4930 4929
f 4982 4980 4981
f 4981 4980 4598
f 4980 4929 4598
f 4929 4572 4598
f 4573 4931 4598
f 4931 4981 4598
f 4931 4983 4981
f 4599 4984 4575
f 4984 4931 4575
f 4984 4983 4931
f 4600 4985 4599
f 4599 4985 4984
f 4601 4986 4600
f 4600 4986 4985
f 4602 4987 4601
f 4601 4987 4986
f 4603 4988 4602
f 4602 4988 4987
f 4604 4989 4603
f 4603 4989 4988
f 4605 4990 4604
f 4604 4990 4989
f 4991 4990 4605
f 4991 4605 4583
f 4992 4991 4583
f 4932 4992 4583
f 4992 4932 4933
f 4992 4933 4993
f 4993 4933 4934
f 4993 4934 4994
f 4994 4934 4935
f 4994 4935 4995
f 4995 4935 4936
f 4995 4936 4996
f 4996 4936 4937
f 4996 4937 4997
f 4999 4998 4997
f 4937 4999 4997
f 4938 4999 4937
f 5000 4938 4939
f 4999 4938 5000
f 5001 4939 4940
f 5000 4939 5001
f 5002 4940 4941
f 5001 4940 5002
f 5003 4941 4942
f 5002 4941 5003
f 4943 5005 5004
f 5003 4943 5004
f 4942 4943 5003
f 5005 4943 4944
f 5005 4944 5006
f 5006 4944 4945
f 5006 4945 5007
f 5007 4945 4946
f 5007 4946 5008
f 5010 5009 5008
f 4946 5010 5008
f 4947 5010 4946
f 5011 4947 4948
f 5010 4947 5011
f 4949 5013 5012
f 5011 4949 5012
f 4948 4949 5011
f 5013 4949 4950
f 5013 4950 5014
f 5014 4950 4951
f 5014 4951 5015
f 5015 4951 4952
f 5015 4952 5016
f 5016 4952 4953
f 5016 4953 5017
f 5017 4953 4954
f 5017 4954 5018
f 5018 4954 4955
f 5018 4955 5019
f 5021 5020 5019
f 4955 5021 5019
f 4956 5021 4955
f 5022 4956 4957
f 5021 4956 5022
f 5023 4957 4958
f 5022 4957 5023
f 5024 4958 4959
f 5023 4958 5024
f 5025 4959 4960
f 5024 4959 5025
f 5026 4960 4961
f 5025 4960 5026
f 5027 4961 4962
f 5026 4961 5027
f 5028 4962 4963
f 5027 4962 5028
f 4964 5030 5029
f 5028 4964 5029
f 4963 4964 5028
f 5032 5031 5030
f 4964 5032 5030
f 4965 5032 4964
f 4606 5033 4587
f 5033 4965 4587
f 5033 5032 4965
f 4607 5034 4606
f 4606 5034 5033
f 4608 5035 4607
f 4607 5035 5034
f 4609 5036 4608
f 4608 5036 5035
f 4610 5037 4609
f 4609 5037 5036
f 4611 5038 4610
f 4610 5038 5037
f 4612 5039 4611
f 4611 5039 5038
f 4613 5040 4612
f 4612 5040 5039
f 4614 5041 4613
f 4613 5041 5040
f 4615 5042 4614
f 4614 5042 5041
f 4597 4966 4615
f 4966 5042 4615
f 4966 5043 5042
f 5044 4966 4967
f 5043 4966 5044
f 5045 4967 4968
f 5044 4967 5045
f 5046 4968 4969
f 5045 4968 5046
f 5047 4969 4970
f 5046 4969 5047
f 5048 4970 4971
f 5047 4970 5048
f 5049 4971 4972
f 5048 4971 5049
f 4973 5051 5050
f 5049 4973 5050
f 4972 4973 5049
f 5051 4973 4974
f 5051 4974 5052
f 5052 4974 4975
f 5052 4975 5053
f 5053 4975 4976
f 5053 4976 5054
f 5054 4976 4977
f 5054 4977 5055
f 5055 4977 4978
f 5055 4978 5056
f 5056 4978 4979
f 5057 4982 4981
f 5057 4981 4983
f 5057 4983 5058
f 5058 4983 4984
f 5058 4984 5059
f 5059 4984 4985
f 5059 4985 5060
f 5060 4985 4986
f 5060 4986 5061
f 5061 4986 4987
f 5061 4987 5062
f 5062 4987 4988
f 5062 4988 5063
f 5063 4988 4989
f 5063 4989 5064
f 5064 4989 4990
f 5064 4990 5065
f 5065 4990 4991
f 5066 4998 4999
f 5066 4999 5000
f 5066 5000 5067
f 5067 5000 5001
f 5067 5001 5068
f 5068 5001 5002
f 5068 5002 5069
f 5069 5002 5003
f 5069 5003 5070
f 5070 5003 5004
f 5071 5009 5010
f 5071 5010 5011
f 5071 5011 5072
f 5072 5011 5012
f 5073 5020 5021
f 5073 5021 5022
f 5073 5022 5074
f 5074 5022 5023
f 5074 5023 5075
f 5075 5023 5024
f 5075 5024 5076
f 5076 5024 5025
f 5076 5025 5077
f 5077 5025 5026
f 5077 5026 5078
f 5078 5026 5027
f 5078 5027 5079
f 5079 5027 5028
f 5079 5028 5080
f 5080 5028 5029
f 5081 5031 5032
f 5081 5032 5033
f 5081 5033 5082
f 5082 5033 5034
f 5082 5034 5083
f 5083 5034 5035
f 5083 5035 5084
f 5084 5035 5036
f 5084 5036 5085
f 5085 5036 5037
f 5085 5037 5086
f 5086 5037 5038
f 5086 5038 5087
f 5087 5038 5039
f 5087 5039 5088
f 5088 5039 5040
f 5088 5040 5089
f 5089 5040 5041
f 5089 5041 5090
f 5090 5041 5042
f 5090 5042 5091
f 5091 5042 5043
f 5091 5043 5092
f 5092 5043 5044
f 5092 5044 5093
f 5093 5044 5045
f 5093 5045 5094
f 5094 5045 5046
f 5094 5046 5095
f 5095 5046 5047
f 5095 5047 5096
f 5096 5047 5048
f 5096 5048 5097
f 5097 5048 5049
f 5097 5049 5098
f 5098 5049 5050
f 5101 5100 5099
f 5103 5102 5099
f 5103 5099 5100
f 5105 5104 5102
f 5105 5102 5103
f 5107 5106 5104
f 5107 5104 5105
f 5108 5106 5107
f 5111 5110 5109
f 5113 5112 5109
f 5113 5109 5110
f 4617 4618 5112
f 5113 4617 5112
f 5114 4617 5113
f 5099 4620 5101
f 4620 5114 5101
f 4620 4617 5114
f 4620 5099 4622
f 4622 5099 5102
f 4622 5102 4624
f 4624 5102 5104
f 4624 5104 4625
f 5104 5115 4625
f 5104 5106 5115
f 5106 5108 5116
f 5106 5116 5115
f 5119 5118 5117
f 5117 5118 5111
f 5117 5111 5109
f 4628 5117 5109
f 4627 4628 5109
f 4627 5109 4630
f 4630 5109 5112
f 4630 5112 4618
f 5120 4633 5115
f 5115 4633 4625
f 5115 5116 5121
f 5122 5115 5121
f 5120 5115 5122
f 5124 5123 5122
f 5124 5122 5121
f 5125 5123 5124
f 5127 5126 4635
f 5127 4635 4636
f 4635 5128 4638
f 5126 5128 4635
f 5117 4640 5119
f 4640 5128 5119
f 4640 4638 5128
f 4640 5117 4628
f 5120 4642 4633
f 4642 5120 4645
f 4645 5120 5122
f 4645 5122 4647
f 4647 5122 5123
f 5130 5129 4648
f 5130 4648 4647
f 5125 5130 4647
f 5123 5125 4647
f 5131 5129 5130
f 5134 5133 5132
f 5136 5135 5132
f 5136 5132 5133
f 5136 5127 5135
f 5127 4650 5135
f 5127 4636 4650
f 5129 4653 4648
f 5138 5137 4654
f 5138 4654 4653
f 5131 5138 4653
f 5129 5131 4653
f 5139 5137 5138
f 5142 5141 5140
f 5140 5141 5134
f 5140 5134 5132
f 4657 5140 5132
f 4656 4657 5132
f 4656 5132 4659
f 4659 5132 5135
f 4659 5135 4650
f 5143 4662 5137
f 5137 4662 4654
f 5137 5139 5144
f 5137 5144 5143
f 5147 5146 5145
f 4664 4665 5145
f 5146 4664 5145
f 5148 4664 5146
f 5140 4667 5142
f 4667 5148 5142
f 4667 4664 5148
f 4667 5140 4657
f 5143 4671 4662
f 4673 4671 5143
f 5144 4673 5143
f 5149 4673 5144
f 5152 5151 5150
f 5154 5153 5150
f 5154 5150 5151
f 5153 5154 5147
f 5153 5147 5145
f 4676 5153 5145
f 4675 4676 5145
f 4675 5145 4665
f 5156 4681 5155
f 4681 5149 5155
f 4681 4673 5149
f 5157 5156 5155
f 5160 5159 5158
f 5162 5161 5158
f 5162 5158 5159
f 4683 4684 5161
f 5162 4683 5161
f 5163 4683 5162
f 5150 4686 5152
f 4686 5163 5152
f 4686 4683 5163
f 4686 5150 4688
f 4688 5150 5153
f 4688 5153 4676
f 5164 4692 5156
f 5156 4692 4681
f 5156 5157 5165
f 5156 5165 5164
f 5168 5167 5166
f 4694 4695 5166
f 5167 4694 5166
f 5169 4694 5167
f 5171 5170 4696
f 4694 5171 4696
f 5169 5171 4694
f 4698 4699 5170
f 5171 4698 5170
f 5172 4698 5171
f 5174 5173 4700
f 4698 5174 4700
f 5172 5174 4698
f 5176 5175 5173
f 5176 5173 5174
f 5178 5177 5175
f 5178 5175 5176
f 5180 5179 5177
f 5180 5177 5178
f 5182 5181 5179
f 5182 5179 5180
f 5184 5183 5181
f 5184 5181 5182
f 5186 5185 5183
f 5186 5183 5184
f 5188 5187 5185
f 5188 5185 5186
f 4702 4703 5187
f 5188 4702 5187
f 5189 4702 5188
f 4702 5190 4705
f 5189 5190 4702
f 4705 5191 4707
f 5190 5191 4705
f 5193 5192 4708
f 4707 5193 4708
f 5191 5193 4707
f 5195 5194 5192
f 5195 5192 5193
f 5197 5196 5194
f 5197 5194 5195
f 5199 5198 5196
f 5199 5196 5197
f 5201 5200 5198
f 5201 5198 5199
f 5203 5202 5200
f 5203 5200 5201
f 5205 5204 5202
f 5205 5202 5203
f 5207 5206 5204
f 5207 5204 5205
f 5209 5208 5206
f 5209 5206 5207
f 5211 5210 5208
f 5211 5208 5209
f 5213 5212 5210
f 5213 5210 5211
f 5215 5214 5212
f 5215 5212 5213
f 5217 5216 5214
f 5217 5214 5215
f 5219 5218 5216
f 5219 5216 5217
f 5221 5220 5218
f 5221 5218 5219
f 5223 5222 5220
f 5223 5220 5221
f 5225 5224 5222
f 5225 5222 5223
f 5227 5226 5224
f 5227 5224 5225
f 5229 5228 5226
f 5229 5226 5227
f 4710 4711 5228
f 5229 4710 5228
f 5230 4710 5229
f 4710 5231 4713
f 5230 5231 4710
f 4713 5232 4715
f 5231 5232 4713
f 4715 5233 4717
f 5232 5233 4715
f 4717 5234 4719
f 5233 5234 4717
f 4719 5235 4721
f 5234 5235 4719
f 4721 5236 4723
f 5235 5236 4721
f 4723 5237 4725
f 5236 5237 4723
f 4725 5238 4727
f 5237 5238 4725
f 5158 4729 5160
f 4729 5238 5160
f 4729 4727 5238
f 4729 5158 4731
f 4731 5158 5161
f 4731 5161 4684
f 5164 4735 4692
f 4736 4735 5164
f 5165 4736 5164
f 5239 4736 5165
f 5168 5166 4738
f 4739 5168 4738
f 5240 5168 4739
f 4738 5166 4695
f 5170 4741 4696
f 4741 5170 4699
f 5173 4744 4700
f 4744 5173 4747
f 4747 5173 5175
f 4747 5175 4749
f 4749 5175 5177
f 4749 5177 4751
f 4751 5177 5179
f 4751 5179 4753
f 4753 5179 5181
f 4753 5181 4755
f 4755 5181 5183
f 4755 5183 4757
f 4757 5183 5185
f 4757 5185 4759
f 4759 5185 5187
f 4759 5187 4703
f 5192 4763 4708
f 4763 5192 4766
f 4766 5192 5194
f 4766 5194 4768
f 4768 5194 5196
f 4768 5196 4770
f 4770 5196 5198
f 4770 5198 4772
f 4772 5198 5200
f 4772 5200 4774
f 4774 5200 5202
f 4774 5202 4776
f 4776 5202 5204
f 4776 5204 4778
f 4778 5204 5206
f 4778 5206 4780
f 4780 5206 5208
f 4780 5208 4782
f 4782 5208 5210
f 4782 5210 4784
f 4784 5210 5212
f 4784 5212 4786
f 4786 5212 5214
f 4786 5214 4788
f 4788 5214 5216
f 4788 5216 4790
f 4790 5216 5218
f 4790 5218 4792
f 4792 5218 5220
f 4792 5220 4794
f 4794 5220 5222
f 4794 5222 4796
f 4796 5222 5224
f 4796 5224 4798
f 4798 5224 5226
f 4798 5226 4800
f 4800 5226 5228
f 4800 5228 4711
f 5239 4807 4736
f 5241 4807 5239
f 4809 5240 4739
f 4809 5242 5240
f 5241 4815 4807
f 5243 4815 5241
f 4817 5242 4809
f 4817 5244 5242
f 5243 4819 4815
f 5245 4819 5243
f 4820 5244 4817
f 4820 5246 5244
f 5245 4822 4819
f 5247 4822 5245
f 4823 5246 4820
f 4823 5248 5246
f 5247 4825 4822
f 5249 4825 5247
f 4826 5248 4823
f 4826 5250 5248
f 5249 4828 4825
f 5251 4828 5249
f 4829 5250 4826
f 4829 5252 5250
f 5251 4831 4828
f 5253 4831 5251
f 4832 5252 4829
f 4832 5254 5252
f 5253 4848 4831
f 5255 4848 5253
f 4849 5254 4832
f 4849 5256 5254
f 5255 4852 4848
f 5257 4852 5255
f 4854 5256 4849
f 4854 5258 5256
f 5257 4857 4852
f 5259 4857 5257
f 4859 5258 4854
f 4859 5260 5258
f 5259 4877 4857
f 5261 4877 5259
f 4879 5260 4859
f 4879 5262 5260
f 5263 4927 4928
f 5264 5263 4928
f 4877 5264 4928
f 5261 5264 4877
f 4930 5262 4879
f 4930 5265 5262
f 5266 4979 5263
f 5263 4979 4927
f 5263 5264 5267
f 5263 5267 5266
f 4930 4980 5268
f 5269 4930 5268
f 5265 4930 5269
f 4982 5268 4980
f 5270 4991 4992
f 4993 5271 4992
f 4992 5271 5270
f 4994 5272 4993
f 4993 5272 5271
f 4995 5273 4994
f 4994 5273 5272
f 4996 5274 4995
f 4995 5274 5273
f 4997 5275 4996
f 4996 5275 5274
f 4998 5275 4997
f 5276 5004 5005
f 5006 5277 5005
f 5005 5277 5276
f 5007 5278 5006
f 5006 5278 5277
f 5008 5279 5007
f 5007 5279 5278
f 5009 5279 5008
f 5280 5012 5013
f 5014 5281 5013
f 5013 5281 5280
f 5015 5282 5014
f 5014 5282 5281
f 5016 5283 5015
f 5015 5283 5282
f 5017 5284 5016
f 5016 5284 5283
f 5018 5285 5017
f 5017 5285 5284
f 5019 5286 5018
f 5018 5286 5285
f 5020 5286 5019
f 5287 5029 5030
f 5031 5287 5030
f 5288 5050 5051
f 5052 5289 5051
f 5051 5289 5288
f 5053 5290 5052
f 5052 5290 5289
f 5054 5291 5053
f 5053 5291 5290
f 5055 5292 5054
f 5054 5292 5291
f 5056 5293 5055
f 5055 5293 5292
f 5294 5293 5056
f 5294 5056 4979
f 5295 5294 4979
f 5266 5295 4979
f 5295 5266 5267
f 5296 5269 5268
f 5296 5268 4982
f 5057 5296 4982
f 5297 5296 5057
f 5298 5057 5058
f 5298 5297 5057
f 5299 5058 5059
f 5299 5298 5058
f 5300 5059 5060
f 5300 5299 5059
f 5301 5060 5061
f 5301 5300 5060
f 5302 5061 5062
f 5302 5301 5061
f 5303 5062 5063
f 5303 5302 5062
f 5304 5063 5064
f 5304 5303 5063
f 5305 5064 5065
f 5305 5304 5064
f 5065 4991 5270
f 5306 5065 5270
f 5305 5065 5306
f 5306 5270 5271
f 5306 5271 5307
f 5307 5271 5272
f 5307 5272 5308
f 5308 5272 5273
f 5308 5273 5309
f 5309 5273 5274
f 5309 5274 5310
f 5310 5274 5275
f 5310 5275 5311
f 5311 5275 4998
f 5066 5311 4998
f 5312 5311 5066
f 5313 5066 5067
f 5313 5312 5066
f 5314 5067 5068
f 5314 5313 5067
f 5315 5068 5069
f 5315 5314 5068
f 5316 5069 5070
f 5316 5315 5069
f 5070 5004 5276
f 5317 5070 5276
f 5316 5070 5317
f 5317 5276 5277
f 5317 5277 5318
f 5318 5277 5278
f 5318 5278 5319
f 5319 5278 5279
f 5319 5279 5320
f 5320 5279 5009
f 5071 5320 5009
f 5321 5320 5071
f 5322 5071 5072
f 5322 5321 5071
f 5072 5012 5280
f 5323 5072 5280
f 5322 5072 5323
f 5323 5280 5281
f 5323 5281 5324
f 5324 5281 5282
f 5324 5282 5325
f 5325 5282 5283
f 5325 5283 5326
f 5326 5283 5284
f 5326 5284 5327
f 5327 5284 5285
f 5327 5285 5328
f 5328 5285 5286
f 5328 5286 5329
f 5329 5286 5020
f 5073 5329 5020
f 5330 5329 5073
f 5331 5073 5074
f 5331 5330 5073
f 5332 5074 5075
f 5332 5331 5074
f 5333 5075 5076
f 5333 5332 5075
f 5334 5076 5077
f 5334 5333 5076
f 5335 5077 5078
f 5335 5334 5077
f 5336 5078 5079
f 5336 5335 5078
f 5337 5079 5080
f 5337 5336 5079
f 5080 5029 5287
f 5338 5080 5287
f 5337 5080 5338
f 5338 5287 5031
f 5081 5338 5031
f 5339 5338 5081
f 5340 5081 5082
f 5340 5339 5081
f 5341 5082 5083
f 5341 5340 5082
f 5342 5083 5084
f 5342 5341 5083
f 5343 5084 5085
f 5343 5342 5084
f 5344 5085 5086
f 5344 5343 5085
f 5345 5086 5087
f 5345 5344 5086
f 5346 5087 5088
f 5346 5345 5087
f 5347 5088 5089
f 5347 5346 5088
f 5348 5089 5090
f 5348 5347 5089
f 5349 5090 5091
f 5349 5348 5090
f 5350 5091 5092
f 5350 5349 5091
f 5351 5092 5093
f 5351 5350 5092
f 5352 5093 5094
f 5352 5351 5093
f 5353 5094 5095
f 5353 5352 5094
f 5354 5095 5096
f 5354 5353 5095
f 5355 5096 5097
f 5355 5354 5096
f 5356 5097 5098
f 5356 5355 5097
f 5098 5050 5288
f 5357 5098 5288
f 5356 5098 5357
f 5357 5288 5289
f 5357 5289 5358
f 5358 5289 5290
f 5358 5290 5359
f 5359 5290 5291
f 5359 5291 5360
f 5360 5291 5292
f 5360 5292 5361
f 5361 5292 5293
f 5361 5293 5362
f 5362 5293 5294
f 5365 5364 5363
f 5100 5101 5363
f 5364 5100 5363
f 5366 5100 5364
f 5100 5367 5103
f 5366 5367 5100
f 5103 5368 5105
f 5367 5368 5103
f 5105 5369 5107
f 5368 5369 5105
f 5108 5107 5369
f 5108 5369 5370
f 5372 5371 5110
f 5372 5110 5111
f 5110 5373 5113
f 5371 5373 5110
f 5363 5114 5365
f 5114 5373 5365
f 5114 5113 5373
f 5114 5363 5101
f 5370 5116 5108
f 5374 5116 5370
f 5377 5376 5375
f 5379 5378 5375
f 5379 5375 5376
f 5118 5119 5378
f 5379 5118 5378
f 5380 5118 5379
f 5111 5118 5372
f 5372 5118 5380
f 5374 5381 5116
f 5116 5381 5121
f 5121 5382 5124
f 5381 5382 5121
f 5384 5383 5125
f 5124 5384 5125
f 5382 5384 5124
f 5385 5383 5384
f 5388 5387 5386
f 5386 5387 5377
f 5386 5377 5375
f 5127 5386 5375
f 5126 5127 5375
f 5126 5375 5128
f 5128 5375 5378
f 5128 5378 5119
f 5383 5130 5125
f 5390 5389 5131
f 5390 5131 5130
f 5385 5390 5130
f 5383 5385 5130
f 5391 5389 5390
f 5393 5392 5133
f 5393 5133 5134
f 5386 5136 5388
f 5136 5392 5388
f 5136 5133 5392
f 5136 5386 5127
f 5389 5138 5131
f 5139 5138 5389
f 5391 5139 5389
f 5394 5139 5391
f 5397 5396 5395
f 5141 5142 5395
f 5396 5141 5395
f 5398 5141 5396
f 5134 5141 5393
f 5393 5141 5398
f 5394 5144 5139
f 5399 5144 5394
f 5402 5401 5400
f 5146 5147 5400
f 5401 5146 5400
f 5403 5146 5401
f 5395 5148 5397
f 5148 5403 5397
f 5148 5146 5403
f 5148 5395 5142
f 5405 5149 5404
f 5149 5399 5404
f 5149 5144 5399
f 5406 5405 5404
f 5409 5408 5407
f 5151 5152 5407
f 5408 5151 5407
f 5410 5151 5408
f 5400 5154 5402
f 5154 5410 5402
f 5154 5151 5410
f 5154 5400 5147
f 5405 5155 5149
f 5157 5155 5405
f 5406 5157 5405
f 5411 5157 5406
f 5414 5413 5412
f 5416 5415 5412
f 5416 5412 5413
f 5159 5160 5415
f 5416 5159 5415
f 5417 5159 5416
f 5159 5418 5162
f 5417 5418 5159
f 5407 5163 5409
f 5163 5418 5409
f 5163 5162 5418
f 5163 5407 5152
f 5411 5165 5157
f 5419 5165 5411
f 5421 5420 5167
f 5421 5167 5168
f 5167 5422 5169
f 5420 5422 5167
f 5169 5423 5171
f 5422 5423 5169
f 5171 5424 5172
f 5423 5424 5171
f 5172 5425 5174
f 5424 5425 5172
f 5174 5426 5176
f 5425 5426 5174
f 5176 5427 5178
f 5426 5427 5176
f 5178 5428 5180
f 5427 5428 5178
f 5180 5429 5182
f 5428 5429 5180
f 5182 5430 5184
f 5429 5430 5182
f 5184 5431 5186
f 5430 5431 5184
f 5186 5432 5188
f 5431 5432 5186
f 5188 5433 5189
f 5432 5433 5188
f 5189 5434 5190
f 5433 5434 5189
f 5190 5435 5191
f 5434 5435 5190
f 5191 5436 5193
f 5435 5436 5191
f 5193 5437 5195
f 5436 5437 5193
f 5195 5438 5197
f 5437 5438 5195
f 5197 5439 5199
f 5438 5439 5197
f 5199 5440 5201
f 5439 5440 5199
f 5201 5441 5203
f 5440 5441 5201
f 5203 5442 5205
f 5441 5442 5203
f 5205 5443 5207
f 5442 5443 5205
f 5207 5444 5209
f 5443 5444 5207
f 5209 5445 5211
f 5444 5445 5209
f 5211 5446 5213
f 5445 5446 5211
f 5213 5447 5215
f 5446 5447 5213
f 5215 5448 5217
f 5447 5448 5215
f 5217 5449 5219
f 5448 5449 5217
f 5219 5450 5221
f 5449 5450 5219
f 5221 5451 5223
f 5450 5451 5221
f 5223 5452 5225
f 5451 5452 5223
f 5225 5453 5227
f 5452 5453 5225
f 5227 5454 5229
f 5453 5454 5227
f 5229 5455 5230
f 5454 5455 5229
f 5230 5456 5231
f 5455 5456 5230
f 5231 5457 5232
f 5456 5457 5231
f 5232 5458 5233
f 5457 5458 5232
f 5233 5459 5234
f 5458 5459 5233
f 5234 5460 5235
f 5459 5460 5234
f 5235 5461 5236
f 5460 5461 5235
f 5412 5237 5414
f 5237 5461 5414
f 5237 5236 5461
f 5237 5412 5238
f 5238 5412 5415
f 5238 5415 5160
f 5419 5239 5165
f 5462 5239 5419
f 5240 5421 5168
f 5240 5463 5421
f 5462 5241 5239
f 5464 5241 5462
f 5242 5463 5240
f 5242 5465 5463
f 5464 5243 5241
f 5466 5243 5464
f 5244 5465 5242
f 5244 5467 5465
f 5466 5245 5243
f 5468 5245 5466
f 5246 5467 5244
f 5246 5469 5467
f 5468 5247 5245
f 5470 5247 5468
f 5248 5469 5246
f 5248 5471 5469
f 5470 5249 5247
f 5472 5249 5470
f 5250 5471 5248
f 5250 5473 5471
f 5472 5251 5249
f 5474 5251 5472
f 5252 5473 5250
f 5252 5475 5473
f 5474 5253 5251
f 5476 5253 5474
f 5254 5475 5252
f 5254 5477 5475
f 5476 5255 5253
f 5478 5255 5476
f 5256 5477 5254
f 5256 5479 5477
f 5478 5257 5255
f 5480 5257 5478
f 5258 5479 5256
f 5258 5481 5479
f 5480 5259 5257
f 5482 5259 5480
f 5260 5481 5258
f 5260 5483 5481
f 5482 5261 5259
f 5484 5261 5482
f 5262 5483 5260
f 5262 5485 5483
f 5484 5264 5261
f 5486 5264 5484
f 5265 5485 5262
f 5265 5487 5485
f 5486 5267 5264
f 5488 5267 5486
f 5269 5487 5265
f 5269 5489 5487
f 5490 5294 5295
f 5491 5490 5295
f 5267 5491 5295
f 5488 5491 5267
f 5492 5489 5269
f 5492 5269 5296
f 5493 5296 5297
f 5493 5492 5296
f 5494 5297 5298
f 5494 5493 5297
f 5495 5298 5299
f 5495 5494 5298
f 5496 5299 5300
f 5496 5495 5299
f 5497 5300 5301
f 5497 5496 5300
f 5498 5301 5302
f 5498 5497 5301
f 5499 5302 5303
f 5499 5498 5302
f 5500 5303 5304
f 5500 5499 5303
f 5501 5304 5305
f 5501 5500 5304
f 5502 5305 5306
f 5502 5501 5305
f 5503 5306 5307
f 5503 5502 5306
f 5504 5307 5308
f 5504 5503 5307
f 5505 5308 5309
f 5505 5504 5308
f 5506 5309 5310
f 5506 5505 5309
f 5507 5310 5311
f 5507 5506 5310
f 5508 5311 5312
f 5508 5507 5311
f 5509 5312 5313
f 5509 5508 5312
f 5510 5313 5314
f 5510 5509 5313
f 5511 5314 5315
f 5511 5510 5314
f 5512 5315 5316
f 5512 5511 5315
f 5513 5316 5317
f 5513 5512 5316
f 5514 5317 5318
f 5514 5513 5317
f 5515 5318 5319
f 5515 5514 5318
f 5516 5319 5320
f 5516 5515 5319
f 5517 5320 5321
f 5517 5516 5320
f 5518 5321 5322
f 5518 5517 5321
f 5519 5322 5323
f 5519 5518 5322
f 5520 5323 5324
f 5520 5519 5323
f 5521 5324 5325
f 5521 5520 5324
f 5522 5325 5326
f 5522 5521 5325
f 5523 5326 5327
f 5523 5522 5326
f 5524 5327 5328
f 5524 5523 5327
f 5525 5328 5329
f 5525 5524 5328
f 5526 5329 5330
f 5526 5525 5329
f 5527 5330 5331
f 5527 5526 5330
f 5528 5331 5332
f 5528 5527 5331
f 5529 5332 5333
f 5529 5528 5332
f 5530 5333 5334
f 5530 5529 5333
f 5531 5334 5335
f 5531 5530 5334
f 5532 5335 5336
f 5532 5531 5335
f 5533 5336 5337
f 5533 5532 5336
f 5534 5337 5338
f 5534 5533 5337
f 5535 5338 5339
f 5535 5534 5338
f 5536 5339 5340
f 5536 5535 5339
f 5537 5340 5341
f 5537 5536 5340
f 5538 5341 5342
f 5538 5537 5341
f 5539 5342 5343
f 5539 5538 5342
f 5540 5343 5344
f 5540 5539 5343
f 5541 5344 5345
f 5541 5540 5344
f 5542 5345 5346
f 5542 5541 5345
f 5543 5346 5347
f 5543 5542 5346
f 5544 5347 5348
f 5544 5543 5347
f 5545 5348 5349
f 5545 5544 5348
f 5546 5349 5350
f 5546 5545 5349
f 5547 5350 5351
f 5547 5546 5350
f 5548 5351 5352
f 5548 5547 5351
f 5549 5352 5353
f 5549 5548 5352
f 5550 5353 5354
f 5550 5549 5353
f 5551 5354 5355
f 5551 5550 5354
f 5552 5355 5356
f 5552 5551 5355
f 5553 5356 5357
f 5553 5552 5356
f 5554 5357 5358
f 5554 5553 5357
f 5555 5358 5359
f 5555 5554 5358
f 5556 5359 5360
f 5556 5555 5359
f 5557 5360 5361
f 5557 5556 5360
f 5558 5361 5362
f 5558 5557 5361
f 5362 5294 5490
f 5559 5362 5490
f 5558 5362 5559
f 5559 5490 5491
f 5562 5561 5560
f 5364 5365 5560
f 5561 5364 5560
f 5563 5364 5561
f 5364 5564 5366
f 5563 5564 5364
f 5366 5565 5367
f 5564 5565 5366
f 5367 5566 5368
f 5565 5566 5367
f 5368 5567 5369
f 5566 5567 5368
f 5569 5568 5370
f 5369 5569 5370
f 5567 5569 5369
f 5570 5568 5569
f 5573 5572 5571
f 5371 5372 5571
f 5572 5371 5571
f 5574 5371 5572
f 5560 5373 5562
f 5373 5574 5562
f 5373 5371 5574
f 5373 5560 5365
f 5575 5374 5568
f 5568 5374 5370
f 5568 5570 5576
f 5577 5568 5576
f 5575 5568 5577
f 5578 5577 5576
f 5580 5579 5376
f 5580 5376 5377
f 5376 5581 5379
f 5579 5581 5376
f 5571 5380 5573
f 5380 5581 5573
f 5380 5379 5581
f 5380 5571 5372
f 5575 5381 5374
f 5381 5575 5382
f 5382 5575 5577
f 5578 5582 5577
f 5582 5382 5577
f 5582 5384 5382
f 5385 5384 5582
f 5385 5582 5583
f 5586 5585 5584
f 5387 5388 5584
f 5585 5387 5584
f 5587 5387 5585
f 5377 5387 5580
f 5580 5387 5587
f 5583 5588 5385
f 5385 5588 5390
f 5391 5390 5588
f 5391 5588 5589
f 5592 5591 5590
f 5590 5591 5586
f 5590 5586 5584
f 5393 5590 5584
f 5392 5393 5584
f 5392 5584 5388
f 5589 5394 5391
f 5593 5394 5589
f 5595 5594 5396
f 5595 5396 5397
f 5590 5398 5592
f 5398 5594 5592
f 5398 5396 5594
f 5398 5590 5393
f 5593 5399 5394
f 5596 5399 5593
f 5599 5598 5597
f 5401 5402 5597
f 5598 5401 5597
f 5600 5401 5598
f 5401 5601 5403
f 5600 5601 5401
f 5397 5403 5595
f 5595 5403 5601
f 5596 5602 5399
f 5399 5602 5404
f 5406 5404 5602
f 5406 5602 5603
f 5606 5605 5604
f 5408 5409 5604
f 5605 5408 5604
f 5607 5408 5605
f 5597 5410 5599
f 5410 5607 5599
f 5410 5408 5607
f 5410 5597 5402
f 5603 5411 5406
f 5608 5411 5603
f 5611 5610 5609
f 5613 5612 5609
f 5613 5609 5610
f 5413 5414 5612
f 5613 5413 5612
f 5614 5413 5613
f 5413 5615 5416
f 5614 5615 5413
f 5416 5616 5417
f 5615 5616 5416
f 5604 5418 5606
f 5418 5616 5606
f 5418 5417 5616
f 5418 5604 5409
f 5608 5419 5411
f 5617 5419 5608
f 5619 5618 5420
f 5619 5420 5421
f 5420 5620 5422
f 5618 5620 5420
f 5422 5621 5423
f 5620 5621 5422
f 5423 5622 5424
f 5621 5622 5423
f 5424 5623 5425
f 5622 5623 5424
f 5425 5624 5426
f 5623 5624 5425
f 5426 5625 5427
f 5624 5625 5426
f 5427 5626 5428
f 5625 5626 5427
f 5428 5627 5429
f 5626 5627 5428
f 5429 5628 5430
f 5627 5628 5429
f 5430 5629 5431
f 5628 5629 5430
f 5431 5630 5432
f 5629 5630 5431
f 5432 5631 5433
f 5630 5631 5432
f 5433 5632 5434
f 5631 5632 5433
f 5434 5633 5435
f 5632 5633 5434
f 5435 5634 5436
f 5633 5634 5435
f 5436 5635 5437
f 5634 5635 5436
f 5437 5636 5438
f 5635 5636 5437
f 5438 5637 5439
f 5636 5637 5438
f 5439 5638 5440
f 5637 5638 5439
f 5440 5639 5441
f 5638 5639 5440
f 5441 5640 5442
f 5639 5640 5441
f 5442 5641 5443
f 5640 5641 5442
f 5443 5642 5444
f 5641 5642 5443
f 5444 5643 5445
f 5642 5643 5444
f 5445 5644 5446
f 5643 5644 5445
f 5446 5645 5447
f 5644 5645 5446
f 5447 5646 5448
f 5645 5646 5447
f 5448 5647 5449
f 5646 5647 5448
f 5449 5648 5450
f 5647 5648 5449
f 5450 5649 5451
f 5648 5649 5450
f 5451 5650 5452
f 5649 5650 5451
f 5452 5651 5453
f 5650 5651 5452
f 5453 5652 5454
f 5651 5652 5453
f 5454 5653 5455
f 5652 5653 5454
f 5455 5654 5456
f 5653 5654 5455
f 5456 5655 5457
f 5654 5655 5456
f 5457 5656 5458
f 5655 5656 5457
f 5458 5657 5459
f 5656 5657 5458
f 5609 5460 5611
f 5460 5657 5611
f 5460 5459 5657
f 5460 5609 5461
f 5461 5609 5612
f 5461 5612 5414
f 5617 5462 5419
f 5658 5462 5617
f 5463 5619 5421
f 5463 5659 5619
f 5658 5464 5462
f 5660 5464 5658
f 5465 5659 5463
f 5465 5661 5659
f 5660 5466 5464
f 5662 5466 5660
f 5467 5661 5465
f 5467 5663 5661
f 5662 5468 5466
f 5664 5468 5662
f 5469 5663 5467
f 5469 5665 5663
f 5664 5470 5468
f 5666 5470 5664
f 5471 5665 5469
f 5471 5667 5665
f 5666 5472 5470
f 5668 5472 5666
f 5473 5667 5471
f 5473 5669 5667
f 5668 5474 5472
f 5670 5474 5668
f 5475 5669 5473
f 5475 5671 5669
f 5670 5476 5474
f 5672 5476 5670
f 5477 5671 5475
f 5477 5673 5671
f 5672 5478 5476
f 5674 5478 5672
f 5479 5673 5477
f 5479 5675 5673
f 5674 5480 5478
f 5676 5480 5674
f 5481 5675 5479
f 5481 5677 5675
f 5676 5482 5480
f 5678 5482 5676
f 5483 5677 5481
f 5483 5679 5677
f 5678 5484 5482
f 5680 5484 5678
f 5485 5679 5483
f 5485 5681 5679
f 5680 5486 5484
f 5682 5486 5680
f 5487 5681 5485
f 5487 5683 5681
f 5682 5488 5486
f 5684 5488 5682
f 5489 5683 5487
f 5489 5685 5683
f 5684 5491 5488
f 5686 5491 5684
f 5687 5685 5489
f 5687 5489 5492
f 5688 5492 5493
f 5688 5687 5492
f 5689 5493 5494
f 5689 5688 5493
f 5690 5494 5495
f 5690 5689 5494
f 5691 5495 5496
f 5691 5690 5495
f 5692 5496 5497
f 5692 5691 5496
f 5693 5497 5498
f 5693 5692 5497
f 5694 5498 5499
f 5694 5693 5498
f 5695 5499 5500
f 5695 5694 5499
f 5696 5500 5501
f 5696 5695 5500
f 5697 5501 5502
f 5697 5696 5501
f 5698 5502 5503
f 5698 5697 5502
f 5699 5503 5504
f 5699 5698 5503
f 5700 5504 5505
f 5700 5699 5504
f 5701 5505 5506
f 5701 5700 5505
f 5702 5506 5507
f 5702 5701 5506
f 5703 5507 5508
f 5703 5702 5507
f 5704 5508 5509
f 5704 5703 5508
f 5705 5509 5510
f 5705 5704 5509
f 5706 5510 5511
f 5706 5705 5510
f 5707 5511 5512
f 5707 5706 5511
f 5708 5512 5513
f 5708 5707 5512
f 5709 5513 5514
f 5709 5708 5513
f 5710 5514 5515
f 5710 5709 5514
f 5711 5515 5516
f 5711 5710 5515
f 5712 5516 5517
f 5712 5711 5516
f 5713 5517 5518
f 5713 5712 5517
f 5714 5518 5519
f 5714 5713 5518
f 5715 5519 5520
f 5715 5714 5519
f 5716 5520 5521
f 5716 5715 5520
f 5717 5521 5522
f 5717 5716 5521
f 5718 5522 5523
f 5718 5717 5522
f 5719 5523 5524
f 5719 5718 5523
f 5720 5524 5525
f 5720 5719 5524
f 5721 5525 5526
f 5721 5720 5525
f 5722 5526 5527
f 5722 5721 5526
f 5723 5527 5528
f 5723 5722 5527
f 5724 5528 5529
f 5724 5723 5528
f 5725 5529 5530
f 5725 5724 5529
f 5726 5530 5531
f 5726 5725 5530
f 5727 5531 5532
f 5727 5726 5531
f 5728 5532 5533
f 5728 5727 5532
f 5729 5533 5534
f 5729 5728 5533
f 5730 5534 5535
f 5730 5729 5534
f 5731 5535 5536
f 5731 5730 5535
f 5732 5536 5537
f 5732 5731 5536
f 5733 5537 5538
f 5733 5732 5537
f 5734 5538 5539
f 5734 5733 5538
f 5735 5539 5540
f 5735 5734 5539
f 5736 5540 5541
f 5736 5735 5540
f 5737 5541 5542
f 5737 5736 5541
f 5738 5542 5543
f 5738 5737 5542
f 5739 5543 5544
f 5739 5738 5543
f 5740 5544 5545
f 5740 5739 5544
f 5741 5545 5546
f 5741 5740 5545
f 5742 5546 5547
f 5742 5741 5546
f 5743 5547 5548
f 5743 5742 5547
f 5744 5548 5549
f 5744 5743 5548
f 5745 5549 5550
f 5745 5744 5549
f 5746 5550 5551
f 5746 5745 5550
f 5747 5551 5552
f 5747 5746 5551
f 5748 5552 5553
f 5748 5747 5552
f 5749 5553 5554
f 5749 5748 5553
f 5750 5554 5555
f 5750 5749 5554
f 5751 5555 5556
f 5751 5750 5555
f 5752 5556 5557
f 5752 5751 5556
f 5753 5557 5558
f 5753 5752 5557
f 5754 5558 5559
f 5754 5753 5558
f 5559 5491 5686
f 5559 5686 5754
f 5757 5756 5755
f 5561 5562 5755
f 5756 5561 5755
f 5758 5561 5756
f 5561 5759 5563
f 5758 5759 5561
f 5563 5760 5564
f 5759 5760 5563
f 5564 5761 5565
f 5760 5761 5564
f 5565 5762 5566
f 5761 5762 5565
f 5566 5763 5567
f 5762 5763 5566
f 5567 5764 5569
f 5763 5764 5567
f 5570 5569 5764
f 5570 5764 5765
f 5768 5767 5766
f 5572 5573 5766
f 5767 5572 5766
f 5769 5572 5767
f 5755 5574 5757
f 5574 5769 5757
f 5574 5572 5769
f 5574 5755 5562
f 5765 5770 5570
f 5570 5770 5576
f 5772 5771 5578
f 5576 5772 5578
f 5770 5772 5576
f 5773 5771 5772
f 5775 5774 5579
f 5775 5579 5580
f 5766 5581 5768
f 5581 5774 5768
f 5581 5579 5774
f 5581 5766 5573
f 5771 5582 5578
f 5777 5776 5583
f 5777 5583 5582
f 5773 5777 5582
f 5771 5773 5582
f 5778 5776 5777
f 5780 5779 5585
f 5780 5585 5586
f 5585 5781 5587
f 5779 5781 5585
f 5580 5587 5775
f 5775 5587 5781
f 5776 5588 5583
f 5589 5588 5776
f 5778 5589 5776
f 5782 5589 5778
f 5784 5783 5591
f 5784 5591 5592
f 5586 5591 5780
f 5780 5591 5783
f 5786 5593 5785
f 5593 5782 5785
f 5593 5589 5782
f 5787 5786 5785
f 5789 5788 5594
f 5789 5594 5595
f 5592 5594 5784
f 5784 5594 5788
f 5790 5596 5786
f 5786 5596 5593
f 5786 5787 5791
f 5786 5791 5790
f 5794 5793 5792
f 5598 5599 5792
f 5793 5598 5792
f 5795 5598 5793
f 5598 5796 5600
f 5795 5796 5598
f 5600 5797 5601
f 5796 5797 5600
f 5595 5601 5789
f 5789 5601 5797
f 5790 5602 5596
f 5603 5602 5790
f 5791 5603 5790
f 5798 5603 5791
f 5801 5800 5799
f 5605 5606 5799
f 5800 5605 5799
f 5802 5605 5800
f 5792 5607 5794
f 5607 5802 5794
f 5607 5605 5802
f 5607 5792 5599
f 5798 5608 5603
f 5803 5608 5798
f 5806 5805 5804
f 5808 5807 5804
f 5808 5804 5805
f 5810 5809 5807
f 5810 5807 5808
f 5812 5811 5809
f 5812 5809 5810
f 5814 5813 5811
f 5814 5811 5812
f 5816 5815 5813
f 5816 5813 5814
f 5818 5817 5815
f 5818 5815 5816
f 5820 5819 5817
f 5820 5817 5818
f 5821 5819 5820
f 5823 5822 5610
f 5823 5610 5611
f 5610 5824 5613
f 5822 5824 5610
f 5613 5825 5614
f 5824 5825 5613
f 5614 5826 5615
f 5825 5826 5614
f 5799 5616 5801
f 5616 5826 5801
f 5616 5615 5826
f 5616 5799 5606
f 5803 5617 5608
f 5827 5617 5803
f 5829 5828 5618
f 5829 5618 5619
f 5618 5830 5620
f 5828 5830 5618
f 5620 5831 5621
f 5830 5831 5620
f 5621 5832 5622
f 5831 5832 5621
f 5622 5833 5623
f 5832 5833 5622
f 5623 5834 5624
f 5833 5834 5623
f 5624 5835 5625
f 5834 5835 5624
f 5625 5836 5626
f 5835 5836 5625
f 5626 5837 5627
f 5836 5837 5626
f 5804 5628 5806
f 5628 5837 5806
f 5628 5627 5837
f 5628 5804 5629
f 5629 5804 5807
f 5629 5807 5630
f 5630 5807 5809
f 5630 5809 5631
f 5631 5809 5811
f 5631 5811 5632
f 5632 5811 5813
f 5632 5813 5633
f 5633 5813 5815
f 5633 5815 5634
f 5634 5815 5817
f 5634 5817 5635
f 5635 5817 5819
f 5821 5838 5819
f 5838 5635 5819
f 5838 5636 5635
f 5636 5839 5637
f 5838 5839 5636
f 5637 5840 5638
f 5839 5840 5637
f 5638 5841 5639
f 5840 5841 5638
f 5639 5842 5640
f 5841 5842 5639
f 5640 5843 5641
f 5842 5843 5640
f 5641 5844 5642
f 5843 5844 5641
f 5642 5845 5643
f 5844 5845 5642
f 5643 5846 5644
f 5845 5846 5643
f 5644 5847 5645
f 5846 5847 5644
f 5645 5848 5646
f 5847 5848 5645
f 5646 5849 5647
f 5848 5849 5646
f 5647 5850 5648
f 5849 5850 5647
f 5648 5851 5649
f 5850 5851 5648
f 5649 5852 5650
f 5851 5852 5649
f 5650 5853 5651
f 5852 5853 5650
f 5651 5854 5652
f 5853 5854 5651
f 5652 5855 5653
f 5854 5855 5652
f 5653 5856 5654
f 5855 5856 5653
f 5654 5857 5655
f 5856 5857 5654
f 5655 5858 5656
f 5857 5858 5655
f 5656 5859 5657
f 5858 5859 5656
f 5611 5657 5823
f 5823 5657 5859
f 5827 5658 5617
f 5860 5658 5827
f 5659 5829 5619
f 5659 5861 5829
f 5860 5660 5658
f 5862 5660 5860
f 5661 5861 5659
f 5661 5863 5861
f 5862 5662 5660
f 5864 5662 5862
f 5663 5863 5661
f 5663 5865 5863
f 5864 5664 5662
f 5866 5664 5864
f 5665 5865 5663
f 5665 5867 5865
f 5866 5666 5664
f 5868 5666 5866
f 5667 5867 5665
f 5667 5869 5867
f 5868 5668 5666
f 5870 5668 5868
f 5669 5869 5667
f 5669 5871 5869
f 5870 5670 5668
f 5872 5670 5870
f 5671 5871 5669
f 5671 5873 5871
f 5872 5672 5670
f 5874 5672 5872
f 5673 5873 5671
f 5673 5875 5873
f 5874 5674 5672
f 5876 5674 5874
f 5675 5875 5673
f 5675 5877 5875
f 5876 5676 5674
f 5878 5676 5876
f 5677 5877 5675
f 5677 5879 5877
f 5878 5678 5676
f 5880 5678 5878
f 5679 5879 5677
f 5679 5881 5879
f 5880 5680 5678
f 5882 5680 5880
f 5681 5881 5679
f 5681 5883 5881
f 5882 5682 5680
f 5884 5682 5882
f 5683 5883 5681
f 5683 5885 5883
f 5884 5684 5682
f 5886 5684 5884
f 5685 5885 5683
f 5685 5887 5885
f 5886 5686 5684
f 5888 5686 5886
f 5889 5887 5685
f 5889 5685 5687
f 5890 5687 5688
f 5890 5889 5687
f 5891 5688 5689
f 5891 5890 5688
f 5892 5689 5690
f 5892 5891 5689
f 5893 5690 5691
f 5893 5892 5690
f 5894 5691 5692
f 5894 5893 5691
f 5895 5692 5693
f 5895 5894 5692
f 5896 5693 5694
f 5896 5895 5693
f 5897 5694 5695
f 5897 5896 5694
f 5898 5695 5696
f 5898 5897 5695
f 5899 5696 5697
f 5899 5898 5696
f 5900 5697 5698
f 5900 5899 5697
f 5901 5698 5699
f 5901 5900 5698
f 5902 5699 5700
f 5902 5901 5699
f 5903 5700 5701
f 5903 5902 5700
f 5904 5701 5702
f 5904 5903 5701
f 5905 5702 5703
f 5905 5904 5702
f 5906 5703 5704
f 5906 5905 5703
f 5907 5704 5705
f 5907 5906 5704
f 5908 5705 5706
f 5908 5907 5705
f 5909 5706 5707
f 5909 5908 5706
f 5910 5707 5708
f 5910 5909 5707
f 5911 5708 5709
f 5911 5910 5708
f 5912 5709 5710
f 5912 5911 5709
f 5913 5710 5711
f 5913 5912 5710
f 5914 5711 5712
f 5914 5913 5711
f 5915 5712 5713
f 5915 5914 5712
f 5916 5713 5714
f 5916 5915 5713
f 5917 5714 5715
f 5917 5916 5714
f 5918 5715 5716
f 5918 5917 5715
f 5919 5716 5717
f 5919 5918 5716
f 5920 5717 5718
f 5920 5919 5717
f 5921 5718 5719
f 5921 5920 5718
f 5922 5719 5720
f 5922 5921 5719
f 5923 5720 5721
f 5923 5922 5720
f 5924 5721 5722
f 5924 5923 5721
f 5925 5722 5723
f 5925 5924 5722
f 5926 5723 5724
f 5926 5925 5723
f 5927 5724 5725
f 5927 5926 5724
f 5928 5725 5726
f 5928 5927 5725
f 5929 5726 5727
f 5929 5928 5726
f 5930 5727 5728
f 5930 5929 5727
f 5931 5728 5729
f 5931 5930 5728
f 5932 5729 5730
f 5932 5931 5729
f 5933 5730 5731
f 5933 5932 5730
f 5934 5731 5732
f 5934 5933 5731
f 5935 5732 5733
f 5935 5934 5732
f 5936 5733 5734
f 5936 5935 5733
f 5937 5734 5735
f 5937 5936 5734
f 5938 5735 5736
f 5938 5937 5735
f 5939 5736 5737
f 5939 5938 5736
f 5940 5737 5738
f 5940 5939 5737
f 5941 5738 5739
f 5941 5940 5738
f 5942 5739 5740
f 5942 5941 5739
f 5943 5740 5741
f 5943 5942 5740
f 5944 5741 5742
f 5944 5943 5741
f 5945 5742 5743
f 5945 5944 5742
f 5946 5743 5744
f 5946 5945 5743
f 5947 5744 5745
f 5947 5946 5744
f 5948 5745 5746
f 5948 5947 5745
f 5949 5746 5747
f 5949 5948 5746
f 5950 5747 5748
f 5950 5949 5747
f 5951 5748 5749
f 5951 5950 5748
f 5952 5749 5750
f 5952 5951 5749
f 5953 5750 5751
f 5953 5952 5750
f 5954 5751 5752
f 5954 5953 5751
f 5955 5752 5753
f 5955 5954 5752
f 5956 5753 5754
f 5956 5955 5753
f 5754 5686 5888
f 5754 5888 5956
f 5958 5957 5756
f 5958 5756 5757
f 5756 5959 5758
f 5957 5959 5756
f 5758 5960 5759
f 5959 5960 5758
f 5759 5961 5760
f 5960 5961 5759
f 5760 5962 5761
f 5961 5962 5760
f 5761 5963 5762
f 5962 5963 5761
f 5762 5964 5763
f 5963 5964 5762
f 5763 5965 5764
f 5964 5965 5763
f 5765 5764 5965
f 5765 5965 5966
f 5968 5967 5767
f 5968 5767 5768
f 5767 5969 5769
f 5967 5969 5767
f 5757 5769 5958
f 5958 5769 5969
f 5966 5970 5765
f 5765 5970 5770
f 5970 5972 5971
f 5772 5970 5971
f 5770 5970 5772
f 5971 5773 5772
f 5974 5973 5774
f 5974 5774 5775
f 5768 5774 5968
f 5968 5774 5973
f 5972 5975 5971
f 5971 5975 5773
f 5975 5777 5773
f 5975 5976 5777
f 5778 5777 5976
f 5778 5976 5977
f 5979 5978 5779
f 5979 5779 5780
f 5779 5980 5781
f 5978 5980 5779
f 5775 5781 5974
f 5974 5781 5980
f 5977 5782 5778
f 5981 5782 5977
f 5983 5982 5783
f 5983 5783 5784
f 5780 5783 5979
f 5979 5783 5982
f 5785 5782 5984
f 5782 5985 5984
f 5782 5981 5985
f 5984 5787 5785
f 5987 5986 5788
f 5987 5788 5789
f 5784 5788 5983
f 5983 5788 5986
f 5985 5988 5984
f 5787 5984 5988
f 5989 5787 5988
f 5791 5787 5989
f 5991 5990 5793
f 5991 5793 5794
f 5793 5992 5795
f 5990 5992 5793
f 5795 5993 5796
f 5992 5993 5795
f 5796 5994 5797
f 5993 5994 5796
f 5789 5797 5987
f 5987 5797 5994
f 5989 5798 5791
f 5995 5798 5989
f 5997 5996 5800
f 5997 5800 5801
f 5800 5998 5802
f 5996 5998 5800
f 5794 5802 5991
f 5991 5802 5998
f 5995 5803 5798
f 5999 5803 5995
f 6002 6001 6000
f 5805 5806 6000
f 6001 5805 6000
f 6003 5805 6001
f 5805 6004 5808
f 6003 6004 5805
f 5808 6005 5810
f 6004 6005 5808
f 5810 6006 5812
f 6005 6006 5810
f 5812 6007 5814
f 6006 6007 5812
f 5814 6008 5816
f 6007 6008 5814
f 5816 6009 5818
f 6008 6009 5816
f 5818 6010 5820
f 6009 6010 5818
f 6012 6011 5821
f 5820 6012 5821
f 6010 6012 5820
f 6013 6011 6012
f 6015 6014 5822
f 6015 5822 5823
f 5822 6016 5824
f 6014 6016 5822
f 5824 6017 5825
f 6016 6017 5824
f 5825 6018 5826
f 6017 6018 5825
f 5801 5826 5997
f 5997 5826 6018
f 5999 5827 5803
f 6019 5827 5999
f 6021 6020 5828
f 6021 5828 5829
f 5828 6022 5830
f 6020 6022 5828
f 5830 6023 5831
f 6022 6023 5830
f 5831 6024 5832
f 6023 6024 5831
f 5832 6025 5833
f 6024 6025 5832
f 5833 6026 5834
f 6025 6026 5833
f 5834 6027 5835
f 6026 6027 5834
f 5835 6028 5836
f 6027 6028 5835
f 6000 5837 6002
f 5837 6028 6002
f 5837 5836 6028
f 5837 6000 5806
f 6011 5838 5821
f 6013 6029 6011
f 6029 5838 6011
f 6029 5839 5838
f 5839 6030 5840
f 6029 6030 5839
f 5840 6031 5841
f 6030 6031 5840
f 5841 6032 5842
f 6031 6032 5841
f 5842 6033 5843
f 6032 6033 5842
f 5843 6034 5844
f 6033 6034 5843
f 5844 6035 5845
f 6034 6035 5844
f 5845 6036 5846
f 6035 6036 5845
f 5846 6037 5847
f 6036 6037 5846
f 5847 6038 5848
f 6037 6038 5847
f 5848 6039 5849
f 6038 6039 5848
f 5849 6040 5850
f 6039 6040 5849
f 5850 6041 5851
f 6040 6041 5850
f 5851 6042 5852
f 6041 6042 5851
f 5852 6043 5853
f 6042 6043 5852
f 5853 6044 5854
f 6043 6044 5853
f 5854 6045 5855
f 6044 6045 5854
f 5855 6046 5856
f 6045 6046 5855
f 5856 6047 5857
f 6046 6047 5856
f 5857 6048 5858
f 6047 6048 5857
f 5858 6049 5859
f 6048 6049 5858
f 5823 5859 6015
f 6015 5859 6049
f 6019 5860 5827
f 6050 5860 6019
f 5861 6021 5829
f 5861 6051 6021
f 6050 5862 5860
f 6052 5862 6050
f 5863 6051 5861
f 5863 6053 6051
f 6052 5864 5862
f 6054 5864 6052
f 5865 6053 5863
f 5865 6055 6053
f 6054 5866 5864
f 6056 5866 6054
f 5867 6055 5865
f 5867 6057 6055
f 6056 5868 5866
f 6058 5868 6056
f 5869 6057 5867
f 5869 6059 6057
f 6058 5870 5868
f 6060 5870 6058
f 5871 6059 5869
f 5871 6061 6059
f 6060 5872 5870
f 6062 5872 6060
f 5873 6061 5871
f 5873 6063 6061
f 6062 5874 5872
f 6064 5874 6062
f 5875 6063 5873
f 5875 6065 6063
f 6064 5876 5874
f 6066 5876 6064
f 5877 6065 5875
f 5877 6067 6065
f 6066 5878 5876
f 6068 5878 6066
f 5879 6067 5877
f 5879 6069 6067
f 6068 5880 5878
f 6070 5880 6068
f 5881 6069 5879
f 5881 6071 6069
f 6070 5882 5880
f 6072 5882 6070
f 5883 6071 5881
f 5883 6073 6071
f 6072 5884 5882
f 6074 5884 6072
f 5885 6073 5883
f 5885 6075 6073
f 6074 5886 5884
f 6076 5886 6074
f 5887 6075 5885
f 5887 6077 6075
f 6076 5888 5886
f 6078 5888 6076
f 6079 6077 5887
f 6079 5887 5889
f 6080 5889 5890
f 6080 6079 5889
f 6081 5890 5891
f 6081 6080 5890
f 6082 5891 5892
f 6082 6081 5891
f 6083 5892 5893
f 6083 6082 5892
f 6084 5893 5894
f 6084 6083 5893
f 6085 5894 5895
f 6085 6084 5894
f 6086 5895 5896
f 6086 6085 5895
f 6087 5896 5897
f 6087 6086 5896
f 6088 5897 5898
f 6088 6087 5897
f 6089 5898 5899
f 6089 6088 5898
f 6090 5899 5900
f 6090 6089 5899
f 6091 5900 5901
f 6091 6090 5900
f 6092 5901 5902
f 6092 6091 5901
f 6093 5902 5903
f 6093 6092 5902
f 6094 5903 5904
f 6094 6093 5903
f 6095 5904 5905
f 6095 6094 5904
f 6096 5905 5906
f 6096 6095 5905
f 6097 5906 5907
f 6097 6096 5906
f 6098 5907 5908
f 6098 6097 5907
f 6099 5908 5909
f 6099 6098 5908
f 6100 5909 5910
f 6100 6099 5909
f 6101 5910 5911
f 6101 6100 5910
f 6102 5911 5912
f 6102 6101 5911
f 6103 5912 5913
f 6103 6102 5912
f 6104 5913 5914
f 6104 6103 5913
f 6105 5914 5915
f 6105 6104 5914
f 6106 5915 5916
f 6106 6105 5915
f 6107 5916 5917
f 6107 6106 5916
f 6108 5917 5918
f 6108 6107 5917
f 6109 5918 5919
f 6109 6108 5918
f 6110 5919 5920
f 6110 6109 5919
f 6111 5920 5921
f 6111 6110 5920
f 6112 5921 5922
f 6112 6111 5921
f 6113 5922 5923
f 6113 6112 5922
f 6114 5923 5924
f 6114 6113 5923
f 6115 5924 5925
f 6115 6114 5924
f 6116 5925 5926
f 6116 6115 5925
f 6117 5926 5927
f 6117 6116 5926
f 6118 5927 5928
f 6118 6117 5927
f 6119 5928 5929
f 6119 6118 5928
f 6120 5929 5930
f 6120 6119 5929
f 6121 5930 5931
f 6121 6120 5930
f 6122 5931 5932
f 6122 6121 5931
f 6123 5932 5933
f 6123 6122 5932
f 6124 5933 5934
f 6124 6123 5933
f 6125 5934 5935
f 6125 6124 5934
f 6126 5935 5936
f 6126 6125 5935
f 6127 5936 5937
f 6127 6126 5936
f 6128 5937 5938
f 6128 6127 5937
f 6129 5938 5939
f 6129 6128 5938
f 6130 5939 5940
f 6130 6129 5939
f 6131 5940 5941
f 6131 6130 5940
f 6132 5941 5942
f 6132 6131 5941
f 6133 5942 5943
f 6133 6132 5942
f 6134 5943 5944
f 6134 6133 5943
f 6135 5944 5945
f 6135 6134 5944
f 6136 5945 5946
f 6136 6135 5945
f 6137 5946 5947
f 6137 6136 5946
f 6138 5947 5948
f 6138 6137 5947
f 6139 5948 5949
f 6139 6138 5948
f 6140 5949 5950
f 6140 6139 5949
f 6141 5950 5951
f 6141 6140 5950
f 6142 5951 5952
f 6142 6141 5951
f 6143 5952 5953
f 6143 6142 5952
f 6144 5953 5954
f 6144 6143 5953
f 6145 5954 5955
f 6145 6144 5954
f 6146 5955 5956
f 6146 6145 5955
f 5956 5888 6078
f 5956 6078 6146
f 5958 6147 5957
f 5957 6147 6148
f 6149 5957 6148
f 5959 5957 6149
f 5959 6150 5960
f 6149 6150 5959
f 5960 6151 5961
f 6150 6151 5960
f 5961 6152 5962
f 6151 6152 5961
f 5962 6153 5963
f 6152 6153 5962
f 5963 6154 5964
f 6153 6154 5963
f 5964 6155 5965
f 6154 6155 5964
f 5966 5965 6155
f 5966 6155 6156
f 5968 6157 5967
f 5967 6157 6158
f 6159 5967 6158
f 5969 5967 6159
f 5958 5969 6147
f 5969 6160 6147
f 5969 6159 6160
f 6147 6160 6148
f 6156 6161 5966
f 5966 6161 5970
f 5972 5970 6161
f 5972 6161 6162
f 6164 6163 5973
f 6164 5973 5974
f 5968 5973 6157
f 5973 6165 6157
f 5973 6163 6165
f 6157 6165 6158
f 6162 6166 5972
f 5972 6166 5975
f 5975 6167 5976
f 6166 6167 5975
f 5977 5976 6167
f 5977 6167 6168
f 6170 6169 5978
f 6170 5978 5979
f 5978 6171 5980
f 6169 6171 5978
f 5974 5980 6164
f 6164 5980 6171
f 6168 5981 5977
f 6172 5981 6168
f 6174 6173 5982
f 6174 5982 5983
f 5979 5982 6170
f 6170 5982 6173
f 6172 5985 5981
f 6175 5985 6172
f 6177 6176 5986
f 6177 5986 5987
f 5983 5986 6174
f 6174 5986 6176
f 6175 6178 5985
f 5985 6178 5988
f 5989 5988 6178
f 5989 6178 6179
f 5991 6180 5990
f 5990 6180 6181
f 6182 5990 6181
f 5992 5990 6182
f 5992 6183 5993
f 6182 6183 5992
f 5993 6184 5994
f 6183 6184 5993
f 5987 5994 6177
f 6177 5994 6184
f 6179 5995 5989
f 6185 5995 6179
f 5997 6186 5996
f 5996 6186 6187
f 6188 5996 6187
f 5998 5996 6188
f 5991 5998 6180
f 5998 6189 6180
f 5998 6188 6189
f 6180 6189 6181
f 6185 5999 5995
f 6190 5999 6185
f 6002 6191 6001
f 6001 6191 6192
f 6193 6001 6192
f 6003 6001 6193
f 6003 6194 6004
f 6193 6194 6003
f 6004 6195 6005
f 6194 6195 6004
f 6005 6196 6006
f 6195 6196 6005
f 6006 6197 6007
f 6196 6197 6006
f 6007 6198 6008
f 6197 6198 6007
f 6008 6199 6009
f 6198 6199 6008
f 6009 6200 6010
f 6199 6200 6009
f 6200 6202 6201
f 6012 6200 6201
f 6010 6200 6012
f 6201 6013 6012
f 6204 6203 6014
f 6204 6014 6015
f 6014 6205 6016
f 6203 6205 6014
f 6016 6206 6017
f 6205 6206 6016
f 6017 6207 6018
f 6206 6207 6017
f 5997 6018 6186
f 6018 6208 6186
f 6018 6207 6208
f 6186 6208 6187
f 6190 6019 5999
f 6209 6019 6190
f 6211 6210 6020
f 6211 6020 6021
f 6020 6212 6022
f 6210 6212 6020
f 6022 6213 6023
f 6212 6213 6022
f 6023 6214 6024
f 6213 6214 6023
f 6024 6215 6025
f 6214 6215 6024
f 6025 6216 6026
f 6215 6216 6025
f 6026 6217 6027
f 6216 6217 6026
f 6027 6218 6028
f 6217 6218 6027
f 6002 6028 6191
f 6028 6219 6191
f 6028 6218 6219
f 6191 6219 6192
f 6202 6220 6201
f 6201 6220 6013
f 6220 6029 6013
f 6220 6221 6029
f 6029 6222 6030
f 6221 6222 6029
f 6030 6223 6031
f 6222 6223 6030
f 6031 6224 6032
f 6223 6224 6031
f 6032 6225 6033
f 6224 6225 6032
f 6033 6226 6034
f 6225 6226 6033
f 6034 6227 6035
f 6226 6227 6034
f 6035 6228 6036
f 6227 6228 6035
f 6036 6229 6037
f 6228 6229 6036
f 6037 6230 6038
f 6229 6230 6037
f 6038 6231 6039
f 6230 6231 6038
f 6039 6232 6040
f 6231 6232 6039
f 6040 6233 6041
f 6232 6233 6040
f 6041 6234 6042
f 6233 6234 6041
f 6042 6235 6043
f 6234 6235 6042
f 6043 6236 6044
f 6235 6236 6043
f 6044 6237 6045
f 6236 6237 6044
f 6045 6238 6046
f 6237 6238 6045
f 6046 6239 6047
f 6238 6239 6046
f 6047 6240 6048
f 6239 6240 6047
f 6048 6241 6049
f 6240 6241 6048
f 6015 6049 6204
f 6204 6049 6241
f 6209 6050 6019
f 6242 6050 6209
f 6051 6211 6021
f 6051 6243 6211
f 6242 6052 6050
f 6244 6052 6242
f 6053 6243 6051
f 6053 6245 6243
f 6244 6054 6052
f 6246 6054 6244
f 6055 6245 6053
f 6055 6247 6245
f 6246 6056 6054
f 6248 6056 6246
f 6057 6247 6055
f 6057 6249 6247
f 6248 6058 6056
f 6250 6058 6248
f 6059 6249 6057
f 6059 6251 6249
f 6250 6060 6058
f 6252 6060 6250
f 6061 6251 6059
f 6061 6253 6251
f 6252 6062 6060
f 6254 6062 6252
f 6063 6253 6061
f 6063 6255 6253
f 6254 6064 6062
f 6256 6064 6254
f 6065 6255 6063
f 6065 6257 6255
f 6256 6066 6064
f 6258 6066 6256
f 6067 6257 6065
f 6067 6259 6257
f 6258 6068 6066
f 6260 6068 6258
f 6069 6259 6067
f 6069 6261 6259
f 6260 6070 6068
f 6262 6070 6260
f 6071 6261 6069
f 6071 6263 6261
f 6262 6072 6070
f 6264 6072 6262
f 6073 6263 6071
f 6073 6265 6263
f 6264 6074 6072
f 6266 6074 6264
f 6075 6265 6073
f 6075 6267 6265
f 6266 6076 6074
f 6268 6076 6266
f 6077 6267 6075
f 6077 6269 6267
f 6268 6078 6076
f 6270 6078 6268
f 6271 6269 6077
f 6271 6077 6079
f 6272 6079 6080
f 6272 6271 6079
f 6273 6080 6081
f 6273 6272 6080
f 6274 6081 6082
f 6274 6273 6081
f 6275 6082 6083
f 6275 6274 6082
f 6276 6083 6084
f 6276 6275 6083
f 6277 6084 6085
f 6277 6276 6084
f 6278 6085 6086
f 6278 6277 6085
f 6279 6086 6087
f 6279 6278 6086
f 6280 6087 6088
f 6280 6279 6087
f 6281 6088 6089
f 6281 6280 6088
f 6282 6089 6090
f 6282 6281 6089
f 6283 6090 6091
f 6283 6282 6090
f 6284 6091 6092
f 6284 6283 6091
f 6285 6092 6093
f 6285 6284 6092
f 6286 6093 6094
f 6286 6285 6093
f 6287 6094 6095
f 6287 6286 6094
f 6288 6095 6096
f 6288 6287 6095
f 6289 6096 6097
f 6289 6288 6096
f 6290 6097 6098
f 6290 6289 6097
f 6291 6098 6099
f 6291 6290 6098
f 6292 6099 6100
f 6292 6291 6099
f 6293 6100 6101
f 6293 6292 6100
f 6294 6101 6102
f 6294 6293 6101
f 6295 6102 6103
f 6295 6294 6102
f 6296 6103 6104
f 6296 6295 6103
f 6297 6104 6105
f 6297 6296 6104
f 6298 6105 6106
f 6298 6297 6105
f 6299 6106 6107
f 6299 6298 6106
f 6300 6107 6108
f 6300 6299 6107
f 6301 6108 6109
f 6301 6300 6108
f 6302 6109 6110
f 6302 6301 6109
f 6303 6110 6111
f 6303 6302 6110
f 6304 6111 6112
f 6304 6303 6111
f 6305 6112 6113
f 6305 6304 6112
f 6306 6113 6114
f 6306 6305 6113
f 6307 6114 6115
f 6307 6306 6114
f 6308 6115 6116
f 6308 6307 6115
f 6309 6116 6117
f 6309 6308 6116
f 6310 6117 6118
f 6310 6309 6117
f 6311 6118 6119
f 6311 6310 6118
f 6312 6119 6120
f 6312 6311 6119
f 6313 6120 6121
f 6313 6312 6120
f 6314 6121 6122
f 6314 6313 6121
f 6315 6122 6123
f 6315 6314 6122
f 6316 6123 6124
f 6316 6315 6123
f 6317 6124 6125
f 6317 6316 6124
f 6318 6125 6126
f 6318 6317 6125
f 6319 6126 6127
f 6319 6318 6126
f 6320 6127 6128
f 6320 6319 6127
f 6321 6128 6129
f 6321 6320 6128
f 6322 6129 6130
f 6322 6321 6129
f 6323 6130 6131
f 6323 6322 6130
f 6324 6131 6132
f 6324 6323 6131
f 6325 6132 6133
f 6325 6324 6132
f 6326 6133 6134
f 6326 6325 6133
f 6327 6134 6135
f 6327 6326 6134
f 6328 6135 6136
f 6328 6327 6135
f 6329 6136 6137
f 6329 6328 6136
f 6330 6137 6138
f 6330 6329 6137
f 6331 6138 6139
f 6331 6330 6138
f 6332 6139 6140
f 6332 6331 6139
f 6333 6140 6141
f 6333 6332 6140
f 6334 6141 6142
f 6334 6333 6141
f 6335 6142 6143
f 6335 6334 6142
f 6336 6143 6144
f 6336 6335 6143
f 6337 6144 6145
f 6337 6336 6144
f 6338 6145 6146
f 6338 6337 6145
f 6146 6078 6270
f 6146 6270 6338
f 6148 6339 6149
f 6149 6339 6340
f 6341 6149 6340
f 6150 6149 6341
f 6150 6342 6151
f 6341 6342 6150
f 6151 6343 6152
f 6342 6343 6151
f 6152 6344 6153
f 6343 6344 6152
f 6153 6345 6154
f 6344 6345 6153
f 6154 6346 6155
f 6345 6346 6154
f 6156 6155 6346
f 6156 6346 6347
f 6158 6348 6159
f 6159 6348 6349
f 6350 6159 6349
f 6160 6159 6350
f 6148 6160 6339
f 6160 6351 6339
f 6160 6350 6351
f 6339 6351 6340
f 6161 6156 6352
f 6156 6353 6352
f 6156 6347 6353
f 6352 6162 6161
f 6355 6354 6163
f 6355 6163 6164
f 6163 6356 6165
f 6354 6356 6163
f 6158 6165 6348
f 6165 6357 6348
f 6165 6356 6357
f 6348 6357 6349
f 6353 6358 6352
f 6352 6358 6162
f 6358 6166 6162
f 6358 6359 6166
f 6166 6360 6167
f 6359 6360 6166
f 6168 6167 6360
f 6168 6360 6361
f 6170 6362 6169
f 6169 6362 6363
f 6364 6169 6363
f 6171 6169 6364
f 6164 6171 6355
f 6355 6171 6364
f 6361 6172 6168
f 6365 6172 6361
f 6174 6366 6173
f 6366 6367 6173
f 6173 6367 6170
f 6367 6368 6170
f 6368 6362 6170
f 6362 6368 6363
f 6365 6175 6172
f 6369 6175 6365
f 6371 6370 6176
f 6371 6176 6177
f 6174 6176 6366
f 6176 6372 6366
f 6176 6370 6372
f 6366 6372 6367
f 6178 6175 6373
f 6175 6374 6373
f 6175 6369 6374
f 6373 6179 6178
f 6181 6375 6182
f 6182 6375 6376
f 6377 6182 6376
f 6183 6182 6377
f 6183 6378 6184
f 6377 6378 6183
f 6177 6184 6371
f 6371 6184 6378
f 6374 6379 6373
f 6179 6373 6379
f 6380 6179 6379
f 6185 6179 6380
f 6382 6381 6188
f 6382 6188 6187
f 6188 6383 6189
f 6381 6383 6188
f 6181 6189 6375
f 6189 6384 6375
f 6189 6383 6384
f 6375 6384 6376
f 6380 6190 6185
f 6385 6190 6380
f 6192 6386 6193
f 6387 6194 6193
f 6387 6193 6386
f 6388 6195 6194
f 6388 6194 6387
f 6389 6196 6195
f 6389 6195 6388
f 6390 6197 6196
f 6390 6196 6389
f 6391 6198 6197
f 6391 6197 6390
f 6392 6199 6198
f 6392 6198 6391
f 6393 6200 6199
f 6393 6199 6392
f 6393 6202 6200
f 6204 6394 6203
f 6203 6394 6395
f 6396 6203 6395
f 6205 6203 6396
f 6205 6397 6206
f 6396 6397 6205
f 6206 6398 6207
f 6397 6398 6206
f 6207 6399 6208
f 6398 6399 6207
f 6187 6208 6382
f 6382 6208 6399
f 6385 6209 6190
f 6400 6209 6385
f 6402 6401 6210
f 6402 6210 6211
f 6210 6403 6212
f 6401 6403 6210
f 6212 6404 6213
f 6403 6404 6212
f 6213 6405 6214
f 6404 6405 6213
f 6214 6406 6215
f 6405 6406 6214
f 6215 6407 6216
f 6406 6407 6215
f 6216 6408 6217
f 6407 6408 6216
f 6217 6409 6218
f 6408 6409 6217
f 6218 6410 6219
f 6409 6410 6218
f 6192 6219 6386
f 6219 6411 6386
f 6219 6410 6411
f 6386 6411 6387
f 6387 6411 6412
f 6387 6412 6388
f 6388 6412 6413
f 6388 6413 6389
f 6389 6413 6414
f 6389 6414 6390
f 6390 6414 6415
f 6390 6415 6391
f 6391 6415 6416
f 6391 6416 6392
f 6392 6416 6417
f 6392 6417 6393
f 6393 6417 6418
f 6393 6418 6202
f 6418 6220 6202
f 6418 6419 6220
f 6220 6420 6221
f 6419 6420 6220
f 6221 6421 6222
f 6420 6421 6221
f 6222 6422 6223
f 6421 6422 6222
f 6223 6423 6224
f 6422 6423 6223
f 6224 6424 6225
f 6423 6424 6224
f 6225 6425 6226
f 6424 6425 6225
f 6226 6426 6227
f 6425 6426 6226
f 6227 6427 6228
f 6426 6427 6227
f 6228 6428 6229
f 6427 6428 6228
f 6229 6429 6230
f 6428 6429 6229
f 6230 6430 6231
f 6429 6430 6230
f 6231 6431 6232
f 6430 6431 6231
f 6232 6432 6233
f 6431 6432 6232
f 6233 6433 6234
f 6432 6433 6233
f 6234 6434 6235
f 6433 6434 6234
f 6235 6435 6236
f 6434 6435 6235
f 6236 6436 6237
f 6435 6436 6236
f 6237 6437 6238
f 6436 6437 6237
f 6238 6438 6239
f 6437 6438 6238
f 6239 6439 6240
f 6438 6439 6239
f 6240 6440 6241
f 6439 6440 6240
f 6204 6241 6394
f 6241 6441 6394
f 6241 6440 6441
f 6394 6441 6395
f 6400 6242 6209
f 6442 6242 6400
f 6243 6402 6211
f 6243 6443 6402
f 6442 6244 6242
f 6444 6244 6442
f 6245 6443 6243
f 6245 6445 6443
f 6444 6246 6244
f 6446 6246 6444
f 6247 6445 6245
f 6247 6447 6445
f 6446 6248 6246
f 6448 6248 6446
f 6249 6447 6247
f 6249 6449 6447
f 6448 6250 6248
f 6450 6250 6448
f 6251 6449 6249
f 6251 6451 6449
f 6450 6252 6250
f 6452 6252 6450
f 6253 6451 6251
f 6253 6453 6451
f 6452 6254 6252
f 6454 6254 6452
f 6255 6453 6253
f 6255 6455 6453
f 6454 6256 6254
f 6456 6256 6454
f 6257 6455 6255
f 6257 6457 6455
f 6456 6258 6256
f 6458 6258 6456
f 6259 6457 6257
f 6259 6459 6457
f 6458 6260 6258
f 6460 6260 6458
f 6261 6459 6259
f 6261 6461 6459
f 6460 6262 6260
f 6462 6262 6460
f 6263 6461 6261
f 6263 6463 6461
f 6462 6264 6262
f 6464 6264 6462
f 6265 6463 6263
f 6265 6465 6463
f 6464 6266 6264
f 6466 6266 6464
f 6267 6465 6265
f 6267 6467 6465
f 6466 6268 6266
f 6468 6268 6466
f 6269 6467 6267
f 6269 6469 6467
f 6468 6270 6268
f 6470 6270 6468
f 6471 6469 6269
f 6471 6269 6271
f 6472 6271 6272
f 6472 6471 6271
f 6473 6272 6273
f 6473 6472 6272
f 6474 6273 6274
f 6474 6473 6273
f 6475 6274 6275
f 6475 6474 6274
f 6476 6275 6276
f 6476 6475 6275
f 6477 6276 6277
f 6477 6476 6276
f 6478 6277 6278
f 6478 6477 6277
f 6479 6278 6279
f 6479 6478 6278
f 6480 6279 6280
f 6480 6479 6279
f 6481 6280 6281
f 6481 6480 6280
f 6482 6281 6282
f 6482 6481 6281
f 6483 6282 6283
f 6483 6482 6282
f 6484 6283 6284
f 6484 6483 6283
f 6485 6284 6285
f 6485 6484 6284
f 6486 6285 6286
f 6486 6485 6285
f 6487 6286 6287
f 6487 6486 6286
f 6488 6287 6288
f 6488 6487 6287
f 6489 6288 6289
f 6489 6488 6288
f 6490 6289 6290
f 6490 6489 6289
f 6491 6290 6291
f 6491 6490 6290
f 6492 6291 6292
f 6492 6491 6291
f 6493 6292 6293
f 6493 6492 6292
f 6494 6293 6294
f 6494 6493 6293
f 6495 6294 6295
f 6495 6494 6294
f 6496 6295 6296
f 6496 6495 6295
f 6497 6296 6297
f 6497 6496 6296
f 6498 6297 6298
f 6498 6497 6297
f 6499 6298 6299
f 6499 6498 6298
f 6500 6299 6300
f 6500 6499 6299
f 6501 6300 6301
f 6501 6500 6300
f 6502 6301 6302
f 6502 6501 6301
f 6503 6302 6303
f 6503 6502 6302
f 6504 6303 6304
f 6504 6503 6303
f 6505 6304 6305
f 6505 6504 6304
f 6506 6305 6306
f 6506 6505 6305
f 6507 6306 6307
f 6507 6506 6306
f 6508 6307 6308
f 6508 6507 6307
f 6509 6308 6309
f 6509 6508 6308
f 6510 6309 6310
f 6510 6509 6309
f 6511 6310 6311
f 6511 6510 6310
f 6512 6311 6312
f 6512 6511 6311
f 6513 6312 6313
f 6513 6512 6312
f 6514 6313 6314
f 6514 6513 6313
f 6515 6314 6315
f 6515 6514 6314
f 6516 6315 6316
f 6516 6515 6315
f 6517 6316 6317
f 6517 6516 6316
f 6518 6317 6318
f 6518 6517 6317
f 6519 6318 6319
f 6519 6518 6318
f 6520 6319 6320
f 6520 6519 6319
f 6521 6320 6321
f 6521 6520 6320
f 6522 6321 6322
f 6522 6521 6321
f 6523 6322 6323
f 6523 6522 6322
f 6524 6323 6324
f 6524 6523 6323
f 6525 6324 6325
f 6525 6524 6324
f 6526 6325 6326
f 6526 6525 6325
f 6527 6326 6327
f 6527 6526 6326
f 6528 6327 6328
f 6528 6527 6327
f 6529 6328 6329
f 6529 6528 6328
f 6530 6329 6330
f 6530 6529 6329
f 6531 6330 6331
f 6531 6530 6330
f 6532 6331 6332
f 6532 6531 6331
f 6533 6332 6333
f 6533 6532 6332
f 6534 6333 6334
f 6534 6533 6333
f 6535 6334 6335
f 6535 6534 6334
f 6536 6335 6336
f 6536 6535 6335
f 6537 6336 6337
f 6537 6536 6336
f 6538 6337 6338
f 6538 6537 6337
f 6338 6270 6470
f 6338 6470 6538
f 6540 6539 6341
f 6540 6341 6340
f 6341 6541 6342
f 6539 6541 6341
f 6342 6542 6343
f 6541 6542 6342
f 6343 6543 6344
f 6542 6543 6343
f 6344 6544 6345
f 6543 6544 6344
f 6544 6546 6545
f 6346 6544 6545
f 6345 6544 6346
f 6545 6347 6346
f 6548 6547 6350
f 6548 6350 6349
f 6350 6549 6351
f 6547 6549 6350
f 6340 6351 6540
f 6540 6351 6549
f 6546 6550 6545
f 6347 6545 6550
f 6551 6347 6550
f 6353 6347 6551
f 6355 6552 6354
f 6354 6552 6553
f 6554 6354 6553
f 6356 6354 6554
f 6356 6555 6357
f 6554 6555 6356
f 6349 6357 6548
f 6548 6357 6555
f 6551 6556 6353
f 6353 6556 6358
f 6358 6557 6359
f 6556 6557 6358
f 6557 6559 6558
f 6360 6557 6558
f 6359 6557 6360
f 6558 6361 6360
f 6561 6560 6364
f 6561 6364 6363
f 6355 6364 6552
f 6364 6562 6552
f 6364 6560 6562
f 6552 6562 6553
f 6559 6563 6558
f 6361 6558 6563
f 6564 6361 6563
f 6365 6361 6564
f 6566 6565 6368
f 6566 6368 6367
f 6363 6368 6561
f 6561 6368 6565
f 6564 6369 6365
f 6567 6369 6564
f 6371 6568 6370
f 6370 6568 6569
f 6570 6370 6569
f 6372 6370 6570
f 6367 6372 6566
f 6566 6372 6570
f 6567 6374 6369
f 6571 6374 6567
f 6573 6572 6377
f 6573 6377 6376
f 6377 6574 6378
f 6572 6574 6377
f 6371 6378 6568
f 6378 6575 6568
f 6378 6574 6575
f 6568 6575 6569
f 6571 6576 6374
f 6374 6576 6379
f 6380 6379 6576
f 6380 6576 6577
f 6382 6578 6381
f 6381 6578 6579
f 6580 6381 6579
f 6383 6381 6580
f 6383 6581 6384
f 6580 6581 6383
f 6376 6384 6573
f 6573 6384 6581
f 6577 6385 6380
f 6582 6385 6577
f 6395 6583 6396
f 6584 6397 6396
f 6584 6396 6583
f 6397 6584 6585
f 6586 6397 6585
f 6398 6397 6586
f 6398 6587 6399
f 6586 6587 6398
f 6382 6399 6578
f 6399 6588 6578
f 6399 6587 6588
f 6578 6588 6579
f 6582 6400 6385
f 6589 6400 6582
f 6591 6590 6401
f 6591 6401 6402
f 6401 6592 6403
f 6590 6592 6401
f 6403 6593 6404
f 6592 6593 6403
f 6404 6594 6405
f 6593 6594 6404
f 6405 6595 6406
f 6594 6595 6405
f 6406 6596 6407
f 6595 6596 6406
f 6407 6597 6408
f 6596 6597 6407
f 6408 6598 6409
f 6597 6598 6408
f 6409 6599 6410
f 6598 6599 6409
f 6410 6600 6411
f 6599 6600 6410
f 6411 6601 6412
f 6600 6601 6411
f 6412 6602 6413
f 6601 6602 6412
f 6413 6603 6414
f 6602 6603 6413
f 6414 6604 6415
f 6603 6604 6414
f 6415 6605 6416
f 6604 6605 6415
f 6416 6606 6417
f 6605 6606 6416
f 6417 6607 6418
f 6606 6607 6417
f 6418 6608 6419
f 6607 6608 6418
f 6419 6609 6420
f 6608 6609 6419
f 6420 6610 6421
f 6609 6610 6420
f 6421 6611 6422
f 6610 6611 6421
f 6422 6612 6423
f 6611 6612 6422
f 6423 6613 6424
f 6612 6613 6423
f 6424 6614 6425
f 6613 6614 6424
f 6425 6615 6426
f 6614 6615 6425
f 6426 6616 6427
f 6615 6616 6426
f 6427 6617 6428
f 6616 6617 6427
f 6428 6618 6429
f 6617 6618 6428
f 6429 6619 6430
f 6618 6619 6429
f 6430 6620 6431
f 6619 6620 6430
f 6431 6621 6432
f 6620 6621 6431
f 6432 6622 6433
f 6621 6622 6432
f 6433 6623 6434
f 6622 6623 6433
f 6434 6624 6435
f 6623 6624 6434
f 6435 6625 6436
f 6624 6625 6435
f 6436 6626 6437
f 6625 6626 6436
f 6437 6627 6438
f 6626 6627 6437
f 6438 6628 6439
f 6627 6628 6438
f 6439 6629 6440
f 6628 6629 6439
f 6440 6630 6441
f 6629 6630 6440
f 6395 6441 6583
f 6441 6631 6583
f 6441 6630 6631
f 6583 6631 6584
f 6584 6631 6632
f 6584 6632 6585
f 6589 6442 6400
f 6633 6442 6589
f 6443 6591 6402
f 6443 6634 6591
f 6633 6444 6442
f 6635 6444 6633
f 6445 6634 6443
f 6445 6636 6634
f 6635 6446 6444
f 6637 6446 6635
f 6447 6636 6445
f 6447 6638 6636
f 6637 6448 6446
f 6639 6448 6637
f 6449 6638 6447
f 6449 6640 6638
f 6639 6450 6448
f 6641 6450 6639
f 6451 6640 6449
f 6451 6642 6640
f 6641 6452 6450
f 6643 6452 6641
f 6453 6642 6451
f 6453 6644 6642
f 6643 6454 6452
f 6645 6454 6643
f 6455 6644 6453
f 6455 6646 6644
f 6645 6456 6454
f 6647 6456 6645
f 6457 6646 6455
f 6457 6648 6646
f 6647 6458 6456
f 6649 6458 6647
f 6459 6648 6457
f 6459 6650 6648
f 6649 6460 6458
f 6651 6460 6649
f 6461 6650 6459
f 6461 6652 6650
f 6651 6462 6460
f 6653 6462 6651
f 6463 6652 6461
f 6463 6654 6652
f 6653 6464 6462
f 6655 6464 6653
f 6465 6654 6463
f 6465 6656 6654
f 6655 6466 6464
f 6657 6466 6655
f 6467 6656 6465
f 6467 6658 6656
f 6657 6468 6466
f 6659 6468 6657
f 6469 6658 6467
f 6469 6660 6658
f 6659 6470 6468
f 6661 6470 6659
f 6662 6660 6469
f 6662 6469 6471
f 6663 6471 6472
f 6663 6662 6471
f 6664 6472 6473
f 6664 6663 6472
f 6665 6473 6474
f 6665 6664 6473
f 6666 6474 6475
f 6666 6665 6474
f 6667 6475 6476
f 6667 6666 6475
f 6668 6476 6477
f 6668 6667 6476
f 6669 6477 6478
f 6669 6668 6477
f 6670 6478 6479
f 6670 6669 6478
f 6671 6479 6480
f 6671 6670 6479
f 6672 6480 6481
f 6672 6671 6480
f 6673 6481 6482
f 6673 6672 6481
f 6674 6482 6483
f 6674 6673 6482
f 6675 6483 6484
f 6675 6674 6483
f 6676 6484 6485
f 6676 6675 6484
f 6677 6485 6486
f 6677 6676 6485
f 6678 6486 6487
f 6678 6677 6486
f 6679 6487 6488
f 6679 6678 6487
f 6680 6488 6489
f 6680 6679 6488
f 6681 6489 6490
f 6681 6680 6489
f 6682 6490 6491
f 6682 6681 6490
f 6683 6491 6492
f 6683 6682 6491
f 6684 6492 6493
f 6684 6683 6492
f 6685 6493 6494
f 6685 6684 6493
f 6686 6494 6495
f 6686 6685 6494
f 6687 6495 6496
f 6687 6686 6495
f 6688 6496 6497
f 6688 6687 6496
f 6689 6497 6498
f 6689 6688 6497
f 6690 6498 6499
f 6690 6689 6498
f 6691 6499 6500
f 6691 6690 6499
f 6692 6500 6501
f 6692 6691 6500
f 6693 6501 6502
f 6693 6692 6501
f 6694 6502 6503
f 6694 6693 6502
f 6695 6503 6504
f 6695 6694 6503
f 6696 6504 6505
f 6696 6695 6504
f 6697 6505 6506
f 6697 6696 6505
f 6698 6506 6507
f 6698 6697 6506
f 6699 6507 6508
f 6699 6698 6507
f 6700 6508 6509
f 6700 6699 6508
f 6701 6509 6510
f 6701 6700 6509
f 6702 6510 6511
f 6702 6701 6510
f 6703 6511 6512
f 6703 6702 6511
f 6704 6512 6513
f 6704 6703 6512
f 6705 6513 6514
f 6705 6704 6513
f 6706 6514 6515
f 6706 6705 6514
f 6707 6515 6516
f 6707 6706 6515
f 6708 6516 6517
f 6708 6707 6516
f 6709 6517 6518
f 6709 6708 6517
f 6710 6518 6519
f 6710 6709 6518
f 6711 6519 6520
f 6711 6710 6519
f 6712 6520 6521
f 6712 6711 6520
f 6713 6521 6522
f 6713 6712 6521
f 6714 6522 6523
f 6714 6713 6522
f 6715 6523 6524
f 6715 6714 6523
f 6716 6524 6525
f 6716 6715 6524
f 6717 6525 6526
f 6717 6716 6525
f 6718 6526 6527
f 6718 6717 6526
f 6719 6527 6528
f 6719 6718 6527
f 6720 6528 6529
f 6720 6719 6528
f 6721 6529 6530
f 6721 6720 6529
f 6722 6530 6531
f 6722 6721 6530
f 6723 6531 6532
f 6723 6722 6531
f 6724 6532 6533
f 6724 6723 6532
f 6725 6533 6534
f 6725 6724 6533
f 6726 6534 6535
f 6726 6725 6534
f 6727 6535 6536
f 6727 6726 6535
f 6728 6536 6537
f 6728 6727 6536
f 6729 6537 6538
f 6729 6728 6537
f 6538 6470 6661
f 6538 6661 6729
f 6540 6730 6539
f 6539 6730 6731
f 6732 6539 6731
f 6541 6539 6732
f 6541 6733 6542
f 6732 6733 6541
f 6542 6734 6543
f 6733 6734 6542
f 6543 6735 6544
f 6734 6735 6543
f 6546 6544 6735
f 6546 6735 6736
f 6548 6737 6547
f 6547 6737 6738
f 6739 6547 6738
f 6549 6547 6739
f 6540 6549 6730
f 6549 6740 6730
f 6549 6739 6740
f 6730 6740 6731
f 6550 6546 6741
f 6546 6742 6741
f 6546 6736 6742
f 6741 6551 6550
f 6553 6743 6554
f 6554 6743 6744
f 6745 6554 6744
f 6555 6554 6745
f 6548 6555 6737
f 6555 6746 6737
f 6555 6745 6746
f 6737 6746 6738
f 6742 6747 6741
f 6741 6747 6551
f 6747 6556 6551
f 6747 6748 6556
f 6748 6750 6749
f 6557 6748 6749
f 6556 6748 6557
f 6749 6559 6557
f 6561 6751 6560
f 6560 6751 6752
f 6753 6560 6752
f 6562 6560 6753
f 6553 6562 6743
f 6562 6754 6743
f 6562 6753 6754
f 6743 6754 6744
f 6750 6755 6749
f 6749 6755 6559
f 6755 6563 6559
f 6755 6756 6563
f 6564 6563 6756
f 6564 6756 6757
f 6566 6758 6565
f 6758 6759 6565
f 6565 6759 6561
f 6759 6760 6561
f 6760 6751 6561
f 6751 6760 6752
f 6757 6567 6564
f 6761 6567 6757
f 6569 6762 6570
f 6762 6763 6570
f 6570 6763 6566
f 6763 6764 6566
f 6764 6758 6566
f 6758 6764 6759
f 6761 6571 6567
f 6765 6571 6761
f 6573 6766 6572
f 6767 6574 6572
f 6767 6572 6766
f 6574 6767 6768
f 6769 6574 6768
f 6575 6574 6769
f 6569 6575 6762
f 6575 6770 6762
f 6575 6769 6770
f 6762 6770 6763
f 6576 6571 6771
f 6571 6772 6771
f 6571 6765 6772
f 6771 6577 6576
f 6579 6773 6580
f 6580 6773 6774
f 6775 6580 6774
f 6581 6580 6775
f 6573 6581 6766
f 6581 6776 6766
f 6581 6775 6776
f 6766 6776 6767
f 6767 6776 6777
f 6767 6777 6768
f 6772 6778 6771
f 6577 6771 6778
f 6779 6577 6778
f 6582 6577 6779
f 6585 6780 6586
f 6586 6780 6781
f 6782 6586 6781
f 6587 6586 6782
f 6587 6783 6588
f 6782 6783 6587
f 6579 6588 6773
f 6588 6784 6773
f 6588 6783 6784
f 6773 6784 6774
f 6779 6589 6582
f 6785 6589 6779
f 6591 6786 6590
f 6590 6786 6787
f 6788 6590 6787
f 6592 6590 6788
f 6592 6789 6593
f 6788 6789 6592
f 6593 6790 6594
f 6789 6790 6593
f 6594 6791 6595
f 6790 6791 6594
f 6595 6792 6596
f 6791 6792 6595
f 6596 6793 6597
f 6792 6793 6596
f 6597 6794 6598
f 6793 6794 6597
f 6598 6795 6599
f 6794 6795 6598
f 6599 6796 6600
f 6795 6796 6599
f 6600 6797 6601
f 6796 6797 6600
f 6601 6798 6602
f 6797 6798 6601
f 6602 6799 6603
f 6798 6799 6602
f 6603 6800 6604
f 6799 6800 6603
f 6604 6801 6605
f 6800 6801 6604
f 6605 6802 6606
f 6801 6802 6605
f 6606 6803 6607
f 6802 6803 6606
f 6607 6804 6608
f 6803 6804 6607
f 6608 6805 6609
f 6804 6805 6608
f 6609 6806 6610
f 6805 6806 6609
f 6610 6807 6611
f 6806 6807 6610
f 6611 6808 6612
f 6807 6808 6611
f 6612 6809 6613
f 6808 6809 6612
f 6613 6810 6614
f 6809 6810 6613
f 6614 6811 6615
f 6810 6811 6614
f 6615 6812 6616
f 6811 6812 6615
f 6616 6813 6617
f 6812 6813 6616
f 6617 6814 6618
f 6813 6814 6617
f 6618 6815 6619
f 6814 6815 6618
f 6619 6816 6620
f 6815 6816 6619
f 6620 6817 6621
f 6816 6817 6620
f 6621 6818 6622
f 6817 6818 6621
f 6622 6819 6623
f 6818 6819 6622
f 6623 6820 6624
f 6819 6820 6623
f 6624 6821 6625
f 6820 6821 6624
f 6625 6822 6626
f 6821 6822 6625
f 6626 6823 6627
f 6822 6823 6626
f 6627 6824 6628
f 6823 6824 6627
f 6628 6825 6629
f 6824 6825 6628
f 6629 6826 6630
f 6825 6826 6629
f 6630 6827 6631
f 6826 6827 6630
f 6631 6828 6632
f 6827 6828 6631
f 6585 6632 6780
f 6632 6829 6780
f 6632 6828 6829
f 6780 6829 6781
f 6785 6633 6589
f 6830 6633 6785
f 6832 6831 6786
f 6591 6832 6786
f 6634 6832 6591
f 6786 6831 6787
f 6830 6635 6633
f 6833 6635 6830
f 6636 6832 6634
f 6636 6834 6832
f 6833 6637 6635
f 6835 6637 6833
f 6638 6834 6636
f 6638 6836 6834
f 6835 6639 6637
f 6837 6639 6835
f 6640 6836 6638
f 6640 6838 6836
f 6837 6641 6639
f 6839 6641 6837
f 6642 6838 6640
f 6642 6840 6838
f 6839 6643 6641
f 6841 6643 6839
f 6644 6840 6642
f 6644 6842 6840
f 6841 6645 6643
f 6843 6645 6841
f 6646 6842 6644
f 6646 6844 6842
f 6843 6647 6645
f 6845 6647 6843
f 6648 6844 6646
f 6648 6846 6844
f 6845 6649 6647
f 6847 6649 6845
f 6650 6846 6648
f 6650 6848 6846
f 6847 6651 6649
f 6849 6651 6847
f 6652 6848 6650
f 6652 6850 6848
f 6849 6653 6651
f 6851 6653 6849
f 6654 6850 6652
f 6654 6852 6850
f 6851 6655 6653
f 6853 6655 6851
f 6656 6852 6654
f 6656 6854 6852
f 6853 6657 6655
f 6855 6657 6853
f 6658 6854 6656
f 6658 6856 6854
f 6855 6659 6657
f 6857 6659 6855
f 6660 6856 6658
f 6660 6858 6856
f 6857 6661 6659
f 6859 6661 6857
f 6860 6858 6660
f 6860 6660 6662
f 6861 6662 6663
f 6861 6860 6662
f 6862 6663 6664
f 6862 6861 6663
f 6863 6664 6665
f 6863 6862 6664
f 6864 6665 6666
f 6864 6863 6665
f 6865 6666 6667
f 6865 6864 6666
f 6866 6667 6668
f 6866 6865 6667
f 6867 6668 6669
f 6867 6866 6668
f 6868 6669 6670
f 6868 6867 6669
f 6869 6670 6671
f 6869 6868 6670
f 6870 6671 6672
f 6870 6869 6671
f 6871 6672 6673
f 6871 6870 6672
f 6872 6673 6674
f 6872 6871 6673
f 6873 6674 6675
f 6873 6872 6674
f 6874 6675 6676
f 6874 6873 6675
f 6875 6676 6677
f 6875 6874 6676
f 6876 6677 6678
f 6876 6875 6677
f 6877 6678 6679
f 6877 6876 6678
f 6878 6679 6680
f 6878 6877 6679
f 6879 6680 6681
f 6879 6878 6680
f 6880 6681 6682
f 6880 6879 6681
f 6881 6682 6683
f 6881 6880 6682
f 6882 6683 6684
f 6882 6881 6683
f 6883 6684 6685
f 6883 6882 6684
f 6884 6685 6686
f 6884 6883 6685
f 6885 6686 6687
f 6885 6884 6686
f 6886 6687 6688
f 6886 6885 6687
f 6887 6688 6689
f 6887 6886 6688
f 6888 6689 6690
f 6888 6887 6689
f 6889 6690 6691
f 6889 6888 6690
f 6890 6691 6692
f 6890 6889 6691
f 6891 6692 6693
f 6891 6890 6692
f 6892 6693 6694
f 6892 6891 6693
f 6893 6694 6695
f 6893 6892 6694
f 6894 6695 6696
f 6894 6893 6695
f 6895 6696 6697
f 6895 6894 6696
f 6896 6697 6698
f 6896 6895 6697
f 6897 6698 6699
f 6897 6896 6698
f 6898 6699 6700
f 6898 6897 6699
f 6899 6700 6701
f 6899 6898 6700
f 6900 6701 6702
f 6900 6899 6701
f 6901 6702 6703
f 6901 6900 6702
f 6902 6703 6704
f 6902 6901 6703
f 6903 6704 6705
f 6903 6902 6704
f 6904 6705 6706
f 6904 6903 6705
f 6905 6706 6707
f 6905 6904 6706
f 6906 6707 6708
f 6906 6905 6707
f 6907 6708 6709
f 6907 6906 6708
f 6908 6709 6710
f 6908 6907 6709
f 6909 6710 6711
f 6909 6908 6710
f 6910 6711 6712
f 6910 6909 6711
f 6911 6712 6713
f 6911 6910 6712
f 6912 6713 6714
f 6912 6911 6713
f 6913 6714 6715
f 6913 6912 6714
f 6914 6715 6716
f 6914 6913 6715
f 6915 6716 6717
f 6915 6914 6716
f 6916 6717 6718
f 6916 6915 6717
f 6917 6718 6719
f 6917 6916 6718
f 6918 6719 6720
f 6918 6917 6719
f 6919 6720 6721
f 6919 6918 6720
f 6920 6721 6722
f 6920 6919 6721
f 6921 6722 6723
f 6921 6920 6722
f 6922 6723 6724
f 6922 6921 6723
f 6923 6724 6725
f 6923 6922 6724
f 6924 6725 6726
f 6924 6923 6725
f 6925 6726 6727
f 6925 6924 6726
f 6926 6727 6728
f 6926 6925 6727
f 6927 6728 6729
f 6927 6926 6728
f 6729 6661 6859
f 6729 6859 6927
f 6731 6928 6732
f 6929 6733 6732
f 6929 6732 6928
f 6930 6734 6733
f 6930 6733 6929
f 6931 6735 6734
f 6931 6734 6930
f 6931 6736 6735
f 6738 6932 6739
f 6739 6932 6933
f 6934 6739 6933
f 6740 6739 6934
f 6731 6740 6928
f 6740 6935 6928
f 6740 6934 6935
f 6928 6935 6929
f 6929 6935 6936
f 6929 6936 6930
f 6930 6936 6937
f 6930 6937 6931
f 6931 6937 6938
f 6736 6931 6938
f 6939 6736 6938
f 6742 6736 6939
f 6744 6940 6745
f 6745 6940 6941
f 6942 6745 6941
f 6746 6745 6942
f 6738 6746 6932
f 6746 6943 6932
f 6746 6942 6943
f 6932 6943 6933
f 6747 6742 6944
f 6742 6945 6944
f 6742 6939 6945
f 6946 6748 6747
f 6946 6747 6944
f 6946 6750 6748
f 6948 6947 6753
f 6948 6753 6752
f 6753 6949 6754
f 6947 6949 6753
f 6744 6754 6940
f 6754 6950 6940
f 6754 6949 6950
f 6940 6950 6941
f 6945 6951 6944
f 6944 6951 6946
f 6946 6951 6952
f 6952 6954 6953
f 6952 6953 6755
f 6946 6952 6755
f 6750 6946 6755
f 6955 6756 6755
f 6955 6755 6953
f 6955 6757 6756
f 6759 6956 6760
f 6956 6957 6760
f 6957 6752 6760
f 6957 6948 6752
f 6954 6958 6953
f 6960 6959 6958
f 6959 6953 6958
f 6959 6955 6953
f 6959 6761 6757
f 6959 6757 6955
f 6763 6961 6764
f 6961 6962 6764
f 6764 6962 6759
f 6962 6963 6759
f 6963 6956 6759
f 6956 6963 6957
f 6960 6964 6959
f 6761 6959 6964
f 6965 6761 6964
f 6765 6761 6965
f 6768 6966 6769
f 6769 6966 6967
f 6968 6769 6967
f 6770 6769 6968
f 6763 6770 6961
f 6770 6969 6961
f 6770 6968 6969
f 6961 6969 6962
f 6965 6772 6765
f 6970 6772 6965
f 6774 6971 6775
f 6972 6776 6775
f 6972 6775 6971
f 6973 6777 6776
f 6973 6776 6972
f 6973 6974 6777
f 6777 6974 6768
f 6974 6975 6768
f 6975 6966 6768
f 6966 6975 6967
f 6778 6772 6976
f 6772 6977 6976
f 6772 6970 6977
f 6976 6779 6778
f 6781 6978 6782
f 6979 6783 6782
f 6979 6782 6978
f 6783 6979 6980
f 6981 6783 6980
f 6784 6783 6981
f 6774 6784 6971
f 6784 6982 6971
f 6784 6981 6982
f 6971 6982 6972
f 6972 6982 6983
f 6972 6983 6973
f 6973 6983 6984
f 6973 6984 6974
f 6976 6977 6985
f 6985 6977 6986
f 6985 6785 6779
f 6985 6779 6976
f 6787 6987 6788
f 6988 6789 6788
f 6988 6788 6987
f 6989 6790 6789
f 6989 6789 6988
f 6990 6791 6790
f 6990 6790 6989
f 6991 6792 6791
f 6991 6791 6990
f 6992 6793 6792
f 6992 6792 6991
f 6993 6794 6793
f 6993 6793 6992
f 6994 6795 6794
f 6994 6794 6993
f 6795 6994 6995
f 6996 6795 6995
f 6796 6795 6996
f 6796 6997 6797
f 6996 6997 6796
f 6797 6998 6798
f 6997 6998 6797
f 6798 6999 6799
f 6998 6999 6798
f 6799 7000 6800
f 6999 7000 6799
f 6800 7001 6801
f 7000 7001 6800
f 6801 7002 6802
f 7001 7002 6801
f 6802 7003 6803
f 7002 7003 6802
f 7003 7005 7004
f 6804 7003 7004
f 6803 7003 6804
f 7006 6805 6804
f 7006 6804 7004
f 7007 6806 6805
f 7007 6805 7006
f 7008 6807 6806
f 7008 6806 7007
f 7009 6808 6807
f 7009 6807 7008
f 7010 6809 6808
f 7010 6808 7009
f 7011 6810 6809
f 7011 6809 7010
f 7012 6811 6810
f 7012 6810 7011
f 7013 6812 6811
f 7013 6811 7012
f 7014 6813 6812
f 7014 6812 7013
f 7015 6814 6813
f 7015 6813 7014
f 7016 6815 6814
f 7016 6814 7015
f 7017 6816 6815
f 7017 6815 7016
f 7018 6817 6816
f 7018 6816 7017
f 7019 6818 6817
f 7019 6817 7018
f 7020 6819 6818
f 7020 6818 7019
f 7021 6820 6819
f 7021 6819 7020
f 7022 6821 6820
f 7022 6820 7021
f 6821 7022 7023
f 7024 6821 7023
f 6822 6821 7024
f 6822 7025 6823
f 7024 7025 6822
f 6823 7026 6824
f 7025 7026 6823
f 6824 7027 6825
f 7026 7027 6824
f 6825 7028 6826
f 7027 7028 6825
f 6826 7029 6827
f 7028 7029 6826
f 6827 7030 6828
f 7029 7030 6827
f 6828 7031 6829
f 7030 7031 6828
f 6781 6829 6978
f 6829 7032 6978
f 6829 7031 7032
f 6978 7032 6979
f 6979 7032 7033
f 6979 7033 6980
f 6986 7034 6985
f 6785 6985 7034
f 7035 6785 7034
f 6830 6785 7035
f 6832 7036 6831
f 7036 7037 6831
f 6831 7037 6787
f 7037 7038 6787
f 7038 6987 6787
f 6987 7038 6988
f 6988 7038 7039
f 6988 7039 6989
f 6989 7039 7040
f 6989 7040 6990
f 6990 7040 7041
f 6990 7041 6991
f 6991 7041 7042
f 6991 7042 6992
f 6992 7042 7043
f 6992 7043 6993
f 6993 7043 7044
f 6993 7044 6994
f 6994 7044 7045
f 6994 7045 6995
f 7005 7046 7004
f 7004 7046 7006
f 7006 7046 7047
f 7006 7047 7007
f 7007 7047 7048
f 7007 7048 7008
f 7008 7048 7049
f 7008 7049 7009
f 7009 7049 7050
f 7009 7050 7010
f 7010 7050 7051
f 7010 7051 7011
f 7011 7051 7052
f 7011 7052 7012
f 7012 7052 7053
f 7012 7053 7013
f 7013 7053 7054
f 7013 7054 7014
f 7014 7054 7055
f 7014 7055 7015
f 7015 7055 7056
f 7015 7056 7016
f 7016 7056 7057
f 7016 7057 7017
f 7017 7057 7058
f 7017 7058 7018
f 7018 7058 7059
f 7018 7059 7019
f 7019 7059 7060
f 7019 7060 7020
f 7020 7060 7061
f 7020 7061 7021
f 7021 7061 7062
f 7021 7062 7022
f 7022 7062 7063
f 7022 7063 7023
f 7035 6833 6830
f 7064 6833 7035
f 7066 7065 7036
f 6832 7066 7036
f 6834 7066 6832
f 7036 7065 7037
f 7064 6835 6833
f 7067 6835 7064
f 6836 7066 6834
f 6836 7068 7066
f 7067 6837 6835
f 7069 6837 7067
f 6838 7068 6836
f 6838 7070 7068
f 7069 6839 6837
f 7071 6839 7069
f 6840 7070 6838
f 6840 7072 7070
f 7071 6841 6839
f 7073 6841 7071
f 6842 7072 6840
f 6842 7074 7072
f 7073 6843 6841
f 7075 6843 7073
f 6844 7074 6842
f 6844 7076 7074
f 7075 6845 6843
f 7077 6845 7075
f 6846 7076 6844
f 6846 7078 7076
f 7077 6847 6845
f 7079 6847 7077
f 6848 7078 6846
f 6848 7080 7078
f 7079 6849 6847
f 7081 6849 7079
f 6850 7080 6848
f 6850 7082 7080
f 7081 6851 6849
f 7083 6851 7081
f 6852 7082 6850
f 6852 7084 7082
f 7083 6853 6851
f 7085 6853 7083
f 6854 7084 6852
f 6854 7086 7084
f 7089 7088 7087
f 7085 7089 7087
f 6855 7085 7087
f 6853 7085 6855
f 6856 7086 6854
f 6856 7090 7086
f 7088 7091 7087
f 6855 7087 7091
f 7092 6855 7091
f 6857 6855 7092
f 6858 7090 6856
f 6858 7093 7090
f 7092 6859 6857
f 7094 6859 7092
f 7095 7093 6858
f 7095 6858 6860
f 7096 6860 6861
f 7096 7095 6860
f 7097 6861 6862
f 7097 7096 6861
f 7098 6862 6863
f 7098 7097 6862
f 7099 6863 6864
f 7099 7098 6863
f 7100 6864 6865
f 7100 7099 6864
f 7101 6865 6866
f 7101 7100 6865
f 7102 6866 6867
f 7102 7101 6866
f 7103 6867 6868
f 7103 7102 6867
f 7104 6868 6869
f 7104 7103 6868
f 7105 6869 6870
f 7105 7104 6869
f 7106 6870 6871
f 7106 7105 6870
f 7107 6871 6872
f 7107 7106 6871
f 7108 6872 6873
f 7108 7107 6872
f 7109 6873 6874
f 7109 7108 6873
f 7110 6874 6875
f 7110 7109 6874
f 7111 6875 6876
f 7111 7110 6875
f 7112 6876 6877
f 7112 7111 6876
f 7113 6877 6878
f 7113 7112 6877
f 7114 6878 6879
f 7114 7113 6878
f 7115 6879 6880
f 7115 7114 6879
f 7116 6880 6881
f 7116 7115 6880
f 7117 6881 6882
f 7117 7116 6881
f 7118 6882 6883
f 7118 7117 6882
f 7119 6883 6884
f 7119 7118 6883
f 7120 6884 6885
f 7120 7119 6884
f 7121 6885 6886
f 7121 7120 6885
f 7122 6886 6887
f 7122 7121 6886
f 7123 6887 6888
f 7123 7122 6887
f 7124 6888 6889
f 7124 7123 6888
f 7125 6889 6890
f 7125 7124 6889
f 7126 6890 6891
f 7126 7125 6890
f 7127 6891 6892
f 7127 7126 6891
f 7128 6892 6893
f 7128 7127 6892
f 7129 6893 6894
f 7129 7128 6893
f 7130 6894 6895
f 7130 7129 6894
f 7131 6895 6896
f 7131 7130 6895
f 7132 6896 6897
f 7132 7131 6896
f 7133 6897 6898
f 7133 7132 6897
f 7134 6898 6899
f 7134 7133 6898
f 7135 6899 6900
f 7135 7134 6899
f 7136 6900 6901
f 7136 7135 6900
f 7137 6901 6902
f 7137 7136 6901
f 7138 6902 6903
f 7138 7137 6902
f 7139 6903 6904
f 7139 7138 6903
f 7140 6904 6905
f 7140 7139 6904
f 7141 6905 6906
f 7141 7140 6905
f 7142 6906 6907
f 7142 7141 6906
f 7143 6907 6908
f 7143 7142 6907
f 7144 6908 6909
f 7144 7143 6908
f 7145 6909 6910
f 7145 7144 6909
f 7146 6910 6911
f 7146 7145 6910
f 7147 6911 6912
f 7147 7146 6911
f 7148 6912 6913
f 7148 7147 6912
f 7149 6913 6914
f 7149 7148 6913
f 7150 6914 6915
f 7150 7149 6914
f 7151 6915 6916
f 7151 7150 6915
f 7152 6916 6917
f 7152 7151 6916
f 7153 6917 6918
f 7153 7152 6917
f 7154 6918 6919
f 7154 7153 6918
f 7155 6919 6920
f 7155 7154 6919
f 7156 6920 6921
f 7156 7155 6920
f 7157 6921 6922
f 7157 7156 6921
f 7158 6922 6923
f 7158 7157 6922
f 7159 6923 6924
f 7159 7158 6923
f 7160 6924 6925
f 7160 7159 6924
f 7161 6925 6926
f 7161 7160 6925
f 7162 6926 6927
f 7162 7161 6926
f 6927 6859 7094
f 6927 7094 7162
f 6933 7163 6934
f 7164 6935 6934
f 7164 6934 7163
f 7165 6936 6935
f 7165 6935 7164
f 7166 6937 6936
f 7166 6936 7165
f 7167 6938 6937
f 7167 6937 7166
f 7167 6939 6938
f 6941 7168 6942
f 7169 6943 6942
f 7169 6942 7168
f 7163 6933 6943
f 7169 7163 6943
f 7170 7163 7169
f 7163 7171 7164
f 7163 7170 7171
f 7164 7172 7165
f 7164 7171 7172
f 7165 7173 7166
f 7165 7172 7173
f 7166 7174 7167
f 7166 7173 7174
f 7174 6945 6939
f 7174 6939 7167
f 6948 7175 6947
f 7176 6949 6947
f 7176 6947 7175
f 7177 6950 6949
f 7177 6949 7176
f 7168 6941 6950
f 7177 7168 6950
f 7178 7168 7177
f 7168 7179 7169
f 7168 7178 7179
f 7169 7180 7170
f 7169 7179 7180
f 7170 7181 7171
f 7170 7180 7181
f 7171 7182 7172
f 7171 7181 7182
f 7172 7183 7173
f 7172 7182 7183
f 7173 7184 7174
f 7173 7183 7184
f 7185 6951 6945
f 7174 7185 6945
f 7184 7185 7174
f 7186 6952 6951
f 7186 6951 7185
f 7186 6954 6952
f 6957 7187 7175
f 6957 7175 6948
f 7175 7188 7176
f 7175 7187 7188
f 7176 7189 7177
f 7176 7188 7189
f 7177 7190 7178
f 7177 7189 7190
f 7178 7191 7179
f 7178 7190 7191
f 7179 7192 7180
f 7179 7191 7192
f 7180 7193 7181
f 7180 7192 7193
f 7181 7194 7182
f 7181 7193 7194
f 7182 7195 7183
f 7182 7194 7195
f 7183 7196 7184
f 7183 7195 7196
f 7184 7197 7185
f 7184 7196 7197
f 7185 7198 7186
f 7185 7197 7198
f 7199 6958 6954
f 7186 7199 6954
f 7198 7199 7186
f 7199 6960 6958
f 6962 7200 6963
f 7187 6957 6963
f 7200 7187 6963
f 7201 7187 7200
f 7187 7202 7188
f 7187 7201 7202
f 7188 7203 7189
f 7188 7202 7203
f 7189 7204 7190
f 7189 7203 7204
f 7190 7205 7191
f 7190 7204 7205
f 7191 7206 7192
f 7191 7205 7206
f 7192 7207 7193
f 7192 7206 7207
f 7193 7208 7194
f 7193 7207 7208
f 7194 7209 7195
f 7194 7208 7209
f 7195 7210 7196
f 7195 7209 7210
f 7196 7211 7197
f 7196 7210 7211
f 7197 7212 7198
f 7197 7211 7212
f 7198 7213 7199
f 7198 7212 7213
f 7214 6964 6960
f 7199 7214 6960
f 7213 7214 7199
f 7214 6965 6964
f 6967 7215 6968
f 7216 6969 6968
f 7216 6968 7215
f 7200 6962 6969
f 7216 7200 6969
f 7217 7200 7216
f 7200 7218 7201
f 7200 7217 7218
f 7201 7219 7202
f 7201 7218 7219
f 7202 7220 7203
f 7202 7219 7220
f 7203 7221 7204
f 7203 7220 7221
f 7204 7222 7205
f 7204 7221 7222
f 7205 7223 7206
f 7205 7222 7223
f 7206 7224 7207
f 7206 7223 7224
f 7207 7225 7208
f 7207 7224 7225
f 7208 7226 7209
f 7208 7225 7226
f 7209 7227 7210
f 7209 7226 7227
f 7210 7228 7211
f 7210 7227 7228
f 7211 7229 7212
f 7211 7228 7229
f 7212 7230 7213
f 7212 7229 7230
f 7213 7231 7214
f 7213 7230 7231
f 7231 6970 6965
f 7231 6965 7214
f 6974 7232 6975
f 7215 6967 6975
f 7232 7215 6975
f 7233 7215 7232
f 7215 7234 7216
f 7215 7233 7234
f 7216 7235 7217
f 7216 7234 7235
f 7217 7236 7218
f 7217 7235 7236
f 7218 7237 7219
f 7218 7236 7237
f 7219 7238 7220
f 7219 7237 7238
f 7220 7239 7221
f 7220 7238 7239
f 7221 7240 7222
f 7221 7239 7240
f 7222 7241 7223
f 7222 7240 7241
f 7223 7242 7224
f 7223 7241 7242
f 7224 7243 7225
f 7224 7242 7243
f 7225 7244 7226
f 7225 7243 7244
f 7226 7245 7227
f 7226 7244 7245
f 7227 7246 7228
f 7227 7245 7246
f 7228 7247 7229
f 7228 7246 7247
f 7229 7248 7230
f 7229 7247 7248
f 7230 7249 7231
f 7230 7248 7249
f 7249 6977 6970
f 7249 6970 7231
f 6980 7250 6981
f 7251 6982 6981
f 7251 6981 7250
f 7252 6983 6982
f 7252 6982 7251
f 7253 6984 6983
f 7253 6983 7252
f 7232 6974 6984
f 7253 7232 6984
f 7254 7232 7253
f 7232 7255 7233
f 7232 7254 7255
f 7233 7256 7234
f 7233 7255 7256
f 7234 7257 7235
f 7234 7256 7257
f 7235 7258 7236
f 7235 7257 7258
f 7236 7259 7237
f 7236 7258 7259
f 7237 7260 7238
f 7237 7259 7260
f 7238 7261 7239
f 7238 7260 7261
f 7239 7262 7240
f 7239 7261 7262
f 7240 7263 7241
f 7240 7262 7263
f 7241 7264 7242
f 7241 7263 7264
f 7242 7265 7243
f 7242 7264 7265
f 7243 7266 7244
f 7243 7265 7266
f 7244 7267 7245
f 7244 7266 7267
f 7245 7268 7246
f 7245 7267 7268
f 7246 7269 7247
f 7246 7268 7269
f 7247 7270 7248
f 7247 7269 7270
f 7248 7271 7249
f 7248 7270 7271
f 7271 6986 6977
f 7271 6977 7249
f 6995 7272 6996
f 7273 6997 6996
f 7273 6996 7272
f 7274 6998 6997
f 7274 6997 7273
f 7275 6999 6998
f 7275 6998 7274
f 7276 7000 6999
f 7276 6999 7275
f 7277 7001 7000
f 7277 7000 7276
f 7278 7002 7001
f 7278 7001 7277
f 7279 7003 7002
f 7279 7002 7278
f 7279 7005 7003
f 7023 7280 7024
f 7281 7025 7024
f 7281 7024 7280
f 7282 7026 7025
f 7282 7025 7281
f 7283 7027 7026
f 7283 7026 7282
f 7284 7028 7027
f 7284 7027 7283
f 7285 7029 7028
f 7285 7028 7284
f 7286 7030 7029
f 7286 7029 7285
f 7287 7031 7030
f 7287 7030 7286
f 7288 7032 7031
f 7288 7031 7287
f 7289 7033 7032
f 7289 7032 7288
f 7250 6980 7033
f 7289 7250 7033
f 7290 7250 7289
f 7250 7291 7251
f 7250 7290 7291
f 7251 7292 7252
f 7251 7291 7292
f 7252 7293 7253
f 7252 7292 7293
f 7253 7294 7254
f 7253 7293 7294
f 7254 7295 7255
f 7254 7294 7295
f 7255 7296 7256
f 7255 7295 7296
f 7256 7297 7257
f 7256 7296 7297
f 7257 7298 7258
f 7257 7297 7298
f 7258 7299 7259
f 7258 7298 7299
f 7259 7300 7260
f 7259 7299 7300
f 7260 7301 7261
f 7260 7300 7301
f 7261 7302 7262
f 7261 7301 7302
f 7262 7303 7263
f 7262 7302 7303
f 7263 7304 7264
f 7263 7303 7304
f 7264 7305 7265
f 7264 7304 7305
f 7265 7306 7266
f 7265 7305 7306
f 7266 7307 7267
f 7266 7306 7307
f 7267 7308 7268
f 7267 7307 7308
f 7268 7309 7269
f 7268 7308 7309
f 7269 7310 7270
f 7269 7309 7310
f 7270 7311 7271
f 7270 7310 7311
f 7312 7034 6986
f 7271 7312 6986
f 7311 7312 7271
f 7312 7035 7034
f 7037 7313 7038
f 7314 7039 7038
f 7314 7038 7313
f 7315 7040 7039
f 7315 7039 7314
f 7316 7041 7040
f 7316 7040 7315
f 7317 7042 7041
f 7317 7041 7316
f 7318 7043 7042
f 7318 7042 7317
f 7319 7044 7043
f 7319 7043 7318
f 7320 7045 7044
f 7320 7044 7319
f 7272 6995 7045
f 7320 7272 7045
f 7321 7272 7320
f 7272 7322 7273
f 7272 7321 7322
f 7273 7323 7274
f 7273 7322 7323
f 7274 7324 7275
f 7274 7323 7324
f 7275 7325 7276
f 7275 7324 7325
f 7276 7326 7277
f 7276 7325 7326
f 7277 7327 7278
f 7277 7326 7327
f 7278 7328 7279
f 7278 7327 7328
f 7329 7046 7005
f 7279 7329 7005
f 7328 7329 7279
f 7330 7047 7046
f 7330 7046 7329
f 7331 7048 7047
f 7331 7047 7330
f 7332 7049 7048
f 7332 7048 7331
f 7333 7050 7049
f 7333 7049 7332
f 7334 7051 7050
f 7334 7050 7333
f 7335 7052 7051
f 7335 7051 7334
f 7336 7053 7052
f 7336 7052 7335
f 7337 7054 7053
f 7337 7053 7336
f 7338 7055 7054
f 7338 7054 7337
f 7339 7056 7055
f 7339 7055 7338
f 7340 7057 7056
f 7340 7056 7339
f 7341 7058 7057
f 7341 7057 7340
f 7342 7059 7058
f 7342 7058 7341
f 7343 7060 7059
f 7343 7059 7342
f 7344 7061 7060
f 7344 7060 7343
f 7345 7062 7061
f 7345 7061 7344
f 7346 7063 7062
f 7346 7062 7345
f 7280 7023 7063
f 7346 7280 7063
f 7347 7280 7346
f 7280 7348 7281
f 7280 7347 7348
f 7281 7349 7282
f 7281 7348 7349
f 7282 7350 7283
f 7282 7349 7350
f 7283 7351 7284
f 7283 7350 7351
f 7284 7352 7285
f 7284 7351 7352
f 7285 7353 7286
f 7285 7352 7353
f 7286 7354 7287
f 7286 7353 7354
f 7287 7355 7288
f 7287 7354 7355
f 7288 7356 7289
f 7288 7355 7356
f 7289 7357 7290
f 7289 7356 7357
f 7290 7358 7291
f 7290 7357 7358
f 7291 7359 7292
f 7291 7358 7359
f 7292 7360 7293
f 7292 7359 7360
f 7293 7361 7294
f 7293 7360 7361
f 7294 7362 7295
f 7294 7361 7362
f 7295 7363 7296
f 7295 7362 7363
f 7296 7364 7297
f 7296 7363 7364
f 7297 7365 7298
f 7297 7364 7365
f 7298 7366 7299
f 7298 7365 7366
f 7299 7367 7300
f 7299 7366 7367
f 7300 7368 7301
f 7300 7367 7368
f 7301 7369 7302
f 7301 7368 7369
f 7302 7370 7303
f 7302 7369 7370
f 7303 7371 7304
f 7303 7370 7371
f 7304 7372 7305
f 7304 7371 7372
f 7305 7373 7306
f 7305 7372 7373
f 7306 7374 7307
f 7306 7373 7374
f 7307 7375 7308
f 7307 7374 7375
f 7308 7376 7309
f 7308 7375 7376
f 7309 7377 7310
f 7309 7376 7377
f 7310 7378 7311
f 7310 7377 7378
f 7311 7379 7312
f 7311 7378 7379
f 7379 7064 7035
f 7379 7035 7312
f 7066 7380 7065
f 7313 7037 7065
f 7380 7313 7065
f 7381 7313 7380
f 7313 7382 7314
f 7313 7381 7382
f 7314 7383 7315
f 7314 7382 7383
f 7315 7384 7316
f 7315 7383 7384
f 7316 7385 7317
f 7316 7384 7385
f 7317 7386 7318
f 7317 7385 7386
f 7318 7387 7319
f 7318 7386 7387
f 7319 7388 7320
f 7319 7387 7388
f 7320 7389 7321
f 7320 7388 7389
f 7321 7390 7322
f 7321 7389 7390
f 7322 7391 7323
f 7322 7390 7391
f 7323 7392 7324
f 7323 7391 7392
f 7324 7393 7325
f 7324 7392 7393
f 7325 7394 7326
f 7325 7393 7394
f 7326 7395 7327
f 7326 7394 7395
f 7327 7396 7328
f 7327 7395 7396
f 7328 7397 7329
f 7328 7396 7397
f 7329 7398 7330
f 7329 7397 7398
f 7330 7399 7331
f 7330 7398 7399
f 7331 7400 7332
f 7331 7399 7400
f 7332 7401 7333
f 7332 7400 7401
f 7333 7402 7334
f 7333 7401 7402
f 7334 7403 7335
f 7334 7402 7403
f 7335 7404 7336
f 7335 7403 7404
f 7336 7405 7337
f 7336 7404 7405
f 7337 7406 7338
f 7337 7405 7406
f 7338 7407 7339
f 7338 7406 7407
f 7339 7408 7340
f 7339 7407 7408
f 7340 7409 7341
f 7340 7408 7409
f 7341 7410 7342
f 7341 7409 7410
f 7342 7411 7343
f 7342 7410 7411
f 7343 7412 7344
f 7343 7411 7412
f 7344 7413 7345
f 7344 7412 7413
f 7345 7414 7346
f 7345 7413 7414
f 7346 7415 7347
f 7346 7414 7415
f 7347 7416 7348
f 7347 7415 7416
f 7348 7417 7349
f 7348 7416 7417
f 7349 7418 7350
f 7349 7417 7418
f 7350 7419 7351
f 7350 7418 7419
f 7351 7420 7352
f 7351 7419 7420
f 7352 7421 7353
f 7352 7420 7421
f 7353 7422 7354
f 7353 7421 7422
f 7354 7423 7355
f 7354 7422 7423
f 7355 7424 7356
f 7355 7423 7424
f 7356 7425 7357
f 7356 7424 7425
f 7357 7426 7358
f 7357 7425 7426
f 7358 7427 7359
f 7358 7426 7427
f 7359 7428 7360
f 7359 7427 7428
f 7360 7429 7361
f 7360 7428 7429
f 7361 7430 7362
f 7361 7429 7430
f 7362 7431 7363
f 7362 7430 7431
f 7363 7432 7364
f 7363 7431 7432
f 7364 7433 7365
f 7364 7432 7433
f 7365 7434 7366
f 7365 7433 7434
f 7366 7435 7367
f 7366 7434 7435
f 7367 7436 7368
f 7367 7435 7436
f 7368 7437 7369
f 7368 7436 7437
f 7369 7438 7370
f 7369 7437 7438
f 7370 7439 7371
f 7370 7438 7439
f 7371 7440 7372
f 7371 7439 7440
f 7372 7441 7373
f 7372 7440 7441
f 7373 7442 7374
f 7373 7441 7442
f 7374 7443 7375
f 7374 7442 7443
f 7375 7444 7376
f 7375 7443 7444
f 7376 7445 7377
f 7376 7444 7445
f 7377 7446 7378
f 7377 7445 7446
f 7378 7447 7379
f 7378 7446 7447
f 7447 7067 7064
f 7447 7064 7379
f 7068 7448 7380
f 7068 7380 7066
f 7380 7449 7381
f 7380 7448 7449
f 7381 7450 7382
f 7381 7449 7450
f 7382 7451 7383
f 7382 7450 7451
f 7383 7452 7384
f 7383 7451 7452
f 7384 7453 7385
f 7384 7452 7453
f 7385 7454 7386
f 7385 7453 7454
f 7386 7455 7387
f 7386 7454 7455
f 7387 7456 7388
f 7387 7455 7456
f 7388 7457 7389
f 7388 7456 7457
f 7389 7458 7390
f 7389 7457 7458
f 7390 7459 7391
f 7390 7458 7459
f 7391 7460 7392
f 7391 7459 7460
f 7392 7461 7393
f 7392 7460 7461
f 7393 7462 7394
f 7393 7461 7462
f 7394 7463 7395
f 7394 7462 7463
f 7395 7464 7396
f 7395 7463 7464
f 7396 7465 7397
f 7396 7464 7465
f 7397 7466 7398
f 7397 7465 7466
f 7398 7467 7399
f 7398 7466 7467
f 7399 7468 7400
f 7399 7467 7468
f 7400 7469 7401
f 7400 7468 7469
f 7401 7470 7402
f 7401 7469 7470
f 7402 7471 7403
f 7402 7470 7471
f 7403 7472 7404
f 7403 7471 7472
f 7404 7473 7405
f 7404 7472 7473
f 7405 7474 7406
f 7405 7473 7474
f 7406 7475 7407
f 7406 7474 7475
f 7407 7476 7408
f 7407 7475 7476
f 7408 7477 7409
f 7408 7476 7477
f 7409 7478 7410
f 7409 7477 7478
f 7410 7479 7411
f 7410 7478 7479
f 7411 7480 7412
f 7411 7479 7480
f 7412 7481 7413
f 7412 7480 7481
f 7413 7482 7414
f 7413 7481 7482
f 7414 7483 7415
f 7414 7482 7483
f 7415 7484 7416
f 7415 7483 7484
f 7416 7485 7417
f 7416 7484 7485
f 7417 7486 7418
f 7417 7485 7486
f 7418 7487 7419
f 7418 7486 7487
f 7419 7488 7420
f 7419 7487 7488
f 7420 7489 7421
f 7420 7488 7489
f 7421 7490 7422
f 7421 7489 7490
f 7422 7491 7423
f 7422 7490 7491
f 7423 7492 7424
f 7423 7491 7492
f 7424 7493 7425
f 7424 7492 7493
f 7425 7494 7426
f 7425 7493 7494
f 7426 7495 7427
f 7426 7494 7495
f 7427 7496 7428
f 7427 7495 7496
f 7428 7497 7429
f 7428 7496 7497
f 7429 7498 7430
f 7429 7497 7498
f 7430 7499 7431
f 7430 7498 7499
f 7431 7500 7432
f 7431 7499 7500
f 7432 7501 7433
f 7432 7500 7501
f 7433 7502 7434
f 7433 7501 7502
f 7434 7503 7435
f 7434 7502 7503
f 7435 7504 7436
f 7435 7503 7504
f 7436 7505 7437
f 7436 7504 7505
f 7437 7506 7438
f 7437 7505 7506
f 7438 7507 7439
f 7438 7506 7507
f 7439 7508 7440
f 7439 7507 7508
f 7440 7509 7441
f 7440 7508 7509
f 7441 7510 7442
f 7441 7509 7510
f 7442 7511 7443
f 7442 7510 7511
f 7443 7512 7444
f 7443 7511 7512
f 7444 7513 7445
f 7444 7512 7513
f 7445 7514 7446
f 7445 7513 7514
f 7446 7515 7447
f 7446 7514 7515
f 7515 7069 7067
f 7515 7067 7447
f 7070 7516 7448
f 7070 7448 7068
f 7448 7517 7449
f 7448 7516 7517
f 7449 7518 7450
f 7449 7517 7518
f 7520 7451 7519
f 7451 7518 7519
f 7451 7450 7518
f 7522 7521 7520
f 7521 7451 7520
f 7521 7452 7451
f 7452 7523 7453
f 7452 7521 7523
f 7453 7524 7454
f 7453 7523 7524
f 7454 7525 7455
f 7454 7524 7525
f 7455 7526 7456
f 7455 7525 7526
f 7456 7527 7457
f 7456 7526 7527
f 7457 7528 7458
f 7457 7527 7528
f 7458 7529 7459
f 7458 7528 7529
f 7459 7530 7460
f 7459 7529 7530
f 7460 7531 7461
f 7460 7530 7531
f 7461 7532 7462
f 7461 7531 7532
f 7462 7533 7463
f 7462 7532 7533
f 7463 7534 7464
f 7463 7533 7534
f 7464 7535 7465
f 7464 7534 7535
f 7465 7536 7466
f 7465 7535 7536
f 7466 7537 7467
f 7466 7536 7537
f 7467 7538 7468
f 7467 7537 7538
f 7468 7539 7469
f 7468 7538 7539
f 7469 7540 7470
f 7469 7539 7540
f 7470 7541 7471
f 7470 7540 7541
f 7471 7542 7472
f 7471 7541 7542
f 7472 7543 7473
f 7472 7542 7543
f 7473 7544 7474
f 7473 7543 7544
f 7474 7545 7475
f 7474 7544 7545
f 7475 7546 7476
f 7475 7545 7546
f 7476 7547 7477
f 7476 7546 7547
f 7477 7548 7478
f 7477 7547 7548
f 7478 7549 7479
f 7478 7548 7549
f 7479 7550 7480
f 7479 7549 7550
f 7480 7551 7481
f 7480 7550 7551
f 7481 7552 7482
f 7481 7551 7552
f 7482 7553 7483
f 7482 7552 7553
f 7483 7554 7484
f 7483 7553 7554
f 7484 7555 7485
f 7484 7554 7555
f 7485 7556 7486
f 7485 7555 7556
f 7486 7557 7487
f 7486 7556 7557
f 7487 7558 7488
f 7487 7557 7558
f 7488 7559 7489
f 7488 7558 7559
f 7489 7560 7490
f 7489 7559 7560
f 7490 7561 7491
f 7490 7560 7561
f 7491 7562 7492
f 7491 7561 7562
f 7492 7563 7493
f 7492 7562 7563
f 7493 7564 7494
f 7493 7563 7564
f 7494 7565 7495
f 7494 7564 7565
f 7495 7566 7496
f 7495 7565 7566
f 7496 7567 7497
f 7496 7566 7567
f 7497 7568 7498
f 7497 7567 7568
f 7498 7569 7499
f 7498 7568 7569
f 7499 7570 7500
f 7499 7569 7570
f 7500 7571 7501
f 7500 7570 7571
f 7501 7572 7502
f 7501 7571 7572
f 7502 7573 7503
f 7502 7572 7573
f 7503 7574 7504
f 7503 7573 7574
f 7504 7575 7505
f 7504 7574 7575
f 7505 7576 7506
f 7505 7575 7576
f 7506 7577 7507
f 7506 7576 7577
f 7507 7578 7508
f 7507 7577 7578
f 7508 7579 7509
f 7508 7578 7579
f 7509 7580 7510
f 7509 7579 7580
f 7510 7581 7511
f 7510 7580 7581
f 7511 7582 7512
f 7511 7581 7582
f 7512 7583 7513
f 7512 7582 7583
f 7513 7584 7514
f 7513 7583 7584
f 7514 7585 7515
f 7514 7584 7585
f 7585 7071 7069
f 7585 7069 7515
f 7072 7586 7516
f 7072 7516 7070
f 7516 7587 7517
f 7516 7586 7587
f 7589 7518 7588
f 7518 7587 7588
f 7518 7517 7587
f 7518 7589 7519
f 7521 7522 7590
f 7590 7522 7591
f 7521 7592 7523
f 7521 7590 7592
f 7523 7593 7524
f 7523 7592 7593
f 7524 7594 7525
f 7524 7593 7594
f 7525 7595 7526
f 7525 7594 7595
f 7526 7596 7527
f 7526 7595 7596
f 7527 7597 7528
f 7527 7596 7597
f 7528 7598 7529
f 7528 7597 7598
f 7529 7599 7530
f 7529 7598 7599
f 7530 7600 7531
f 7530 7599 7600
f 7531 7601 7532
f 7531 7600 7601
f 7532 7602 7533
f 7532 7601 7602
f 7533 7603 7534
f 7533 7602 7603
f 7534 7604 7535
f 7534 7603 7604
f 7535 7605 7536
f 7535 7604 7605
f 7536 7606 7537
f 7536 7605 7606
f 7537 7607 7538
f 7537 7606 7607
f 7538 7608 7539
f 7538 7607 7608
f 7539 7609 7540
f 7539 7608 7609
f 7540 7610 7541
f 7540 7609 7610
f 7541 7611 7542
f 7541 7610 7611
f 7542 7612 7543
f 7542 7611 7612
f 7543 7613 7544
f 7543 7612 7613
f 7544 7614 7545
f 7544 7613 7614
f 7545 7615 7546
f 7545 7614 7615
f 7546 7616 7547
f 7546 7615 7616
f 7547 7617 7548
f 7547 7616 7617
f 7548 7618 7549
f 7548 7617 7618
f 7549 7619 7550
f 7549 7618 7619
f 7550 7620 7551
f 7550 7619 7620
f 7551 7621 7552
f 7551 7620 7621
f 7552 7622 7553
f 7552 7621 7622
f 7553 7623 7554
f 7553 7622 7623
f 7554 7624 7555
f 7554 7623 7624
f 7555 7625 7556
f 7555 7624 7625
f 7556 7626 7557
f 7556 7625 7626
f 7557 7627 7558
f 7557 7626 7627
f 7558 7628 7559
f 7558 7627 7628
f 7559 7629 7560
f 7559 7628 7629
f 7560 7630 7561
f 7560 7629 7630
f 7561 7631 7562
f 7561 7630 7631
f 7562 7632 7563
f 7562 7631 7632
f 7563 7633 7564
f 7563 7632 7633
f 7564 7634 7565
f 7564 7633 7634
f 7565 7635 7566
f 7565 7634 7635
f 7566 7636 7567
f 7566 7635 7636
f 7567 7637 7568
f 7567 7636 7637
f 7568 7638 7569
f 7568 7637 7638
f 7569 7639 7570
f 7569 7638 7639
f 7570 7640 7571
f 7570 7639 7640
f 7571 7641 7572
f 7571 7640 7641
f 7572 7642 7573
f 7572 7641 7642
f 7573 7643 7574
f 7573 7642 7643
f 7574 7644 7575
f 7574 7643 7644
f 7575 7645 7576
f 7575 7644 7645
f 7576 7646 7577
f 7576 7645 7646
f 7577 7647 7578
f 7577 7646 7647
f 7578 7648 7579
f 7578 7647 7648
f 7579 7649 7580
f 7579 7648 7649
f 7580 7650 7581
f 7580 7649 7650
f 7581 7651 7582
f 7581 7650 7651
f 7582 7652 7583
f 7582 7651 7652
f 7583 7653 7584
f 7583 7652 7653
f 7584 7654 7585
f 7584 7653 7654
f 7654 7073 7071
f 7654 7071 7585
f 7074 7655 7586
f 7074 7586 7072
f 7657 7587 7656
f 7587 7655 7656
f 7587 7586 7655
f 7587 7657 7588
f 7590 7591 7658
f 7658 7591 7659
f 7590 7660 7592
f 7590 7658 7660
f 7592 7661 7593
f 7592 7660 7661
f 7593 7662 7594
f 7593 7661 7662
f 7594 7663 7595
f 7594 7662 7663
f 7595 7664 7596
f 7595 7663 7664
f 7596 7665 7597
f 7596 7664 7665
f 7597 7666 7598
f 7597 7665 7666
f 7598 7667 7599
f 7598 7666 7667
f 7599 7668 7600
f 7599 7667 7668
f 7600 7669 7601
f 7600 7668 7669
f 7601 7670 7602
f 7601 7669 7670
f 7602 7671 7603
f 7602 7670 7671
f 7603 7672 7604
f 7603 7671 7672
f 7604 7673 7605
f 7604 7672 7673
f 7605 7674 7606
f 7605 7673 7674
f 7606 7675 7607
f 7606 7674 7675
f 7607 7676 7608
f 7607 7675 7676
f 7608 7677 7609
f 7608 7676 7677
f 7609 7678 7610
f 7609 7677 7678
f 7610 7679 7611
f 7610 7678 7679
f 7611 7680 7612
f 7611 7679 7680
f 7612 7681 7613
f 7612 7680 7681
f 7613 7682 7614
f 7613 7681 7682
f 7614 7683 7615
f 7614 7682 7683
f 7615 7684 7616
f 7615 7683 7684
f 7616 7685 7617
f 7616 7684 7685
f 7617 7686 7618
f 7617 7685 7686
f 7618 7687 7619
f 7618 7686 7687
f 7619 7688 7620
f 7619 7687 7688
f 7620 7689 7621
f 7620 7688 7689
f 7621 7690 7622
f 7621 7689 7690
f 7622 7691 7623
f 7622 7690 7691
f 7623 7692 7624
f 7623 7691 7692
f 7624 7693 7625
f 7624 7692 7693
f 7625 7694 7626
f 7625 7693 7694
f 7626 7695 7627
f 7626 7694 7695
f 7627 7696 7628
f 7627 7695 7696
f 7628 7697 7629
f 7628 7696 7697
f 7629 7698 7630
f 7629 7697 7698
f 7630 7699 7631
f 7630 7698 7699
f 7631 7700 7632
f 7631 7699 7700
f 7632 7701 7633
f 7632 7700 7701
f 7633 7702 7634
f 7633 7701 7702
f 7634 7703 7635
f 7634 7702 7703
f 7635 7704 7636
f 7635 7703 7704
f 7636 7705 7637
f 7636 7704 7705
f 7637 7706 7638
f 7637 7705 7706
f 7638 7707 7639
f 7638 7706 7707
f 7639 7708 7640
f 7639 7707 7708
f 7640 7709 7641
f 7640 7708 7709
f 7641 7710 7642
f 7641 7709 7710
f 7642 7711 7643
f 7642 7710 7711
f 7643 7712 7644
f 7643 7711 7712
f 7644 7713 7645
f 7644 7712 7713
f 7645 7714 7646
f 7645 7713 7714
f 7646 7715 7647
f 7646 7714 7715
f 7647 7716 7648
f 7647 7715 7716
f 7648 7717 7649
f 7648 7716 7717
f 7649 7718 7650
f 7649 7717 7718
f 7650 7719 7651
f 7650 7718 7719
f 7651 7720 7652
f 7651 7719 7720
f 7652 7721 7653
f 7652 7720 7721
f 7653 7722 7654
f 7653 7721 7722
f 7722 7075 7073
f 7722 7073 7654
f 7076 7723 7655
f 7076 7655 7074
f 7656 7655 7724
f 7724 7655 7723
f 7658 7659 7725
f 7725 7659 7726
f 7658 7727 7660
f 7658 7725 7727
f 7660 7728 7661
f 7660 7727 7728
f 7661 7729 7662
f 7661 7728 7729
f 7662 7730 7663
f 7662 7729 7730
f 7663 7731 7664
f 7663 7730 7731
f 7664 7732 7665
f 7664 7731 7732
f 7665 7733 7666
f 7665 7732 7733
f 7666 7734 7667
f 7666 7733 7734
f 7667 7735 7668
f 7667 7734 7735
f 7668 7736 7669
f 7668 7735 7736
f 7669 7737 7670
f 7669 7736 7737
f 7670 7738 7671
f 7670 7737 7738
f 7671 7739 7672
f 7671 7738 7739
f 7672 7740 7673
f 7672 7739 7740
f 7673 7741 7674
f 7673 7740 7741
f 7674 7742 7675
f 7674 7741 7742
f 7675 7743 7676
f 7675 7742 7743
f 7676 7744 7677
f 7676 7743 7744
f 7677 7745 7678
f 7677 7744 7745
f 7678 7746 7679
f 7678 7745 7746
f 7679 7747 7680
f 7679 7746 7747
f 7680 7748 7681
f 7680 7747 7748
f 7681 7749 7682
f 7681 7748 7749
f 7682 7750 7683
f 7682 7749 7750
f 7683 7751 7684
f 7683 7750 7751
f 7684 7752 7685
f 7684 7751 7752
f 7685 7753 7686
f 7685 7752 7753
f 7686 7754 7687
f 7686 7753 7754
f 7687 7755 7688
f 7687 7754 7755
f 7688 7756 7689
f 7688 7755 7756
f 7689 7757 7690
f 7689 7756 7757
f 7690 7758 7691
f 7690 7757 7758
f 7691 7759 7692
f 7691 7758 7759
f 7692 7760 7693
f 7692 7759 7760
f 7693 7761 7694
f 7693 7760 7761
f 7694 7762 7695
f 7694 7761 7762
f 7695 7763 7696
f 7695 7762 7763
f 7696 7764 7697
f 7696 7763 7764
f 7697 7765 7698
f 7697 7764 7765
f 7698 7766 7699
f 7698 7765 7766
f 7699 7767 7700
f 7699 7766 7767
f 7700 7768 7701
f 7700 7767 7768
f 7701 7769 7702
f 7701 7768 7769
f 7702 7770 7703
f 7702 7769 7770
f 7703 7771 7704
f 7703 7770 7771
f 7704 7772 7705
f 7704 7771 7772
f 7705 7773 7706
f 7705 7772 7773
f 7706 7774 7707
f 7706 7773 7774
f 7707 7775 7708
f 7707 7774 7775
f 7708 7776 7709
f 7708 7775 7776
f 7709 7777 7710
f 7709 7776 7777
f 7710 7778 7711
f 7710 7777 7778
f 7711 7779 7712
f 7711 7778 7779
f 7712 7780 7713
f 7712 7779 7780
f 7713 7781 7714
f 7713 7780 7781
f 7714 7782 7715
f 7714 7781 7782
f 7715 7783 7716
f 7715 7782 7783
f 7716 7784 7717
f 7716 7783 7784
f 7717 7785 7718
f 7717 7784 7785
f 7718 7786 7719
f 7718 7785 7786
f 7719 7787 7720
f 7719 7786 7787
f 7720 7788 7721
f 7720 7787 7788
f 7721 7789 7722
f 7721 7788 7789
f 7789 7077 7075
f 7789 7075 7722
f 7078 7790 7723
f 7078 7723 7076
f 7724 7723 7791
f 7791 7723 7790
f 7794 7793 7792
f 7794 7792 7726
f 7792 7725 7726
f 7792 7795 7725
f 7725 7796 7727
f 7725 7795 7796
f 7727 7797 7728
f 7727 7796 7797
f 7728 7798 7729
f 7728 7797 7798
f 7729 7799 7730
f 7729 7798 7799
f 7730 7800 7731
f 7730 7799 7800
f 7731 7801 7732
f 7731 7800 7801
f 7732 7802 7733
f 7732 7801 7802
f 7733 7803 7734
f 7733 7802 7803
f 7734 7804 7735
f 7734 7803 7804
f 7735 7805 7736
f 7735 7804 7805
f 7736 7806 7737
f 7736 7805 7806
f 7737 7807 7738
f 7737 7806 7807
f 7738 7808 7739
f 7738 7807 7808
f 7739 7809 7740
f 7739 7808 7809
f 7740 7810 7741
f 7740 7809 7810
f 7741 7811 7742
f 7741 7810 7811
f 7742 7812 7743
f 7742 7811 7812
f 7743 7813 7744
f 7743 7812 7813
f 7744 7814 7745
f 7744 7813 7814
f 7745 7815 7746
f 7745 7814 7815
f 7746 7816 7747
f 7746 7815 7816
f 7747 7817 7748
f 7747 7816 7817
f 7748 7818 7749
f 7748 7817 7818
f 7749 7819 7750
f 7749 7818 7819
f 7750 7820 7751
f 7750 7819 7820
f 7751 7821 7752
f 7751 7820 7821
f 7752 7822 7753
f 7752 7821 7822
f 7753 7823 7754
f 7753 7822 7823
f 7754 7824 7755
f 7754 7823 7824
f 7755 7825 7756
f 7755 7824 7825
f 7756 7826 7757
f 7756 7825 7826
f 7757 7827 7758
f 7757 7826 7827
f 7758 7828 7759
f 7758 7827 7828
f 7759 7829 7760
f 7759 7828 7829
f 7760 7830 7761
f 7760 7829 7830
f 7761 7831 7762
f 7761 7830 7831
f 7762 7832 7763
f 7762 7831 7832
f 7763 7833 7764
f 7763 7832 7833
f 7764 7834 7765
f 7764 7833 7834
f 7765 7835 7766
f 7765 7834 7835
f 7766 7836 7767
f 7766 7835 7836
f 7767 7837 7768
f 7767 7836 7837
f 7768 7838 7769
f 7768 7837 7838
f 7769 7839 7770
f 7769 7838 7839
f 7770 7840 7771
f 7770 7839 7840
f 7771 7841 7772
f 7771 7840 7841
f 7772 7842 7773
f 7772 7841 7842
f 7773 7843 7774
f 7773 7842 7843
f 7774 7844 7775
f 7774 7843 7844
f 7775 7845 7776
f 7775 7844 7845
f 7776 7846 7777
f 7776 7845 7846
f 7777 7847 7778
f 7777 7846 7847
f 7778 7848 7779
f 7778 7847 7848
f 7779 7849 7780
f 7779 7848 7849
f 7780 7850 7781
f 7780 7849 7850
f 7781 7851 7782
f 7781 7850 7851
f 7782 7852 7783
f 7782 7851 7852
f 7783 7853 7784
f 7783 7852 7853
f 7784 7854 7785
f 7784 7853 7854
f 7785 7855 7786
f 7785 7854 7855
f 7786 7856 7787
f 7786 7855 7856
f 7787 7857 7788
f 7787 7856 7857
f 7788 7858 7789
f 7788 7857 7858
f 7858 7079 7077
f 7858 7077 7789
f 7080 7859 7790
f 7080 7790 7078
f 7791 7790 7860
f 7790 7861 7860
f 7790 7859 7861
f 7863 7862 7861
f 7861 7862 7860
f 7862 7863 7793
f 7863 7792 7793
f 7863 7864 7792
f 7792 7865 7795
f 7792 7864 7865
f 7795 7866 7796
f 7795 7865 7866
f 7796 7867 7797
f 7796 7866 7867
f 7797 7868 7798
f 7797 7867 7868
f 7798 7869 7799
f 7798 7868 7869
f 7799 7870 7800
f 7799 7869 7870
f 7800 7871 7801
f 7800 7870 7871
f 7801 7872 7802
f 7801 7871 7872
f 7802 7873 7803
f 7802 7872 7873
f 7803 7874 7804
f 7803 7873 7874
f 7804 7875 7805
f 7804 7874 7875
f 7805 7876 7806
f 7805 7875 7876
f 7806 7877 7807
f 7806 7876 7877
f 7807 7878 7808
f 7807 7877 7878
f 7808 7879 7809
f 7808 7878 7879
f 7809 7880 7810
f 7809 7879 7880
f 7810 7881 7811
f 7810 7880 7881
f 7811 7882 7812
f 7811 7881 7882
f 7812 7883 7813
f 7812 7882 7883
f 7813 7884 7814
f 7813 7883 7884
f 7814 7885 7815
f 7814 7884 7885
f 7815 7886 7816
f 7815 7885 7886
f 7816 7887 7817
f 7816 7886 7887
f 7817 7888 7818
f 7817 7887 7888
f 7818 7889 7819
f 7818 7888 7889
f 7819 7890 7820
f 7819 7889 7890
f 7820 7891 7821
f 7820 7890 7891
f 7821 7892 7822
f 7821 7891 7892
f 7822 7893 7823
f 7822 7892 7893
f 7823 7894 7824
f 7823 7893 7894
f 7824 7895 7825
f 7824 7894 7895
f 7825 7896 7826
f 7825 7895 7896
f 7826 7897 7827
f 7826 7896 7897
f 7827 7898 7828
f 7827 7897 7898
f 7828 7899 7829
f 7828 7898 7899
f 7829 7900 7830
f 7829 7899 7900
f 7830 7901 7831
f 7830 7900 7901
f 7831 7902 7832
f 7831 7901 7902
f 7832 7903 7833
f 7832 7902 7903
f 7833 7904 7834
f 7833 7903 7904
f 7834 7905 7835
f 7834 7904 7905
f 7835 7906 7836
f 7835 7905 7906
f 7836 7907 7837
f 7836 7906 7907
f 7837 7908 7838
f 7837 7907 7908
f 7838 7909 7839
f 7838 7908 7909
f 7839 7910 7840
f 7839 7909 7910
f 7840 7911 7841
f 7840 7910 7911
f 7841 7912 7842
f 7841 7911 7912
f 7842 7913 7843
f 7842 7912 7913
f 7843 7914 7844
f 7843 7913 7914
f 7844 7915 7845
f 7844 7914 7915
f 7845 7916 7846
f 7845 7915 7916
f 7846 7917 7847
f 7846 7916 7917
f 7847 7918 7848
f 7847 7917 7918
f 7848 7919 7849
f 7848 7918 7919
f 7849 7920 7850
f 7849 7919 7920
f 7850 7921 7851
f 7850 7920 7921
f 7851 7922 7852
f 7851 7921 7922
f 7852 7923 7853
f 7852 7922 7923
f 7853 7924 7854
f 7853 7923 7924
f 7854 7925 7855
f 7854 7924 7925
f 7855 7926 7856
f 7855 7925 7926
f 7856 7927 7857
f 7856 7926 7927
f 7857 7928 7858
f 7857 7927 7928
f 7928 7081 7079
f 7928 7079 7858
f 7082 7929 7859
f 7082 7859 7080
f 7859 7930 7861
f 7859 7929 7930
f 7861 7931 7863
f 7861 7930 7931
f 7863 7932 7864
f 7863 7931 7932
f 7864 7933 7865
f 7864 7932 7933
f 7865 7934 7866
f 7865 7933 7934
f 7866 7935 7867
f 7866 7934 7935
f 7867 7936 7868
f 7867 7935 7936
f 7868 7937 7869
f 7868 7936 7937
f 7869 7938 7870
f 7869 7937 7938
f 7870 7939 7871
f 7870 7938 7939
f 7871 7940 7872
f 7871 7939 7940
f 7872 7941 7873
f 7872 7940 7941
f 7873 7942 7874
f 7873 7941 7942
f 7874 7943 7875
f 7874 7942 7943
f 7875 7944 7876
f 7875 7943 7944
f 7876 7945 7877
f 7876 7944 7945
f 7877 7946 7878
f 7877 7945 7946
f 7878 7947 7879
f 7878 7946 7947
f 7879 7948 7880
f 7879 7947 7948
f 7880 7949 7881
f 7880 7948 7949
f 7881 7950 7882
f 7881 7949 7950
f 7882 7951 7883
f 7882 7950 7951
f 7883 7952 7884
f 7883 7951 7952
f 7884 7953 7885
f 7884 7952 7953
f 7885 7954 7886
f 7885 7953 7954
f 7886 7955 7887
f 7886 7954 7955
f 7887 7956 7888
f 7887 7955 7956
f 7888 7957 7889
f 7888 7956 7957
f 7889 7958 7890
f 7889 7957 7958
f 7890 7959 7891
f 7890 7958 7959
f 7891 7960 7892
f 7891 7959 7960
f 7892 7961 7893
f 7892 7960 7961
f 7893 7962 7894
f 7893 7961 7962
f 7894 7963 7895
f 7894 7962 7963
f 7895 7964 7896
f 7895 7963 7964
f 7896 7965 7897
f 7896 7964 7965
f 7897 7966 7898
f 7897 7965 7966
f 7898 7967 7899
f 7898 7966 7967
f 7899 7968 7900
f 7899 7967 7968
f 7900 7969 7901
f 7900 7968 7969
f 7901 7970 7902
f 7901 7969 7970
f 7902 7971 7903
f 7902 7970 7971
f 7903 7972 7904
f 7903 7971 7972
f 7904 7973 7905
f 7904 7972 7973
f 7905 7974 7906
f 7905 7973 7974
f 7906 7975 7907
f 7906 7974 7975
f 7907 7976 7908
f 7907 7975 7976
f 7908 7977 7909
f 7908 7976 7977
f 7909 7978 7910
f 7909 7977 7978
f 7910 7979 7911
f 7910 7978 7979
f 7911 7980 7912
f 7911 7979 7980
f 7912 7981 7913
f 7912 7980 7981
f 7913 7982 7914
f 7913 7981 7982
f 7914 7983 7915
f 7914 7982 7983
f 7915 7984 7916
f 7915 7983 7984
f 7916 7985 7917
f 7916 7984 7985
f 7917 7986 7918
f 7917 7985 7986
f 7918 7987 7919
f 7918 7986 7987
f 7919 7988 7920
f 7919 7987 7988
f 7920 7989 7921
f 7920 7988 7989
f 7921 7990 7922
f 7921 7989 7990
f 7922 7991 7923
f 7922 7990 7991
f 7923 7992 7924
f 7923 7991 7992
f 7924 7993 7925
f 7924 7992 7993
f 7925 7994 7926
f 7925 7993 7994
f 7926 7995 7927
f 7926 7994 7995
f 7927 7996 7928
f 7927 7995 7996
f 7996 7083 7081
f 7996 7081 7928
f 7084 7997 7929
f 7084 7929 7082
f 7929 7998 7930
f 7929 7997 7998
f 7930 7999 7931
f 7930 7998 7999
f 7931 8000 7932
f 7931 7999 8000
f 7932 8001 7933
f 7932 8000 8001
f 7933 8002 7934
f 7933 8001 8002
f 7934 8003 7935
f 7934 8002 8003
f 7935 8004 7936
f 7935 8003 8004
f 7936 8005 7937
f 7936 8004 8005
f 7937 8006 7938
f 7937 8005 8006
f 7938 8007 7939
f 7938 8006 8007
f 7939 8008 7940
f 7939 8007 8008
f 7940 8009 7941
f 7940 8008 8009
f 7941 8010 7942
f 7941 8009 8010
f 7942 8011 7943
f 7942 8010 8011
f 7943 8012 7944
f 7943 8011 8012
f 7944 8013 7945
f 7944 8012 8013
f 7945 8014 7946
f 7945 8013 8014
f 7946 8015 7947
f 7946 8014 8015
f 7947 8016 7948
f 7947 8015 8016
f 7948 8017 7949
f 7948 8016 8017
f 7949 8018 7950
f 7949 8017 8018
f 7950 8019 7951
f 7950 8018 8019
f 7951 8020 7952
f 7951 8019 8020
f 7952 8021 7953
f 7952 8020 8021
f 7953 8022 7954
f 7953 8021 8022
f 7954 8023 7955
f 7954 8022 8023
f 7955 8024 7956
f 7955 8023 8024
f 7956 8025 7957
f 7956 8024 8025
f 7957 8026 7958
f 7957 8025 8026
f 7958 8027 7959
f 7958 8026 8027
f 7959 8028 7960
f 7959 8027 8028
f 7960 8029 7961
f 7960 8028 8029
f 7961 8030 7962
f 7961 8029 8030
f 7962 8031 7963
f 7962 8030 8031
f 7963 8032 7964
f 7963 8031 8032
f 7964 8033 7965
f 7964 8032 8033
f 7965 8034 7966
f 7965 8033 8034
f 7966 8035 7967
f 7966 8034 8035
f 7967 8036 7968
f 7967 8035 8036
f 7968 8037 7969
f 7968 8036 8037
f 7969 8038 7970
f 7969 8037 8038
f 7970 8039 7971
f 7970 8038 8039
f 7971 8040 7972
f 7971 8039 8040
f 7972 8041 7973
f 7972 8040 8041
f 7973 8042 7974
f 7973 8041 8042
f 7974 8043 7975
f 7974 8042 8043
f 7975 8044 7976
f 7975 8043 8044
f 7976 8045 7977
f 7976 8044 8045
f 7977 8046 7978
f 7977 8045 8046
f 7978 8047 7979
f 7978 8046 8047
f 7979 8048 7980
f 7979 8047 8048
f 7980 8049 7981
f 7980 8048 8049
f 7981 8050 7982
f 7981 8049 8050
f 7982 8051 7983
f 7982 8050 8051
f 7983 8052 7984
f 7983 8051 8052
f 7984 8053 7985
f 7984 8052 8053
f 7985 8054 7986
f 7985 8053 8054
f 7986 8055 7987
f 7986 8054 8055
f 7987 8056 7988
f 7987 8055 8056
f 7988 8057 7989
f 7988 8056 8057
f 7989 8058 7990
f 7989 8057 8058
f 7990 8059 7991
f 7990 8058 8059
f 7991 8060 7992
f 7991 8059 8060
f 7992 8061 7993
f 7992 8060 8061
f 7993 8062 7994
f 7993 8061 8062
f 7994 8063 7995
f 7994 8062 8063
f 7995 8064 7996
f 7995 8063 8064
f 8064 7085 7083
f 8064 7083 7996
f 7086 8065 7997
f 7086 7997 7084
f 7997 8066 7998
f 7997 8065 8066
f 7998 8067 7999
f 7998 8066 8067
f 7999 8068 8000
f 7999 8067 8068
f 8000 8069 8001
f 8000 8068 8069
f 8001 8070 8002
f 8001 8069 8070
f 8002 8071 8003
f 8002 8070 8071
f 8003 8072 8004
f 8003 8071 8072
f 8004 8073 8005
f 8004 8072 8073
f 8005 8074 8006
f 8005 8073 8074
f 8006 8075 8007
f 8006 8074 8075
f 8007 8076 8008
f 8007 8075 8076
f 8008 8077 8009
f 8008 8076 8077
f 8009 8078 8010
f 8009 8077 8078
f 8010 8079 8011
f 8010 8078 8079
f 8011 8080 8012
f 8011 8079 8080
f 8012 8081 8013
f 8012 8080 8081
f 8013 8082 8014
f 8013 8081 8082
f 8014 8083 8015
f 8014 8082 8083
f 8015 8084 8016
f 8015 8083 8084
f 8016 8085 8017
f 8016 8084 8085
f 8017 8086 8018
f 8017 8085 8086
f 8018 8087 8019
f 8018 8086 8087
f 8019 8088 8020
f 8019 8087 8088
f 8020 8089 8021
f 8020 8088 8089
f 8021 8090 8022
f 8021 8089 8090
f 8022 8091 8023
f 8022 8090 8091
f 8023 8092 8024
f 8023 8091 8092
f 8024 8093 8025
f 8024 8092 8093
f 8025 8094 8026
f 8025 8093 8094
f 8026 8095 8027
f 8026 8094 8095
f 8027 8096 8028
f 8027 8095 8096
f 8028 8097 8029
f 8028 8096 8097
f 8029 8098 8030
f 8029 8097 8098
f 8030 8099 8031
f 8030 8098 8099
f 8031 8100 8032
f 8031 8099 8100
f 8032 8101 8033
f 8032 8100 8101
f 8033 8102 8034
f 8033 8101 8102
f 8034 8103 8035
f 8034 8102 8103
f 8035 8104 8036
f 8035 8103 8104
f 8036 8105 8037
f 8036 8104 8105
f 8037 8106 8038
f 8037 8105 8106
f 8038 8107 8039
f 8038 8106 8107
f 8039 8108 8040
f 8039 8107 8108
f 8040 8109 8041
f 8040 8108 8109
f 8041 8110 8042
f 8041 8109 8110
f 8042 8111 8043
f 8042 8110 8111
f 8043 8112 8044
f 8043 8111 8112
f 8044 8113 8045
f 8044 8112 8113
f 8045 8114 8046
f 8045 8113 8114
f 8046 8115 8047
f 8046 8114 8115
f 8047 8116 8048
f 8047 8115 8116
f 8048 8117 8049
f 8048 8116 8117
f 8049 8118 8050
f 8049 8117 8118
f 8050 8119 8051
f 8050 8118 8119
f 8051 8120 8052
f 8051 8119 8120
f 8052 8121 8053
f 8052 8120 8121
f 8053 8122 8054
f 8053 8121 8122
f 8054 8123 8055
f 8054 8122 8123
f 8055 8124 8056
f 8055 8123 8124
f 8056 8125 8057
f 8056 8124 8125
f 8057 8126 8058
f 8057 8125 8126
f 8058 8127 8059
f 8058 8126 8127
f 8059 8128 8060
f 8059 8127 8128
f 8060 8129 8061
f 8060 8128 8129
f 8061 8130 8062
f 8061 8129 8130
f 8062 8131 8063
f 8062 8130 8131
f 8131 7088 7089
f 8064 8131 7089
f 8063 8131 8064
f 8064 7089 7085
f 7090 8132 8065
f 7090 8065 7086
f 8065 8133 8066
f 8065 8132 8133
f 8066 8134 8067
f 8066 8133 8134
f 8067 8135 8068
f 8067 8134 8135
f 8068 8136 8069
f 8068 8135 8136
f 8069 8137 8070
f 8069 8136 8137
f 8070 8138 8071
f 8070 8137 8138
f 8071 8139 8072
f 8071 8138 8139
f 8072 8140 8073
f 8072 8139 8140
f 8073 8141 8074
f 8073 8140 8141
f 8074 8142 8075
f 8074 8141 8142
f 8075 8143 8076
f 8075 8142 8143
f 8076 8144 8077
f 8076 8143 8144
f 8077 8145 8078
f 8077 8144 8145
f 8078 8146 8079
f 8078 8145 8146
f 8079 8147 8080
f 8079 8146 8147
f 8080 8148 8081
f 8080 8147 8148
f 8081 8149 8082
f 8081 8148 8149
f 8082 8150 8083
f 8082 8149 8150
f 8083 8151 8084
f 8083 8150 8151
f 8084 8152 8085
f 8084 8151 8152
f 8085 8153 8086
f 8085 8152 8153
f 8086 8154 8087
f 8086 8153 8154
f 8087 8155 8088
f 8087 8154 8155
f 8088 8156 8089
f 8088 8155 8156
f 8089 8157 8090
f 8089 8156 8157
f 8090 8158 8091
f 8090 8157 8158
f 8091 8159 8092
f 8091 8158 8159
f 8161 8093 8160
f 8093 8159 8160
f 8093 8092 8159
f 8093 8161 8094
f 8094 8161 8162
f 8094 8162 8095
f 8095 8162 8163
f 8095 8163 8096
f 8096 8163 8164
f 8096 8164 8097
f 8097 8164 8165
f 8097 8165 8098
f 8098 8165 8166
f 8098 8166 8099
f 8099 8166 8167
f 8099 8167 8100
f 8100 8167 8168
f 8100 8168 8101
f 8101 8168 8169
f 8101 8169 8102
f 8102 8169 8170
f 8102 8170 8103
f 8103 8170 8171
f 8103 8171 8104
f 8104 8171 8172
f 8174 8173 8172
f 8173 8104 8172
f 8173 8105 8104
f 8105 8175 8106
f 8105 8173 8175
f 8106 8176 8107
f 8106 8175 8176
f 8107 8177 8108
f 8107 8176 8177
f 8108 8178 8109
f 8108 8177 8178
f 8109 8179 8110
f 8109 8178 8179
f 8110 8180 8111
f 8110 8179 8180
f 8182 8112 8181
f 8112 8180 8181
f 8112 8111 8180
f 8112 8182 8113
f 8113 8182 8183
f 8113 8183 8114
f 8114 8183 8184
f 8114 8184 8115
f 8115 8184 8185
f 8115 8185 8116
f 8116 8185 8186
f 8116 8186 8117
f 8117 8186 8187
f 8189 8188 8187
f 8188 8117 8187
f 8188 8118 8117
f 8118 8190 8119
f 8118 8188 8190
f 8119 8191 8120
f 8119 8190 8191
f 8120 8192 8121
f 8120 8191 8192
f 8121 8193 8122
f 8121 8192 8193
f 8122 8194 8123
f 8122 8193 8194
f 8123 8195 8124
f 8123 8194 8195
f 8124 8196 8125
f 8124 8195 8196
f 8125 8197 8126
f 8125 8196 8197
f 8126 8198 8127
f 8126 8197 8198
f 8127 8199 8128
f 8127 8198 8199
f 8128 8200 8129
f 8128 8199 8200
f 8129 8201 8130
f 8129 8200 8201
f 8130 8202 8131
f 8130 8201 8202
f 8203 7091 7088
f 8131 8203 7088
f 8202 8203 8131
f 8203 7092 7091
f 7093 8204 8132
f 7093 8132 7090
f 8132 8205 8133
f 8132 8204 8205
f 8133 8206 8134
f 8133 8205 8206
f 8134 8207 8135
f 8134 8206 8207
f 8135 8208 8136
f 8135 8207 8208
f 8136 8209 8137
f 8136 8208 8209
f 8137 8210 8138
f 8137 8209 8210
f 8138 8211 8139
f 8138 8210 8211
f 8139 8212 8140
f 8139 8211 8212
f 8140 8213 8141
f 8140 8212 8213
f 8141 8214 8142
f 8141 8213 8214
f 8142 8215 8143
f 8142 8214 8215
f 8143 8216 8144
f 8143 8215 8216
f 8144 8217 8145
f 8144 8216 8217
f 8145 8218 8146
f 8145 8217 8218
f 8146 8219 8147
f 8146 8218 8219
f 8147 8220 8148
f 8147 8219 8220
f 8148 8221 8149
f 8148 8220 8221
f 8149 8222 8150
f 8149 8221 8222
f 8150 8223 8151
f 8150 8222 8223
f 8151 8224 8152
f 8151 8223 8224
f 8152 8225 8153
f 8152 8224 8225
f 8153 8226 8154
f 8153 8225 8226
f 8154 8227 8155
f 8154 8226 8227
f 8155 8228 8156
f 8155 8227 8228
f 8156 8229 8157
f 8156 8228 8229
f 8157 8230 8158
f 8157 8229 8230
f 8158 8231 8159
f 8158 8230 8231
f 8160 8159 8232
f 8159 8233 8232
f 8159 8231 8233
f 8235 8234 8233
f 8233 8234 8232
f 8237 8236 8235
f 8235 8236 8234
f 8239 8238 8237
f 8237 8238 8236
f 8241 8240 8239
f 8239 8240 8238
f 8243 8242 8241
f 8241 8242 8240
f 8245 8244 8243
f 8243 8244 8242
f 8247 8246 8245
f 8245 8246 8244
f 8249 8248 8247
f 8247 8248 8246
f 8251 8250 8249
f 8249 8250 8248
f 8253 8252 8251
f 8251 8252 8250
f 8255 8254 8253
f 8253 8254 8252
f 8254 8255 8174
f 8255 8173 8174
f 8255 8256 8173
f 8173 8257 8175
f 8173 8256 8257
f 8175 8258 8176
f 8175 8257 8258
f 8176 8259 8177
f 8176 8258 8259
f 8177 8260 8178
f 8177 8259 8260
f 8178 8261 8179
f 8178 8260 8261
f 8179 8262 8180
f 8179 8261 8262
f 8181 8180 8263
f 8180 8264 8263
f 8180 8262 8264
f 8266 8265 8264
f 8264 8265 8263
f 8268 8267 8266
f 8266 8267 8265
f 8270 8269 8268
f 8268 8269 8267
f 8272 8271 8270
f 8270 8271 8269
f 8274 8273 8272
f 8272 8273 8271
f 8273 8274 8189
f 8274 8188 8189
f 8274 8275 8188
f 8188 8276 8190
f 8188 8275 8276
f 8190 8277 8191
f 8190 8276 8277
f 8191 8278 8192
f 8191 8277 8278
f 8192 8279 8193
f 8192 8278 8279
f 8193 8280 8194
f 8193 8279 8280
f 8194 8281 8195
f 8194 8280 8281
f 8195 8282 8196
f 8195 8281 8282
f 8196 8283 8197
f 8196 8282 8283
f 8197 8284 8198
f 8197 8283 8284
f 8198 8285 8199
f 8198 8284 8285
f 8199 8286 8200
f 8199 8285 8286
f 8200 8287 8201
f 8200 8286 8287
f 8201 8288 8202
f 8201 8287 8288
f 8202 8289 8203
f 8202 8288 8289
f 8289 7094 7092
f 8289 7092 8203
f 7095 8204 7093
f 8204 7095 7096
f 8204 7096 8205
f 8205 7096 7097
f 8205 7097 8206
f 8206 7097 7098
f 8206 7098 8207
f 8207 7098 7099
f 8207 7099 8208
f 8208 7099 7100
f 8208 7100 8209
f 8209 7100 7101
f 8209 7101 8210
f 8210 7101 7102
f 8210 7102 8211
f 8211 7102 7103
f 8211 7103 8212
f 8212 7103 7104
f 8212 7104 8213
f 8213 7104 7105
f 8213 7105 8214
f 8214 7105 7106
f 8214 7106 8215
f 8215 7106 7107
f 8215 7107 8216
f 8216 7107 7108
f 8216 7108 8217
f 8217 7108 7109
f 8217 7109 8218
f 8218 7109 7110
f 8218 7110 8219
f 8219 7110 7111
f 8219 7111 8220
f 8220 7111 7112
f 8220 7112 8221
f 8221 7112 7113
f 8221 7113 8222
f 8222 7113 7114
f 8222 7114 8223
f 8223 7114 7115
f 8223 7115 8224
f 8224 7115 7116
f 8224 7116 8225
f 8225 7116 7117
f 8225 7117 8226
f 8226 7117 7118
f 8226 7118 8227
f 8227 7118 7119
f 8227 7119 8228
f 8228 7119 7120
f 8228 7120 8229
f 8229 7120 7121
f 8229 7121 8230
f 8230 7121 7122
f 8230 7122 8231
f 8231 7122 7123
f 8231 7123 8233
f 8233 7123 7124
f 8233 7124 8235
f 8235 7124 7125
f 8235 7125 8237
f 8237 7125 7126
f 8237 7126 8239
f 8239 7126 7127
f 8239 7127 8241
f 8241 7127 7128
f 8241 7128 8243
f 8243 7128 7129
f 8243 7129 8245
f 8245 7129 7130
f 8245 7130 8247
f 8247 7130 7131
f 8247 7131 8249
f 8249 7131 7132
f 8249 7132 8251
f 8251 7132 7133
f 8251 7133 8253
f 8253 7133 7134
f 8253 7134 8255
f 8255 7134 7135
f 8255 7135 8256
f 8256 7135 7136
f 8256 7136 8257
f 8257 7136 7137
f 8257 7137 8258
f 8258 7137 7138
f 8258 7138 8259
f 8259 7138 7139
f 8259 7139 8260
f 8260 7139 7140
f 8260 7140 8261
f 8261 7140 7141
f 8261 7141 8262
f 8262 7141 7142
f 8262 7142 8264
f 8264 7142 7143
f 8264 7143 8266
f 8266 7143 7144
f 8266 7144 8268
f 8268 7144 7145
f 8268 7145 8270
f 8270 7145 7146
f 8270 7146 8272
f 8272 7146 7147
f 8272 7147 8274
f 8274 7147 7148
f 8274 7148 8275
f 8275 7148 7149
f 8275 7149 8276
f 8276 7149 7150
f 8276 7150 8277
f 8277 7150 7151
f 8277 7151 8278
f 8278 7151 7152
f 8278 7152 8279
f 8279 7152 7153
f 8279 7153 8280
f 8280 7153 7154
f 8280 7154 8281
f 8281 7154 7155
f 8281 7155 8282
f 8282 7155 7156
f 8282 7156 8283
f 8283 7156 7157
f 8283 7157 8284
f 8284 7157 7158
f 8284 7158 8285
f 8285 7158 7159
f 8285 7159 8286
f 8286 7159 7160
f 8286 7160 8287
f 8287 7160 7161
f 8287 7161 8288
f 8288 7161 7162
f 8288 7162 8289
f 8289 7162 7094
f 7519 8290 7520
f 8290 7522 7520
f 7588 8291 7589
f 8290 7519 7589
f 8291 8290 7589
f 8292 8290 8291
f 8292 7591 7522
f 8292 7522 8290
f 7656 8293 7657
f 8291 7588 7657
f 8293 8291 7657
f 8294 8291 8293
f 8291 8295 8292
f 8291 8294 8295
f 8295 7659 7591
f 8295 7591 8292
f 7724 8296 8293
f 7724 8293 7656
f 8293 8297 8294
f 8293 8296 8297
f 8294 8298 8295
f 8294 8297 8298
f 8298 7726 7659
f 8298 7659 8295
f 7791 8299 8296
f 7791 8296 7724
f 8296 8300 8297
f 8296 8299 8300
f 8300 7793 7794
f 8298 8300 7794
f 8297 8300 8298
f 8298 7794 7726
f 7860 8299 7791
f 8299 7860 7862
f 8299 7862 8300
f 8300 7862 7793
f 8160 8301 8161
f 8302 8162 8161
f 8302 8161 8301
f 8303 8163 8162
f 8303 8162 8302
f 8304 8164 8163
f 8304 8163 8303
f 8305 8165 8164
f 8305 8164 8304
f 8306 8166 8165
f 8306 8165 8305
f 8307 8167 8166
f 8307 8166 8306
f 8308 8168 8167
f 8308 8167 8307
f 8309 8169 8168
f 8309 8168 8308
f 8310 8170 8169
f 8310 8169 8309
f 8311 8171 8170
f 8311 8170 8310
f 8312 8172 8171
f 8312 8171 8311
f 8312 8174 8172
f 8181 8313 8182
f 8314 8183 8182
f 8314 8182 8313
f 8315 8184 8183
f 8315 8183 8314
f 8316 8185 8184
f 8316 8184 8315
f 8317 8186 8185
f 8317 8185 8316
f 8318 8187 8186
f 8318 8186 8317
f 8318 8189 8187
f 8232 8301 8160
f 8301 8232 8234
f 8301 8234 8302
f 8302 8234 8236
f 8302 8236 8303
f 8303 8236 8238
f 8303 8238 8304
f 8304 8238 8240
f 8304 8240 8305
f 8305 8240 8242
f 8305 8242 8306
f 8306 8242 8244
f 8306 8244 8307
f 8307 8244 8246
f 8307 8246 8308
f 8308 8246 8248
f 8308 8248 8309
f 8309 8248 8250
f 8309 8250 8310
f 8310 8250 8252
f 8310 8252 8311
f 8311 8252 8254
f 8311 8254 8312
f 8312 8254 8174
f 8263 8313 8181
f 8313 8263 8265
f 8313 8265 8314
f 8314 8265 8267
f 8314 8267 8315
f 8315 8267 8269
f 8315 8269 8316
f 8316 8269 8271
f 8316 8271 8317
f 8317 8271 8273
f 8317 8273 8318
f 8318 8273 8189
f 8321 8320 8319
f 8323 8322 8319
f 8323 8319 8320
f 8325 8324 8322
f 8325 8322 8323
f 8327 8326 8324
f 8327 8324 8325
f 8328 8326 8327
f 8331 8330 8329
f 8329 8330 8321
f 8319 8329 8321
f 8332 8329 8319
f 8333 8319 8322
f 8332 8319 8333
f 8334 8322 8324
f 8333 8322 8334
f 8326 8336 8335
f 8334 8326 8335
f 8324 8326 8334
f 8336 8326 8328
f 8331 8329 8337
f 8331 8337 8338
f 8339 8329 8332
f 8337 8329 8339
f 8340 8332 8333
f 8339 8332 8340
f 8334 8342 8341
f 8340 8334 8341
f 8333 8334 8340
f 8342 8334 8335
f 8343 8338 8337
f 8343 8337 8339
f 8343 8339 8344
f 8344 8339 8340
f 8344 8340 8345
f 8345 8340 8341
f 8348 8347 8346
f 8349 8346 8347
f 8348 8346 8350
f 8348 8350 8351
f 8346 8349 8352
f 8346 8352 8350
f 8353 8351 8350
f 8353 8350 8352
f 8356 8355 8354
f 8358 8357 8354
f 8358 8354 8355
f 8359 8357 8358
f 8362 8361 8360
f 8364 8363 8360
f 8364 8360 8361
f 8366 8365 8363
f 8366 8363 8364
f 8368 8367 8365
f 8368 8365 8366
f 8370 8369 8367
f 8370 8367 8368
f 8371 8369 8370
f 8374 8373 8372
f 8376 8375 8372
f 8376 8372 8373
f 8378 8377 8375
f 8378 8375 8376
f 8380 8379 8377
f 8380 8377 8378
f 8382 8381 8379
f 8382 8379 8380
f 8384 8383 8381
f 8384 8381 8382
f 8386 8385 8383
f 8386 8383 8384
f 8388 8387 8385
f 8388 8385 8386
f 8387 8388 8356
f 8354 8387 8356
f 8389 8387 8354
f 8390 8354 8357
f 8389 8354 8390
f 8357 8359 8391
f 8392 8357 8391
f 8390 8357 8392
f 8394 8393 8392
f 8394 8392 8391
f 8395 8393 8394
f 8398 8397 8396
f 8396 8397 8362
f 8360 8396 8362
f 8399 8396 8360
f 8400 8360 8363
f 8399 8360 8400
f 8401 8363 8365
f 8400 8363 8401
f 8402 8365 8367
f 8401 8365 8402
f 8403 8367 8369
f 8402 8367 8403
f 8369 8371 8404
f 8369 8404 8403
f 8405 8374 8372
f 8405 8372 8375
f 8405 8375 8406
f 8406 8375 8377
f 8406 8377 8407
f 8407 8377 8379
f 8407 8379 8408
f 8410 8409 8408
f 8379 8410 8408
f 8381 8410 8379
f 8411 8381 8383
f 8410 8381 8411
f 8385 8413 8412
f 8411 8385 8412
f 8383 8385 8411
f 8413 8385 8387
f 8413 8387 8414
f 8414 8387 8389
f 8414 8389 8415
f 8415 8389 8390
f 8415 8390 8416
f 8416 8390 8392
f 8416 8392 8417
f 8417 8392 8393
f 8417 8393 8418
f 8418 8393 8395
f 8421 8420 8419
f 8419 8420 8398
f 8396 8419 8398
f 8422 8419 8396
f 8423 8396 8399
f 8422 8396 8423
f 8424 8399 8400
f 8423 8399 8424
f 8425 8400 8401
f 8424 8400 8425
f 8426 8401 8402
f 8425 8401 8426
f 8427 8402 8403
f 8426 8402 8427
f 8403 8404 8428
f 8403 8428 8427
f 8429 8409 8410
f 8429 8410 8411
f 8429 8411 8430
f 8430 8411 8412
f 8431 8421 8419
f 8431 8419 8422
f 8431 8422 8432
f 8432 8422 8423
f 8432 8423 8433
f 8433 8423 8424
f 8433 8424 8434
f 8434 8424 8425
f 8434 8425 8435
f 8435 8425 8426
f 8435 8426 8436
f 8436 8426 8427
f 8436 8427 8437
f 8437 8427 8428
f 8440 8439 8438
f 8442 8441 8438
f 8442 8438 8439
f 8444 8443 8441
f 8444 8441 8442
f 8445 8443 8444
f 8440 8438 8446
f 8440 8446 8447
f 8448 8438 8441
f 8446 8438 8448
f 8443 8450 8449
f 8448 8443 8449
f 8441 8443 8448
f 8450 8443 8445
f 8451 8447 8446
f 8451 8446 8448
f 8451 8448 8452
f 8452 8448 8449
f 8455 8454 8453
f 8457 8456 8453
f 8457 8453 8454
f 8459 8458 8456
f 8459 8456 8457
f 8461 8460 8458
f 8461 8458 8459
f 8463 8462 8460
f 8463 8460 8461
f 8465 8464 8462
f 8465 8462 8463
f 8467 8466 8464
f 8467 8464 8465
f 8469 8468 8466
f 8469 8466 8467
f 8471 8470 8468
f 8471 8468 8469
f 8473 8472 8470
f 8473 8470 8471
f 8475 8474 8472
f 8475 8472 8473
f 8477 8476 8474
f 8477 8474 8475
f 8479 8478 8476
f 8479 8476 8477
f 8481 8480 8478
f 8481 8478 8479
f 8483 8482 8480
f 8483 8480 8481
f 8485 8484 8482
f 8485 8482 8483
f 8487 8486 8484
f 8487 8484 8485
f 8489 8488 8486
f 8489 8486 8487
f 8491 8490 8488
f 8491 8488 8489
f 8493 8492 8490
f 8493 8490 8491
f 8495 8494 8492
f 8495 8492 8493
f 8497 8496 8494
f 8497 8494 8495
f 8499 8498 8496
f 8499 8496 8497
f 8501 8500 8498
f 8501 8498 8499
f 8503 8502 8500
f 8503 8500 8501
f 8505 8504 8502
f 8505 8502 8503
f 8507 8506 8504
f 8507 8504 8505
f 8509 8508 8506
f 8509 8506 8507
f 8511 8510 8508
f 8511 8508 8509
f 8513 8512 8510
f 8513 8510 8511
f 8515 8514 8512
f 8515 8512 8513
f 8517 8516 8514
f 8517 8514 8515
f 8519 8518 8516
f 8519 8516 8517
f 8521 8520 8518
f 8521 8518 8519
f 8523 8522 8520
f 8523 8520 8521
f 8525 8524 8522
f 8525 8522 8523
f 8527 8526 8524
f 8527 8524 8525
f 8529 8528 8526
f 8529 8526 8527
f 8531 8530 8528
f 8531 8528 8529
f 8533 8532 8530
f 8533 8530 8531
f 8535 8534 8532
f 8535 8532 8533
f 8537 8536 8534
f 8537 8534 8535
f 8539 8538 8536
f 8539 8536 8537
f 8541 8540 8538
f 8541 8538 8539
f 8543 8542 8540
f 8543 8540 8541
f 8545 8544 8542
f 8545 8542 8543
f 8547 8546 8544
f 8547 8544 8545
f 8549 8548 8546
f 8549 8546 8547
f 8551 8550 8548
f 8551 8548 8549
f 8553 8552 8550
f 8553 8550 8551
f 8554 8552 8553
f 8557 8556 8555
f 8559 8558 8555
f 8559 8555 8556
f 8561 8560 8558
f 8561 8558 8559
f 8562 8560 8561
f 8565 8564 8563
f 8567 8566 8563
f 8567 8563 8564
f 8569 8568 8566
f 8569 8566 8567
f 8568 8569 8455
f 8453 8568 8455
f 8570 8568 8453
f 8571 8453 8456
f 8570 8453 8571
f 8572 8456 8458
f 8571 8456 8572
f 8573 8458 8460
f 8572 8458 8573
f 8574 8460 8462
f 8573 8460 8574
f 8575 8462 8464
f 8574 8462 8575
f 8576 8464 8466
f 8575 8464 8576
f 8577 8466 8468
f 8576 8466 8577
f 8578 8468 8470
f 8577 8468 8578
f 8579 8470 8472
f 8578 8470 8579
f 8580 8472 8474
f 8579 8472 8580
f 8581 8474 8476
f 8580 8474 8581
f 8582 8476 8478
f 8581 8476 8582
f 8583 8478 8480
f 8582 8478 8583
f 8584 8480 8482
f 8583 8480 8584
f 8585 8482 8484
f 8584 8482 8585
f 8586 8484 8486
f 8585 8484 8586
f 8587 8486 8488
f 8586 8486 8587
f 8588 8488 8490
f 8587 8488 8588
f 8589 8490 8492
f 8588 8490 8589
f 8590 8492 8494
f 8589 8492 8590
f 8591 8494 8496
f 8590 8494 8591
f 8592 8496 8498
f 8591 8496 8592
f 8593 8498 8500
f 8592 8498 8593
f 8594 8500 8502
f 8593 8500 8594
f 8595 8502 8504
f 8594 8502 8595
f 8596 8504 8506
f 8595 8504 8596
f 8597 8506 8508
f 8596 8506 8597
f 8598 8508 8510
f 8597 8508 8598
f 8599 8510 8512
f 8598 8510 8599
f 8600 8512 8514
f 8599 8512 8600
f 8601 8514 8516
f 8600 8514 8601
f 8602 8516 8518
f 8601 8516 8602
f 8603 8518 8520
f 8602 8518 8603
f 8604 8520 8522
f 8603 8520 8604
f 8605 8522 8524
f 8604 8522 8605
f 8606 8524 8526
f 8605 8524 8606
f 8607 8526 8528
f 8606 8526 8607
f 8608 8528 8530
f 8607 8528 8608
f 8609 8530 8532
f 8608 8530 8609
f 8610 8532 8534
f 8609 8532 8610
f 8611 8534 8536
f 8610 8534 8611
f 8612 8536 8538
f 8611 8536 8612
f 8613 8538 8540
f 8612 8538 8613
f 8614 8540 8542
f 8613 8540 8614
f 8615 8542 8544
f 8614 8542 8615
f 8616 8544 8546
f 8615 8544 8616
f 8617 8546 8548
f 8616 8546 8617
f 8618 8548 8550
f 8617 8548 8618
f 8619 8550 8552
f 8618 8550 8619
f 8552 8554 8620
f 8621 8552 8620
f 8619 8552 8621
f 8623 8622 8621
f 8623 8621 8620
f 8625 8624 8622
f 8625 8622 8623
f 8627 8626 8624
f 8627 8624 8625
f 8629 8628 8626
f 8629 8626 8627
f 8631 8630 8628
f 8631 8628 8629
f 8633 8632 8630
f 8633 8630 8631
f 8632 8633 8557
f 8555 8632 8557
f 8634 8632 8555
f 8635 8555 8558
f 8634 8555 8635
f 8636 8558 8560
f 8635 8558 8636
f 8560 8562 8637
f 8638 8560 8637
f 8636 8560 8638
f 8640 8639 8638
f 8640 8638 8637
f 8642 8641 8639
f 8642 8639 8640
f 8644 8643 8641
f 8644 8641 8642
f 8646 8645 8643
f 8646 8643 8644
f 8647 8645 8646
f 8565 8563 8648
f 8565 8648 8649
f 8650 8563 8566
f 8648 8563 8650
f 8651 8566 8568
f 8650 8566 8651
f 8652 8568 8570
f 8651 8568 8652
f 8653 8570 8571
f 8652 8570 8653
f 8654 8571 8572
f 8653 8571 8654
f 8655 8572 8573
f 8654 8572 8655
f 8656 8573 8574
f 8655 8573 8656
f 8657 8574 8575
f 8656 8574 8657
f 8658 8575 8576
f 8657 8575 8658
f 8659 8576 8577
f 8658 8576 8659
f 8660 8577 8578
f 8659 8577 8660
f 8661 8578 8579
f 8660 8578 8661
f 8662 8579 8580
f 8661 8579 8662
f 8663 8580 8581
f 8662 8580 8663
f 8664 8581 8582
f 8663 8581 8664
f 8665 8582 8583
f 8664 8582 8665
f 8666 8583 8584
f 8665 8583 8666
f 8667 8584 8585
f 8666 8584 8667
f 8668 8585 8586
f 8667 8585 8668
f 8669 8586 8587
f 8668 8586 8669
f 8670 8587 8588
f 8669 8587 8670
f 8671 8588 8589
f 8670 8588 8671
f 8672 8589 8590
f 8671 8589 8672
f 8673 8590 8591
f 8672 8590 8673
f 8674 8591 8592
f 8673 8591 8674
f 8675 8592 8593
f 8674 8592 8675
f 8676 8593 8594
f 8675 8593 8676
f 8677 8594 8595
f 8676 8594 8677
f 8678 8595 8596
f 8677 8595 8678
f 8679 8596 8597
f 8678 8596 8679
f 8680 8597 8598
f 8679 8597 8680
f 8681 8598 8599
f 8680 8598 8681
f 8682 8599 8600
f 8681 8599 8682
f 8683 8600 8601
f 8682 8600 8683
f 8684 8601 8602
f 8683 8601 8684
f 8685 8602 8603
f 8684 8602 8685
f 8686 8603 8604
f 8685 8603 8686
f 8687 8604 8605
f 8686 8604 8687
f 8688 8605 8606
f 8687 8605 8688
f 8689 8606 8607
f 8688 8606 8689
f 8690 8607 8608
f 8689 8607 8690
f 8691 8608 8609
f 8690 8608 8691
f 8692 8609 8610
f 8691 8609 8692
f 8693 8610 8611
f 8692 8610 8693
f 8694 8611 8612
f 8693 8611 8694
f 8695 8612 8613
f 8694 8612 8695
f 8696 8613 8614
f 8695 8613 8696
f 8697 8614 8615
f 8696 8614 8697
f 8698 8615 8616
f 8697 8615 8698
f 8699 8616 8617
f 8698 8616 8699
f 8700 8617 8618
f 8699 8617 8700
f 8701 8618 8619
f 8700 8618 8701
f 8702 8619 8621
f 8701 8619 8702
f 8703 8621 8622
f 8702 8621 8703
f 8704 8622 8624
f 8703 8622 8704
f 8705 8624 8626
f 8704 8624 8705
f 8706 8626 8628
f 8705 8626 8706
f 8707 8628 8630
f 8706 8628 8707
f 8708 8630 8632
f 8707 8630 8708
f 8709 8632 8634
f 8708 8632 8709
f 8710 8634 8635
f 8709 8634 8710
f 8711 8635 8636
f 8710 8635 8711
f 8712 8636 8638
f 8711 8636 8712
f 8713 8638 8639
f 8712 8638 8713
f 8714 8639 8641
f 8713 8639 8714
f 8715 8641 8643
f 8714 8641 8715
f 8716 8643 8645
f 8715 8643 8716
f 8645 8647 8717
f 8645 8717 8716
f 8649 8648 8718
f 8649 8718 8719
f 8720 8648 8650
f 8718 8648 8720
f 8721 8650 8651
f 8720 8650 8721
f 8722 8651 8652
f 8721 8651 8722
f 8723 8652 8653
f 8722 8652 8723
f 8724 8653 8654
f 8723 8653 8724
f 8725 8654 8655
f 8724 8654 8725
f 8726 8655 8656
f 8725 8655 8726
f 8727 8656 8657
f 8726 8656 8727
f 8728 8657 8658
f 8727 8657 8728
f 8729 8658 8659
f 8728 8658 8729
f 8730 8659 8660
f 8729 8659 8730
f 8731 8660 8661
f 8730 8660 8731
f 8732 8661 8662
f 8731 8661 8732
f 8733 8662 8663
f 8732 8662 8733
f 8734 8663 8664
f 8733 8663 8734
f 8735 8664 8665
f 8734 8664 8735
f 8736 8665 8666
f 8735 8665 8736
f 8737 8666 8667
f 8736 8666 8737
f 8738 8667 8668
f 8737 8667 8738
f 8739 8668 8669
f 8738 8668 8739
f 8740 8669 8670
f 8739 8669 8740
f 8741 8670 8671
f 8740 8670 8741
f 8742 8671 8672
f 8741 8671 8742
f 8743 8672 8673
f 8742 8672 8743
f 8744 8673 8674
f 8743 8673 8744
f 8745 8674 8675
f 8744 8674 8745
f 8746 8675 8676
f 8745 8675 8746
f 8747 8676 8677
f 8746 8676 8747
f 8748 8677 8678
f 8747 8677 8748
f 8749 8678 8679
f 8748 8678 8749
f 8750 8679 8680
f 8749 8679 8750
f 8751 8680 8681
f 8750 8680 8751
f 8752 8681 8682
f 8751 8681 8752
f 8753 8682 8683
f 8752 8682 8753
f 8754 8683 8684
f 8753 8683 8754
f 8755 8684 8685
f 8754 8684 8755
f 8756 8685 8686
f 8755 8685 8756
f 8757 8686 8687
f 8756 8686 8757
f 8758 8687 8688
f 8757 8687 8758
f 8759 8688 8689
f 8758 8688 8759
f 8760 8689 8690
f 8759 8689 8760
f 8761 8690 8691
f 8760 8690 8761
f 8762 8691 8692
f 8761 8691 8762
f 8763 8692 8693
f 8762 8692 8763
f 8764 8693 8694
f 8763 8693 8764
f 8765 8694 8695
f 8764 8694 8765
f 8766 8695 8696
f 8765 8695 8766
f 8767 8696 8697
f 8766 8696 8767
f 8768 8697 8698
f 8767 8697 8768
f 8769 8698 8699
f 8768 8698 8769
f 8770 8699 8700
f 8769 8699 8770
f 8771 8700 8701
f 8770 8700 8771
f 8772 8701 8702
f 8771 8701 8772
f 8773 8702 8703
f 8772 8702 8773
f 8774 8703 8704
f 8773 8703 8774
f 8775 8704 8705
f 8774 8704 8775
f 8321 8775 8320
f 8775 8706 8320
f 8775 8705 8706
f 8320 8706 8323
f 8323 8706 8707
f 8323 8707 8325
f 8325 8707 8708
f 8325 8708 8327
f 8327 8708 8709
f 8327 8709 8328
f 8709 8776 8328
f 8709 8710 8776
f 8777 8710 8711
f 8776 8710 8777
f 8778 8711 8712
f 8777 8711 8778
f 8779 8712 8713
f 8778 8712 8779
f 8780 8713 8714
f 8779 8713 8780
f 8781 8714 8715
f 8780 8714 8781
f 8782 8715 8716
f 8781 8715 8782
f 8716 8717 8783
f 8716 8783 8782
f 8719 8718 8784
f 8719 8784 8785
f 8786 8718 8720
f 8784 8718 8786
f 8787 8720 8721
f 8786 8720 8787
f 8788 8721 8722
f 8787 8721 8788
f 8789 8722 8723
f 8788 8722 8789
f 8790 8723 8724
f 8789 8723 8790
f 8791 8724 8725
f 8790 8724 8791
f 8792 8725 8726
f 8791 8725 8792
f 8793 8726 8727
f 8792 8726 8793
f 8794 8727 8728
f 8793 8727 8794
f 8795 8728 8729
f 8794 8728 8795
f 8796 8729 8730
f 8795 8729 8796
f 8797 8730 8731
f 8796 8730 8797
f 8798 8731 8732
f 8797 8731 8798
f 8799 8732 8733
f 8798 8732 8799
f 8800 8733 8734
f 8799 8733 8800
f 8801 8734 8735
f 8800 8734 8801
f 8802 8735 8736
f 8801 8735 8802
f 8803 8736 8737
f 8802 8736 8803
f 8804 8737 8738
f 8803 8737 8804
f 8805 8738 8739
f 8804 8738 8805
f 8806 8739 8740
f 8805 8739 8806
f 8807 8740 8741
f 8806 8740 8807
f 8808 8741 8742
f 8807 8741 8808
f 8809 8742 8743
f 8808 8742 8809
f 8810 8743 8744
f 8809 8743 8810
f 8811 8744 8745
f 8810 8744 8811
f 8812 8745 8746
f 8811 8745 8812
f 8813 8746 8747
f 8812 8746 8813
f 8814 8747 8748
f 8813 8747 8814
f 8815 8748 8749
f 8814 8748 8815
f 8816 8749 8750
f 8815 8749 8816
f 8817 8750 8751
f 8816 8750 8817
f 8818 8751 8752
f 8817 8751 8818
f 8819 8752 8753
f 8818 8752 8819
f 8820 8753 8754
f 8819 8753 8820
f 8821 8754 8755
f 8820 8754 8821
f 8822 8755 8756
f 8821 8755 8822
f 8823 8756 8757
f 8822 8756 8823
f 8824 8757 8758
f 8823 8757 8824
f 8825 8758 8759
f 8824 8758 8825
f 8826 8759 8760
f 8825 8759 8826
f 8827 8760 8761
f 8826 8760 8827
f 8828 8761 8762
f 8827 8761 8828
f 8829 8762 8763
f 8828 8762 8829
f 8830 8763 8764
f 8829 8763 8830
f 8831 8764 8765
f 8830 8764 8831
f 8832 8765 8766
f 8831 8765 8832
f 8833 8766 8767
f 8832 8766 8833
f 8834 8767 8768
f 8833 8767 8834
f 8835 8768 8769
f 8834 8768 8835
f 8836 8769 8770
f 8835 8769 8836
f 8837 8770 8771
f 8836 8770 8837
f 8838 8771 8772
f 8837 8771 8838
f 8839 8772 8773
f 8838 8772 8839
f 8840 8773 8774
f 8839 8773 8840
f 8331 8840 8330
f 8840 8775 8330
f 8840 8774 8775
f 8330 8775 8321
f 8841 8335 8336
f 8328 8776 8336
f 8776 8841 8336
f 8776 8842 8841
f 8843 8776 8777
f 8842 8776 8843
f 8844 8777 8778
f 8843 8777 8844
f 8845 8778 8779
f 8844 8778 8845
f 8846 8779 8780
f 8845 8779 8846
f 8847 8780 8781
f 8846 8780 8847
f 8848 8781 8782
f 8847 8781 8848
f 8782 8783 8849
f 8782 8849 8848
f 8785 8784 8850
f 8785 8850 8851
f 8852 8784 8786
f 8850 8784 8852
f 8853 8786 8787
f 8852 8786 8853
f 8854 8787 8788
f 8853 8787 8854
f 8855 8788 8789
f 8854 8788 8855
f 8856 8789 8790
f 8855 8789 8856
f 8857 8790 8791
f 8856 8790 8857
f 8858 8791 8792
f 8857 8791 8858
f 8859 8792 8793
f 8858 8792 8859
f 8860 8793 8794
f 8859 8793 8860
f 8861 8794 8795
f 8860 8794 8861
f 8862 8795 8796
f 8861 8795 8862
f 8863 8796 8797
f 8862 8796 8863
f 8864 8797 8798
f 8863 8797 8864
f 8865 8798 8799
f 8864 8798 8865
f 8866 8799 8800
f 8865 8799 8866
f 8867 8800 8801
f 8866 8800 8867
f 8868 8801 8802
f 8867 8801 8868
f 8869 8802 8803
f 8868 8802 8869
f 8870 8803 8804
f 8869 8803 8870
f 8871 8804 8805
f 8870 8804 8871
f 8872 8805 8806
f 8871 8805 8872
f 8873 8806 8807
f 8872 8806 8873
f 8874 8807 8808
f 8873 8807 8874
f 8875 8808 8809
f 8874 8808 8875
f 8876 8809 8810
f 8875 8809 8876
f 8877 8810 8811
f 8876 8810 8877
f 8878 8811 8812
f 8877 8811 8878
f 8879 8812 8813
f 8878 8812 8879
f 8880 8813 8814
f 8879 8813 8880
f 8881 8814 8815
f 8880 8814 8881
f 8882 8815 8816
f 8881 8815 8882
f 8883 8816 8817
f 8882 8816 8883
f 8884 8817 8818
f 8883 8817 8884
f 8885 8818 8819
f 8884 8818 8885
f 8886 8819 8820
f 8885 8819 8886
f 8887 8820 8821
f 8886 8820 8887
f 8888 8821 8822
f 8887 8821 8888
f 8889 8822 8823
f 8888 8822 8889
f 8890 8823 8824
f 8889 8823 8890
f 8891 8824 8825
f 8890 8824 8891
f 8892 8825 8826
f 8891 8825 8892
f 8893 8826 8827
f 8892 8826 8893
f 8894 8827 8828
f 8893 8827 8894
f 8895 8828 8829
f 8894 8828 8895
f 8896 8829 8830
f 8895 8829 8896
f 8897 8830 8831
f 8896 8830 8897
f 8898 8831 8832
f 8897 8831 8898
f 8899 8832 8833
f 8898 8832 8899
f 8900 8833 8834
f 8899 8833 8900
f 8901 8834 8835
f 8900 8834 8901
f 8902 8835 8836
f 8901 8835 8902
f 8903 8836 8837
f 8902 8836 8903
f 8904 8837 8838
f 8903 8837 8904
f 8905 8838 8839
f 8904 8838 8905
f 8906 8839 8840
f 8905 8839 8906
f 8338 8906 8331
f 8331 8906 8840
f 8907 8341 8342
f 8335 8841 8342
f 8841 8907 8342
f 8841 8908 8907
f 8909 8841 8842
f 8908 8841 8909
f 8910 8842 8843
f 8909 8842 8910
f 8911 8843 8844
f 8910 8843 8911
f 8912 8844 8845
f 8911 8844 8912
f 8913 8845 8846
f 8912 8845 8913
f 8914 8846 8847
f 8913 8846 8914
f 8915 8847 8848
f 8914 8847 8915
f 8848 8849 8916
f 8848 8916 8915
f 8851 8850 8917
f 8851 8917 8918
f 8919 8850 8852
f 8917 8850 8919
f 8920 8852 8853
f 8919 8852 8920
f 8921 8853 8854
f 8920 8853 8921
f 8922 8854 8855
f 8921 8854 8922
f 8923 8855 8856
f 8922 8855 8923
f 8924 8856 8857
f 8923 8856 8924
f 8925 8857 8858
f 8924 8857 8925
f 8926 8858 8859
f 8925 8858 8926
f 8927 8859 8860
f 8926 8859 8927
f 8928 8860 8861
f 8927 8860 8928
f 8929 8861 8862
f 8928 8861 8929
f 8930 8862 8863
f 8929 8862 8930
f 8931 8863 8864
f 8930 8863 8931
f 8932 8864 8865
f 8931 8864 8932
f 8933 8865 8866
f 8932 8865 8933
f 8934 8866 8867
f 8933 8866 8934
f 8935 8867 8868
f 8934 8867 8935
f 8936 8868 8869
f 8935 8868 8936
f 8937 8869 8870
f 8936 8869 8937
f 8938 8870 8871
f 8937 8870 8938
f 8939 8871 8872
f 8938 8871 8939
f 8940 8872 8873
f 8939 8872 8940
f 8941 8873 8874
f 8940 8873 8941
f 8942 8874 8875
f 8941 8874 8942
f 8943 8875 8876
f 8942 8875 8943
f 8944 8876 8877
f 8943 8876 8944
f 8945 8877 8878
f 8944 8877 8945
f 8946 8878 8879
f 8945 8878 8946
f 8947 8879 8880
f 8946 8879 8947
f 8948 8880 8881
f 8947 8880 8948
f 8949 8881 8882
f 8948 8881 8949
f 8950 8882 8883
f 8949 8882 8950
f 8951 8883 8884
f 8950 8883 8951
f 8952 8884 8885
f 8951 8884 8952
f 8953 8885 8886
f 8952 8885 8953
f 8954 8886 8887
f 8953 8886 8954
f 8955 8887 8888
f 8954 8887 8955
f 8956 8888 8889
f 8955 8888 8956
f 8957 8889 8890
f 8956 8889 8957
f 8958 8890 8891
f 8957 8890 8958
f 8959 8891 8892
f 8958 8891 8959
f 8960 8892 8893
f 8959 8892 8960
f 8961 8893 8894
f 8960 8893 8961
f 8962 8894 8895
f 8961 8894 8962
f 8963 8895 8896
f 8962 8895 8963
f 8964 8896 8897
f 8963 8896 8964
f 8965 8897 8898
f 8964 8897 8965
f 8966 8898 8899
f 8965 8898 8966
f 8967 8899 8900
f 8966 8899 8967
f 8968 8900 8901
f 8967 8900 8968
f 8969 8901 8902
f 8968 8901 8969
f 8970 8902 8903
f 8969 8902 8970
f 8971 8903 8904
f 8970 8903 8971
f 8972 8904 8905
f 8971 8904 8972
f 8973 8905 8906
f 8972 8905 8973
f 8343 8974 8338
f 8974 8906 8338
f 8974 8973 8906
f 8344 8975 8343
f 8343 8975 8974
f 8345 8976 8344
f 8344 8976 8975
f 8341 8907 8345
f 8907 8976 8345
f 8907 8977 8976
f 8978 8907 8908
f 8977 8907 8978
f 8979 8908 8909
f 8978 8908 8979
f 8980 8909 8910
f 8979 8909 8980
f 8981 8910 8911
f 8980 8910 8981
f 8982 8911 8912
f 8981 8911 8982
f 8983 8912 8913
f 8982 8912 8983
f 8984 8913 8914
f 8983 8913 8984
f 8985 8914 8915
f 8984 8914 8985
f 8915 8916 8986
f 8915 8986 8985
f 8987 8918 8917
f 8989 8988 8987
f 8917 8989 8987
f 8919 8989 8917
f 8990 8919 8920
f 8989 8919 8990
f 8991 8920 8921
f 8990 8920 8991
f 8992 8921 8922
f 8991 8921 8992
f 8993 8922 8923
f 8992 8922 8993
f 8994 8923 8924
f 8993 8923 8994
f 8995 8924 8925
f 8994 8924 8995
f 8996 8925 8926
f 8995 8925 8996
f 8997 8926 8927
f 8996 8926 8997
f 8998 8927 8928
f 8997 8927 8998
f 8999 8928 8929
f 8998 8928 8999
f 9000 8929 8930
f 8999 8929 9000
f 9001 8930 8931
f 9000 8930 9001
f 9002 8931 8932
f 9001 8931 9002
f 9003 8932 8933
f 9002 8932 9003
f 9004 8933 8934
f 9003 8933 9004
f 9005 8934 8935
f 9004 8934 9005
f 9006 8935 8936
f 9005 8935 9006
f 9007 8936 8937
f 9006 8936 9007
f 9008 8937 8938
f 9007 8937 9008
f 9009 8938 8939
f 9008 8938 9009
f 9010 8939 8940
f 9009 8939 9010
f 9011 8940 8941
f 9010 8940 9011
f 9012 8941 8942
f 9011 8941 9012
f 9013 8942 8943
f 9012 8942 9013
f 9014 8943 8944
f 9013 8943 9014
f 9015 8944 8945
f 9014 8944 9015
f 9016 8945 8946
f 9015 8945 9016
f 9017 8946 8947
f 9016 8946 9017
f 9018 8947 8948
f 9017 8947 9018
f 9019 8948 8949
f 9018 8948 9019
f 9020 8949 8950
f 9019 8949 9020
f 9021 8950 8951
f 9020 8950 9021
f 9022 8951 8952
f 9021 8951 9022
f 9023 8952 8953
f 9022 8952 9023
f 9024 8953 8954
f 9023 8953 9024
f 9025 8954 8955
f 9024 8954 9025
f 9026 8955 8956
f 9025 8955 9026
f 9027 8956 8957
f 9026 8956 9027
f 9028 8957 8958
f 9027 8957 9028
f 9029 8958 8959
f 9028 8958 9029
f 9030 8959 8960
f 9029 8959 9030
f 9031 8960 8961
f 9030 8960 9031
f 9032 8961 8962
f 9031 8961 9032
f 9033 8962 8963
f 9032 8962 9033
f 9034 8963 8964
f 9033 8963 9034
f 9035 8964 8965
f 9034 8964 9035
f 9036 8965 8966
f 9035 8965 9036
f 9037 8966 8967
f 9036 8966 9037
f 9038 8967 8968
f 9037 8967 9038
f 9039 8968 8969
f 9038 8968 9039
f 9040 8969 8970
f 9039 8969 9040
f 9041 8970 8971
f 9040 8970 9041
f 9042 8971 8972
f 9041 8971 9042
f 9043 8972 8973
f 9042 8972 9043
f 9044 8973 8974
f 9043 8973 9044
f 9045 8974 8975
f 9044 8974 9045
f 9046 8975 8976
f 9045 8975 9046
f 9047 8976 8977
f 9046 8976 9047
f 9048 8977 8978
f 9047 8977 9048
f 9049 8978 8979
f 9048 8978 9049
f 9050 8979 8980
f 9049 8979 9050
f 9051 8980 8981
f 9050 8980 9051
f 9052 8981 8982
f 9051 8981 9052
f 9053 8982 8983
f 9052 8982 9053
f 8348 9053 8347
f 9053 8984 8347
f 9053 8983 8984
f 8347 8984 8349
f 8984 9054 8349
f 8984 8985 9054
f 8985 8986 9055
f 8985 9055 9054
f 8988 8989 9056
f 8988 9056 9057
f 9058 8989 8990
f 9056 8989 9058
f 9059 8990 8991
f 9058 8990 9059
f 9060 8991 8992
f 9059 8991 9060
f 9061 8992 8993
f 9060 8992 9061
f 9062 8993 8994
f 9061 8993 9062
f 9063 8994 8995
f 9062 8994 9063
f 9064 8995 8996
f 9063 8995 9064
f 9065 8996 8997
f 9064 8996 9065
f 9066 8997 8998
f 9065 8997 9066
f 9067 8998 8999
f 9066 8998 9067
f 9068 8999 9000
f 9067 8999 9068
f 9069 9000 9001
f 9068 9000 9069
f 9070 9001 9002
f 9069 9001 9070
f 9071 9002 9003
f 9070 9002 9071
f 9072 9003 9004
f 9071 9003 9072
f 9073 9004 9005
f 9072 9004 9073
f 9074 9005 9006
f 9073 9005 9074
f 9075 9006 9007
f 9074 9006 9075
f 9076 9007 9008
f 9075 9007 9076
f 9077 9008 9009
f 9076 9008 9077
f 9078 9009 9010
f 9077 9009 9078
f 9079 9010 9011
f 9078 9010 9079
f 9080 9011 9012
f 9079 9011 9080
f 9081 9012 9013
f 9080 9012 9081
f 9082 9013 9014
f 9081 9013 9082
f 9083 9014 9015
f 9082 9014 9083
f 9084 9015 9016
f 9083 9015 9084
f 9085 9016 9017
f 9084 9016 9085
f 9086 9017 9018
f 9085 9017 9086
f 9087 9018 9019
f 9086 9018 9087
f 9088 9019 9020
f 9087 9019 9088
f 9089 9020 9021
f 9088 9020 9089
f 9090 9021 9022
f 9089 9021 9090
f 9091 9022 9023
f 9090 9022 9091
f 9092 9023 9024
f 9091 9023 9092
f 9093 9024 9025
f 9092 9024 9093
f 9094 9025 9026
f 9093 9025 9094
f 9095 9026 9027
f 9094 9026 9095
f 9096 9027 9028
f 9095 9027 9096
f 9097 9028 9029
f 9096 9028 9097
f 9098 9029 9030
f 9097 9029 9098
f 9099 9030 9031
f 9098 9030 9099
f 9100 9031 9032
f 9099 9031 9100
f 9101 9032 9033
f 9100 9032 9101
f 9102 9033 9034
f 9101 9033 9102
f 9103 9034 9035
f 9102 9034 9103
f 9104 9035 9036
f 9103 9035 9104
f 9105 9036 9037
f 9104 9036 9105
f 9106 9037 9038
f 9105 9037 9106
f 9107 9038 9039
f 9106 9038 9107
f 9108 9039 9040
f 9107 9039 9108
f 9109 9040 9041
f 9108 9040 9109
f 9110 9041 9042
f 9109 9041 9110
f 9111 9042 9043
f 9110 9042 9111
f 9112 9043 9044
f 9111 9043 9112
f 9113 9044 9045
f 9112 9044 9113
f 9114 9045 9046
f 9113 9045 9114
f 9115 9046 9047
f 9114 9046 9115
f 9116 9047 9048
f 9115 9047 9116
f 9117 9048 9049
f 9116 9048 9117
f 9118 9049 9050
f 9117 9049 9118
f 9119 9050 9051
f 9118 9050 9119
f 9120 9051 9052
f 9119 9051 9120
f 9121 9052 9053
f 9120 9052 9121
f 8351 9121 8348
f 8348 9121 9053
f 9122 8352 9054
f 9054 8352 8349
f 9054 9055 9123
f 9054 9123 9122
f 9057 9056 9124
f 9057 9124 9125
f 9126 9056 9058
f 9124 9056 9126
f 9127 9058 9059
f 9126 9058 9127
f 9128 9059 9060
f 9127 9059 9128
f 9129 9060 9061
f 9128 9060 9129
f 9130 9061 9062
f 9129 9061 9130
f 9131 9062 9063
f 9130 9062 9131
f 9132 9063 9064
f 9131 9063 9132
f 9133 9064 9065
f 9132 9064 9133
f 9134 9065 9066
f 9133 9065 9134
f 9135 9066 9067
f 9134 9066 9135
f 9136 9067 9068
f 9135 9067 9136
f 9137 9068 9069
f 9136 9068 9137
f 9138 9069 9070
f 9137 9069 9138
f 9139 9070 9071
f 9138 9070 9139
f 9140 9071 9072
f 9139 9071 9140
f 9141 9072 9073
f 9140 9072 9141
f 9142 9073 9074
f 9141 9073 9142
f 9143 9074 9075
f 9142 9074 9143
f 9144 9075 9076
f 9143 9075 9144
f 9145 9076 9077
f 9144 9076 9145
f 9146 9077 9078
f 9145 9077 9146
f 9147 9078 9079
f 9146 9078 9147
f 9148 9079 9080
f 9147 9079 9148
f 9149 9080 9081
f 9148 9080 9149
f 9150 9081 9082
f 9149 9081 9150
f 9151 9082 9083
f 9150 9082 9151
f 9152 9083 9084
f 9151 9083 9152
f 9153 9084 9085
f 9152 9084 9153
f 9154 9085 9086
f 9153 9085 9154
f 9155 9086 9087
f 9154 9086 9155
f 9156 9087 9088
f 9155 9087 9156
f 9157 9088 9089
f 9156 9088 9157
f 9158 9089 9090
f 9157 9089 9158
f 9159 9090 9091
f 9158 9090 9159
f 9160 9091 9092
f 9159 9091 9160
f 9161 9092 9093
f 9160 9092 9161
f 9162 9093 9094
f 9161 9093 9162
f 9163 9094 9095
f 9162 9094 9163
f 9164 9095 9096
f 9163 9095 9164
f 9165 9096 9097
f 9164 9096 9165
f 9166 9097 9098
f 9165 9097 9166
f 9167 9098 9099
f 9166 9098 9167
f 9168 9099 9100
f 9167 9099 9168
f 9169 9100 9101
f 9168 9100 9169
f 9170 9101 9102
f 9169 9101 9170
f 9171 9102 9103
f 9170 9102 9171
f 9172 9103 9104
f 9171 9103 9172
f 9173 9104 9105
f 9172 9104 9173
f 9174 9105 9106
f 9173 9105 9174
f 9175 9106 9107
f 9174 9106 9175
f 9176 9107 9108
f 9175 9107 9176
f 9177 9108 9109
f 9176 9108 9177
f 9178 9109 9110
f 9177 9109 9178
f 9179 9110 9111
f 9178 9110 9179
f 9180 9111 9112
f 9179 9111 9180
f 9181 9112 9113
f 9180 9112 9181
f 9182 9113 9114
f 9181 9113 9182
f 9183 9114 9115
f 9182 9114 9183
f 9184 9115 9116
f 9183 9115 9184
f 9185 9116 9117
f 9184 9116 9185
f 9186 9117 9118
f 9185 9117 9186
f 9187 9118 9119
f 9186 9118 9187
f 9188 9119 9120
f 9187 9119 9188
f 9189 9120 9121
f 9188 9120 9189
f 8353 9190 8351
f 9190 9121 8351
f 9190 9189 9121
f 8352 9122 8353
f 9122 9190 8353
f 9122 9191 9190
f 9122 9123 9192
f 9122 9192 9191
f 9125 9124 9193
f 9125 9193 9194
f 9195 9124 9126
f 9193 9124 9195
f 9196 9126 9127
f 9195 9126 9196
f 9197 9127 9128
f 9196 9127 9197
f 9198 9128 9129
f 9197 9128 9198
f 9199 9129 9130
f 9198 9129 9199
f 9200 9130 9131
f 9199 9130 9200
f 9201 9131 9132
f 9200 9131 9201
f 9202 9132 9133
f 9201 9132 9202
f 9203 9133 9134
f 9202 9133 9203
f 9204 9134 9135
f 9203 9134 9204
f 9205 9135 9136
f 9204 9135 9205
f 9206 9136 9137
f 9205 9136 9206
f 9207 9137 9138
f 9206 9137 9207
f 9208 9138 9139
f 9207 9138 9208
f 9209 9139 9140
f 9208 9139 9209
f 9210 9140 9141
f 9209 9140 9210
f 9211 9141 9142
f 9210 9141 9211
f 9212 9142 9143
f 9211 9142 9212
f 9213 9143 9144
f 9212 9143 9213
f 9214 9144 9145
f 9213 9144 9214
f 9215 9145 9146
f 9214 9145 9215
f 9216 9146 9147
f 9215 9146 9216
f 9217 9147 9148
f 9216 9147 9217
f 9218 9148 9149
f 9217 9148 9218
f 9219 9149 9150
f 9218 9149 9219
f 9220 9150 9151
f 9219 9150 9220
f 9221 9151 9152
f 9220 9151 9221
f 9222 9152 9153
f 9221 9152 9222
f 9223 9153 9154
f 9222 9153 9223
f 9224 9154 9155
f 9223 9154 9224
f 9225 9155 9156
f 9224 9155 9225
f 9226 9156 9157
f 9225 9156 9226
f 9227 9157 9158
f 9226 9157 9227
f 9228 9158 9159
f 9227 9158 9228
f 9229 9159 9160
f 9228 9159 9229
f 9230 9160 9161
f 9229 9160 9230
f 9231 9161 9162
f 9230 9161 9231
f 9232 9162 9163
f 9231 9162 9232
f 9233 9163 9164
f 9232 9163 9233
f 9234 9164 9165
f 9233 9164 9234
f 9235 9165 9166
f 9234 9165 9235
f 9236 9166 9167
f 9235 9166 9236
f 9237 9167 9168
f 9236 9167 9237
f 9238 9168 9169
f 9237 9168 9238
f 9239 9169 9170
f 9238 9169 9239
f 8356 9239 8355
f 9239 9171 8355
f 9239 9170 9171
f 8355 9171 8358
f 8358 9171 9172
f 8358 9172 8359
f 9172 9240 8359
f 9172 9173 9240
f 9241 9173 9174
f 9240 9173 9241
f 9242 9174 9175
f 9241 9174 9242
f 9243 9175 9176
f 9242 9175 9243
f 9244 9176 9177
f 9243 9176 9244
f 9245 9177 9178
f 9244 9177 9245
f 9246 9178 9179
f 9245 9178 9246
f 9247 9179 9180
f 9246 9179 9247
f 9248 9180 9181
f 9247 9180 9248
f 9249 9181 9182
f 9248 9181 9249
f 9250 9182 9183
f 9249 9182 9250
f 9251 9183 9184
f 9250 9183 9251
f 9252 9184 9185
f 9251 9184 9252
f 9253 9185 9186
f 9252 9185 9253
f 9254 9186 9187
f 9253 9186 9254
f 9255 9187 9188
f 9254 9187 9255
f 9256 9188 9189
f 9255 9188 9256
f 9257 9189 9190
f 9256 9189 9257
f 9191 9259 9258
f 9257 9191 9258
f 9190 9191 9257
f 9259 9191 9192
f 9194 9193 9260
f 9194 9260 9261
f 9262 9193 9195
f 9260 9193 9262
f 9263 9195 9196
f 9262 9195 9263
f 9264 9196 9197
f 9263 9196 9264
f 9265 9197 9198
f 9264 9197 9265
f 9266 9198 9199
f 9265 9198 9266
f 9267 9199 9200
f 9266 9199 9267
f 9268 9200 9201
f 9267 9200 9268
f 9269 9201 9202
f 9268 9201 9269
f 9270 9202 9203
f 9269 9202 9270
f 9271 9203 9204
f 9270 9203 9271
f 9272 9204 9205
f 9271 9204 9272
f 9273 9205 9206
f 9272 9205 9273
f 8362 9273 8361
f 9273 9207 8361
f 9273 9206 9207
f 8361 9207 8364
f 8364 9207 9208
f 8364 9208 8366
f 8366 9208 9209
f 8366 9209 8368
f 8368 9209 9210
f 8368 9210 8370
f 8370 9210 9211
f 8370 9211 8371
f 9211 9274 8371
f 9211 9212 9274
f 9275 9212 9213
f 9274 9212 9275
f 9276 9213 9214
f 9275 9213 9276
f 9277 9214 9215
f 9276 9214 9277
f 9278 9215 9216
f 9277 9215 9278
f 9279 9216 9217
f 9278 9216 9279
f 9280 9217 9218
f 9279 9217 9280
f 9281 9218 9219
f 9280 9218 9281
f 9282 9219 9220
f 9281 9219 9282
f 9283 9220 9221
f 9282 9220 9283
f 9284 9221 9222
f 9283 9221 9284
f 9285 9222 9223
f 9284 9222 9285
f 9286 9223 9224
f 9285 9223 9286
f 9287 9224 9225
f 9286 9224 9287
f 9288 9225 9226
f 9287 9225 9288
f 9289 9226 9227
f 9288 9226 9289
f 9290 9227 9228
f 9289 9227 9290
f 9291 9228 9229
f 9290 9228 9291
f 9292 9229 9230
f 9291 9229 9292
f 9293 9230 9231
f 9292 9230 9293
f 8374 9293 8373
f 9293 9232 8373
f 9293 9231 9232
f 8373 9232 8376
f 8376 9232 9233
f 8376 9233 8378
f 8378 9233 9234
f 8378 9234 8380
f 8380 9234 9235
f 8380 9235 8382
f 8382 9235 9236
f 8382 9236 8384
f 8384 9236 9237
f 8384 9237 8386
f 8386 9237 9238
f 8386 9238 8388
f 8388 9238 9239
f 8388 9239 8356
f 9240 8391 8359
f 8391 9240 8394
f 8394 9240 9241
f 8394 9241 8395
f 9241 9294 8395
f 9241 9242 9294
f 9295 9242 9243
f 9294 9242 9295
f 9296 9243 9244
f 9295 9243 9296
f 9297 9244 9245
f 9296 9244 9297
f 9298 9245 9246
f 9297 9245 9298
f 9299 9246 9247
f 9298 9246 9299
f 9300 9247 9248
f 9299 9247 9300
f 9301 9248 9249
f 9300 9248 9301
f 9302 9249 9250
f 9301 9249 9302
f 9303 9250 9251
f 9302 9250 9303
f 9304 9251 9252
f 9303 9251 9304
f 9305 9252 9253
f 9304 9252 9305
f 9306 9253 9254
f 9305 9253 9306
f 9307 9254 9255
f 9306 9254 9307
f 9308 9255 9256
f 9307 9255 9308
f 9309 9256 9257
f 9308 9256 9309
f 9257 9258 9310
f 9257 9310 9309
f 9261 9260 9311
f 9261 9311 9312
f 9313 9260 9262
f 9311 9260 9313
f 9314 9262 9263
f 9313 9262 9314
f 9315 9263 9264
f 9314 9263 9315
f 9316 9264 9265
f 9315 9264 9316
f 9317 9265 9266
f 9316 9265 9317
f 9318 9266 9267
f 9317 9266 9318
f 9319 9267 9268
f 9318 9267 9319
f 9320 9268 9269
f 9319 9268 9320
f 9321 9269 9270
f 9320 9269 9321
f 9322 9270 9271
f 9321 9270 9322
f 9323 9271 9272
f 9322 9271 9323
f 8398 9323 8397
f 9323 9273 8397
f 9323 9272 9273
f 8397 9273 8362
f 9324 8404 9274
f 9274 8404 8371
f 9325 9274 9275
f 9324 9274 9325
f 9326 9275 9276
f 9325 9275 9326
f 9327 9276 9277
f 9326 9276 9327
f 9328 9277 9278
f 9327 9277 9328
f 9329 9278 9279
f 9328 9278 9329
f 9330 9279 9280
f 9329 9279 9330
f 9331 9280 9281
f 9330 9280 9331
f 9332 9281 9282
f 9331 9281 9332
f 9333 9282 9283
f 9332 9282 9333
f 9334 9283 9284
f 9333 9283 9334
f 9335 9284 9285
f 9334 9284 9335
f 9336 9285 9286
f 9335 9285 9336
f 9337 9286 9287
f 9336 9286 9337
f 9338 9287 9288
f 9337 9287 9338
f 9339 9288 9289
f 9338 9288 9339
f 9340 9289 9290
f 9339 9289 9340
f 9341 9290 9291
f 9340 9290 9341
f 9342 9291 9292
f 9341 9291 9342
f 9343 9292 9293
f 9342 9292 9343
f 8405 9344 8374
f 9344 9293 8374
f 9344 9343 9293
f 8406 9345 8405
f 8405 9345 9344
f 8407 9346 8406
f 8406 9346 9345
f 8408 9347 8407
f 8407 9347 9346
f 8409 9347 8408
f 9348 8412 8413
f 8414 9349 8413
f 8413 9349 9348
f 8415 9350 8414
f 8414 9350 9349
f 8416 9351 8415
f 8415 9351 9350
f 8417 9352 8416
f 8416 9352 9351
f 8418 9353 8417
f 8417 9353 9352
f 8395 9294 8418
f 9294 9353 8418
f 9294 9354 9353
f 9355 9294 9295
f 9354 9294 9355
f 9356 9295 9296
f 9355 9295 9356
f 9357 9296 9297
f 9356 9296 9357
f 9358 9297 9298
f 9357 9297 9358
f 9359 9298 9299
f 9358 9298 9359
f 9360 9299 9300
f 9359 9299 9360
f 9361 9300 9301
f 9360 9300 9361
f 9362 9301 9302
f 9361 9301 9362
f 9363 9302 9303
f 9362 9302 9363
f 9364 9303 9304
f 9363 9303 9364
f 9365 9304 9305
f 9364 9304 9365
f 9366 9305 9306
f 9365 9305 9366
f 9367 9306 9307
f 9366 9306 9367
f 9368 9307 9308
f 9367 9307 9368
f 9309 9370 9369
f 9368 9309 9369
f 9308 9309 9368
f 9370 9309 9310
f 9312 9311 9371
f 9312 9371 9372
f 9373 9311 9313
f 9371 9311 9373
f 9374 9313 9314
f 9373 9313 9374
f 9375 9314 9315
f 9374 9314 9375
f 9376 9315 9316
f 9375 9315 9376
f 9377 9316 9317
f 9376 9316 9377
f 9378 9317 9318
f 9377 9317 9378
f 9379 9318 9319
f 9378 9318 9379
f 9380 9319 9320
f 9379 9319 9380
f 9381 9320 9321
f 9380 9320 9381
f 9382 9321 9322
f 9381 9321 9382
f 8421 9382 8420
f 9382 9323 8420
f 9382 9322 9323
f 8420 9323 8398
f 9383 8428 9324
f 9324 8428 8404
f 9384 9324 9325
f 9383 9324 9384
f 9385 9325 9326
f 9384 9325 9385
f 9386 9326 9327
f 9385 9326 9386
f 9387 9327 9328
f 9386 9327 9387
f 9388 9328 9329
f 9387 9328 9388
f 9389 9329 9330
f 9388 9329 9389
f 9390 9330 9331
f 9389 9330 9390
f 9391 9331 9332
f 9390 9331 9391
f 9392 9332 9333
f 9391 9332 9392
f 9393 9333 9334
f 9392 9333 9393
f 9394 9334 9335
f 9393 9334 9394
f 9395 9335 9336
f 9394 9335 9395
f 9396 9336 9337
f 9395 9336 9396
f 9397 9337 9338
f 9396 9337 9397
f 9398 9338 9339
f 9397 9338 9398
f 9399 9339 9340
f 9398 9339 9399
f 9400 9340 9341
f 9399 9340 9400
f 9401 9341 9342
f 9400 9341 9401
f 9402 9342 9343
f 9401 9342 9402
f 9403 9343 9344
f 9402 9343 9403
f 9404 9344 9345
f 9403 9344 9404
f 9405 9345 9346
f 9404 9345 9405
f 9406 9346 9347
f 9405 9346 9406
f 8429 9407 8409
f 9407 9347 8409
f 9407 9406 9347
f 8430 9408 8429
f 8429 9408 9407
f 8412 9348 8430
f 9348 9408 8430
f 9348 9409 9408
f 9410 9348 9349
f 9409 9348 9410
f 9411 9349 9350
f 9410 9349 9411
f 9412 9350 9351
f 9411 9350 9412
f 9413 9351 9352
f 9412 9351 9413
f 9414 9352 9353
f 9413 9352 9414
f 9415 9353 9354
f 9414 9353 9415
f 9416 9354 9355
f 9415 9354 9416
f 9417 9355 9356
f 9416 9355 9417
f 9418 9356 9357
f 9417 9356 9418
f 9419 9357 9358
f 9418 9357 9419
f 9420 9358 9359
f 9419 9358 9420
f 9421 9359 9360
f 9420 9359 9421
f 9422 9360 9361
f 9421 9360 9422
f 9423 9361 9362
f 9422 9361 9423
f 9424 9362 9363
f 9423 9362 9424
f 9425 9363 9364
f 9424 9363 9425
f 9426 9364 9365
f 9425 9364 9426
f 9427 9365 9366
f 9426 9365 9427
f 9428 9366 9367
f 9427 9366 9428
f 9368 9430 9429
f 9428 9368 9429
f 9367 9368 9428
f 9430 9368 9369
f 9372 9371 9431
f 9372 9431 9432
f 9433 9371 9373
f 9431 9371 9433
f 9434 9373 9374
f 9433 9373 9434
f 9435 9374 9375
f 9434 9374 9435
f 9436 9375 9376
f 9435 9375 9436
f 9437 9376 9377
f 9436 9376 9437
f 9438 9377 9378
f 9437 9377 9438
f 9439 9378 9379
f 9438 9378 9439
f 9440 9379 9380
f 9439 9379 9440
f 9441 9380 9381
f 9440 9380 9441
f 9442 9381 9382
f 9441 9381 9442
f 8431 9443 8421
f 9443 9382 8421
f 9443 9442 9382
f 8432 9444 8431
f 8431 9444 9443
f 8433 9445 8432
f 8432 9445 9444
f 8434 9446 8433
f 8433 9446 9445
f 8435 9447 8434
f 8434 9447 9446
f 8436 9448 8435
f 8435 9448 9447
f 8437 9449 8436
f 8436 9449 9448
f 8428 9383 8437
f 9383 9449 8437
f 9383 9450 9449
f 9451 9383 9384
f 9450 9383 9451
f 9452 9384 9385
f 9451 9384 9452
f 9453 9385 9386
f 9452 9385 9453
f 9454 9386 9387
f 9453 9386 9454
f 9455 9387 9388
f 9454 9387 9455
f 9456 9388 9389
f 9455 9388 9456
f 9457 9389 9390
f 9456 9389 9457
f 9458 9390 9391
f 9457 9390 9458
f 9459 9391 9392
f 9458 9391 9459
f 9393 9461 9460
f 9459 9393 9460
f 9392 9393 9459
f 9461 9393 9394
f 9461 9394 9462
f 9462 9394 9395
f 9462 9395 9463
f 9463 9395 9396
f 9463 9396 9464
f 9464 9396 9397
f 9464 9397 9465
f 9465 9397 9398
f 9465 9398 9466
f 9466 9398 9399
f 9466 9399 9467
f 9467 9399 9400
f 9467 9400 9468
f 9468 9400 9401
f 9468 9401 9469
f 9469 9401 9402
f 9469 9402 9470
f 9470 9402 9403
f 9470 9403 9471
f 9471 9403 9404
f 9471 9404 9472
f 9472 9404 9405
f 9472 9405 9473
f 9473 9405 9406
f 9473 9406 9474
f 9474 9406 9407
f 9474 9407 9475
f 9475 9407 9408
f 9475 9408 9476
f 9476 9408 9409
f 9476 9409 9477
f 9477 9409 9410
f 9477 9410 9478
f 9478 9410 9411
f 9478 9411 9479
f 9479 9411 9412
f 9479 9412 9480
f 9480 9412 9413
f 9480 9413 9481
f 9481 9413 9414
f 9481 9414 9482
f 9482 9414 9415
f 9482 9415 9483
f 9483 9415 9416
f 9483 9416 9484
f 9484 9416 9417
f 9484 9417 9485
f 9485 9417 9418
f 9485 9418 9486
f 9486 9418 9419
f 9486 9419 9487
f 9487 9419 9420
f 9487 9420 9488
f 9488 9420 9421
f 9488 9421 9489
f 9489 9421 9422
f 9489 9422 9490
f 9490 9422 9423
f 9490 9423 9491
f 9491 9423 9424
f 9491 9424 9492
f 9492 9424 9425
f 9492 9425 9493
f 9493 9425 9426
f 9493 9426 9494
f 9494 9426 9427
f 9494 9427 9495
f 9495 9427 9428
f 9495 9428 9496
f 9496 9428 9429
f 9432 9431 9497
f 9432 9497 9498
f 9499 9431 9433
f 9497 9431 9499
f 9500 9433 9434
f 9499 9433 9500
f 9501 9434 9435
f 9500 9434 9501
f 9502 9435 9436
f 9501 9435 9502
f 9503 9436 9437
f 9502 9436 9503
f 9504 9437 9438
f 9503 9437 9504
f 9505 9438 9439
f 9504 9438 9505
f 9506 9439 9440
f 9505 9439 9506
f 9507 9440 9441
f 9506 9440 9507
f 9508 9441 9442
f 9507 9441 9508
f 9509 9442 9443
f 9508 9442 9509
f 9510 9443 9444
f 9509 9443 9510
f 9511 9444 9445
f 9510 9444 9511
f 9512 9445 9446
f 9511 9445 9512
f 9513 9446 9447
f 9512 9446 9513
f 9514 9447 9448
f 9513 9447 9514
f 9515 9448 9449
f 9514 9448 9515
f 9516 9449 9450
f 9515 9449 9516
f 9451 9518 9517
f 9516 9451 9517
f 9450 9451 9516
f 9518 9451 9452
f 9518 9452 9519
f 9519 9452 9453
f 9519 9453 9520
f 9520 9453 9454
f 9520 9454 9521
f 9521 9454 9455
f 9521 9455 9522
f 9522 9455 9456
f 9522 9456 9523
f 9523 9456 9457
f 9523 9457 9524
f 9524 9457 9458
f 9524 9458 9525
f 9525 9458 9459
f 9525 9459 9526
f 9526 9459 9460
f 9498 9497 9527
f 9498 9527 9528
f 9529 9497 9499
f 9527 9497 9529
f 9530 9499 9500
f 9529 9499 9530
f 9531 9500 9501
f 9530 9500 9531
f 9532 9501 9502
f 9531 9501 9532
f 9533 9502 9503
f 9532 9502 9533
f 9534 9503 9504
f 9533 9503 9534
f 9535 9504 9505
f 9534 9504 9535
f 9536 9505 9506
f 9535 9505 9536
f 9537 9506 9507
f 9536 9506 9537
f 9538 9507 9508
f 9537 9507 9538
f 9539 9508 9509
f 9538 9508 9539
f 9540 9509 9510
f 9539 9509 9540
f 9541 9510 9511
f 9540 9510 9541
f 9542 9511 9512
f 9541 9511 9542
f 9543 9512 9513
f 9542 9512 9543
f 9544 9513 9514
f 9543 9513 9544
f 9515 9546 9545
f 9544 9515 9545
f 9514 9515 9544
f 9546 9515 9516
f 9546 9516 9547
f 9547 9516 9517
f 9528 9527 9548
f 9528 9548 9549
f 9550 9527 9529
f 9548 9527 9550
f 9551 9529 9530
f 9550 9529 9551
f 9552 9530 9531
f 9551 9530 9552
f 9553 9531 9532
f 9552 9531 9553
f 9554 9532 9533
f 9553 9532 9554
f 9555 9533 9534
f 9554 9533 9555
f 9556 9534 9535
f 9555 9534 9556
f 9557 9535 9536
f 9556 9535 9557
f 9558 9536 9537
f 9557 9536 9558
f 9559 9537 9538
f 9558 9537 9559
f 9560 9538 9539
f 9559 9538 9560
f 9561 9539 9540
f 9560 9539 9561
f 9562 9540 9541
f 9561 9540 9562
f 9563 9541 9542
f 9562 9541 9563
f 9543 9565 9564
f 9563 9543 9564
f 9542 9543 9563
f 9565 9543 9544
f 9565 9544 9566
f 9566 9544 9545
f 9567 9549 9548
f 9569 9568 9567
f 9548 9569 9567
f 9550 9569 9548
f 9570 9550 9551
f 9569 9550 9570
f 9571 9551 9552
f 9570 9551 9571
f 9572 9552 9553
f 9571 9552 9572
f 9573 9553 9554
f 9572 9553 9573
f 9574 9554 9555
f 9573 9554 9574
f 9575 9555 9556
f 9574 9555 9575
f 8440 9575 8439
f 9575 9557 8439
f 9575 9556 9557
f 8439 9557 8442
f 8442 9557 9558
f 8442 9558 8444
f 8444 9558 9559
f 8444 9559 8445
f 9559 9576 8445
f 9559 9560 9576
f 9577 9560 9561
f 9576 9560 9577
f 9578 9561 9562
f 9577 9561 9578
f 9563 9580 9579
f 9578 9563 9579
f 9562 9563 9578
f 9580 9563 9564
f 9581 9568 9569
f 9583 9582 9581
f 9569 9583 9581
f 9570 9583 9569
f 9584 9570 9571
f 9583 9570 9584
f 9585 9571 9572
f 9584 9571 9585
f 9586 9572 9573
f 9585 9572 9586
f 9587 9573 9574
f 9586 9573 9587
f 9588 9574 9575
f 9587 9574 9588
f 8447 9588 8440
f 8440 9588 9575
f 9589 8449 8450
f 8445 9576 8450
f 9576 9589 8450
f 9576 9590 9589
f 9591 9576 9577
f 9590 9576 9591
f 9578 9593 9592
f 9591 9578 9592
f 9577 9578 9591
f 9593 9578 9579
f 9594 9582 9583
f 9594 9583 9584
f 9594 9584 9595
f 9595 9584 9585
f 9595 9585 9596
f 9598 9597 9596
f 9585 9598 9596
f 9586 9598 9585
f 9599 9586 9587
f 9598 9586 9599
f 9600 9587 9588
f 9599 9587 9600
f 8451 9601 8447
f 9601 9588 8447
f 9601 9600 9588
f 8452 9602 8451
f 8451 9602 9601
f 8449 9589 8452
f 9589 9602 8452
f 9589 9603 9602
f 9590 9605 9604
f 9603 9590 9604
f 9589 9590 9603
f 9605 9590 9591
f 9605 9591 9606
f 9606 9591 9592
f 9607 9597 9598
f 9609 9608 9607
f 9598 9609 9607
f 9599 9609 9598
f 9610 9599 9600
f 9609 9599 9610
f 9611 9600 9601
f 9610 9600 9611
f 9602 9613 9612
f 9611 9602 9612
f 9601 9602 9611
f 9613 9602 9603
f 9613 9603 9614
f 9614 9603 9604
f 9615 9608 9609
f 9615 9609 9610
f 9615 9610 9616
f 9616 9610 9611
f 9616 9611 9617
f 9617 9611 9612
f 9620 9619 9618
f 9622 9621 9618
f 9622 9618 9619
f 9624 9623 9621
f 9624 9621 9622
f 8454 8455 9623
f 9624 8454 9623
f 9625 8454 9624
f 8454 9626 8457
f 9625 9626 8454
f 8457 9627 8459
f 9626 9627 8457
f 8459 9628 8461
f 9627 9628 8459
f 8461 9629 8463
f 9628 9629 8461
f 8463 9630 8465
f 9629 9630 8463
f 8465 9631 8467
f 9630 9631 8465
f 8467 9632 8469
f 9631 9632 8467
f 8469 9633 8471
f 9632 9633 8469
f 8471 9634 8473
f 9633 9634 8471
f 8473 9635 8475
f 9634 9635 8473
f 8475 9636 8477
f 9635 9636 8475
f 8477 9637 8479
f 9636 9637 8477
f 8479 9638 8481
f 9637 9638 8479
f 8481 9639 8483
f 9638 9639 8481
f 8483 9640 8485
f 9639 9640 8483
f 8485 9641 8487
f 9640 9641 8485
f 8487 9642 8489
f 9641 9642 8487
f 8489 9643 8491
f 9642 9643 8489
f 8491 9644 8493
f 9643 9644 8491
f 8493 9645 8495
f 9644 9645 8493
f 8495 9646 8497
f 9645 9646 8495
f 8497 9647 8499
f 9646 9647 8497
f 8499 9648 8501
f 9647 9648 8499
f 8501 9649 8503
f 9648 9649 8501
f 8503 9650 8505
f 9649 9650 8503
f 8505 9651 8507
f 9650 9651 8505
f 8507 9652 8509
f 9651 9652 8507
f 8509 9653 8511
f 9652 9653 8509
f 8511 9654 8513
f 9653 9654 8511
f 8513 9655 8515
f 9654 9655 8513
f 8515 9656 8517
f 9655 9656 8515
f 8517 9657 8519
f 9656 9657 8517
f 8519 9658 8521
f 9657 9658 8519
f 8521 9659 8523
f 9658 9659 8521
f 8523 9660 8525
f 9659 9660 8523
f 8525 9661 8527
f 9660 9661 8525
f 8527 9662 8529
f 9661 9662 8527
f 8529 9663 8531
f 9662 9663 8529
f 8531 9664 8533
f 9663 9664 8531
f 8533 9665 8535
f 9664 9665 8533
f 8535 9666 8537
f 9665 9666 8535
f 8537 9667 8539
f 9666 9667 8537
f 8539 9668 8541
f 9667 9668 8539
f 8541 9669 8543
f 9668 9669 8541
f 8543 9670 8545
f 9669 9670 8543
f 8545 9671 8547
f 9670 9671 8545
f 8547 9672 8549
f 9671 9672 8547
f 8549 9673 8551
f 9672 9673 8549
f 8551 9674 8553
f 9673 9674 8551
f 9676 9675 8554
f 8553 9676 8554
f 9674 9676 8553
f 9678 9677 9675
f 9678 9675 9676
f 9680 9679 9677
f 9680 9677 9678
f 9682 9681 9679
f 9682 9679 9680
f 9684 9683 9681
f 9684 9681 9682
f 9686 9685 9683
f 9686 9683 9684
f 9688 9687 9685
f 9688 9685 9686
f 8556 8557 9687
f 9688 8556 9687
f 9689 8556 9688
f 8556 9690 8559
f 9689 9690 8556
f 8559 9691 8561
f 9690 9691 8559
f 9693 9692 8562
f 8561 9693 8562
f 9691 9693 8561
f 9695 9694 9692
f 9695 9692 9693
f 9697 9696 9694
f 9697 9694 9695
f 9699 9698 9696
f 9699 9696 9697
f 9701 9700 9698
f 9701 9698 9699
f 9702 9700 9701
f 9620 9618 8564
f 8565 9620 8564
f 9703 9620 8565
f 8564 9618 8567
f 8567 9618 9621
f 8567 9621 8569
f 8569 9621 9623
f 8569 9623 8455
f 9675 8620 8554
f 8620 9675 8623
f 8623 9675 9677
f 8623 9677 8625
f 8625 9677 9679
f 8625 9679 8627
f 8627 9679 9681
f 8627 9681 8629
f 8629 9681 9683
f 8629 9683 8631
f 8631 9683 9685
f 8631 9685 8633
f 8633 9685 9687
f 8633 9687 8557
f 9692 8637 8562
f 8637 9692 8640
f 8640 9692 9694
f 8640 9694 8642
f 8642 9694 9696
f 8642 9696 8644
f 8644 9696 9698
f 8644 9698 8646
f 8646 9698 9700
f 8647 8646 9700
f 9702 8647 9700
f 9704 8647 9702
f 8649 9703 8565
f 8649 9705 9703
f 9704 8717 8647
f 9706 8717 9704
f 8719 9705 8649
f 8719 9707 9705
f 9706 8783 8717
f 9708 8783 9706
f 8785 9707 8719
f 8785 9709 9707
f 9708 8849 8783
f 9710 8849 9708
f 8851 9709 8785
f 8851 9711 9709
f 9710 8916 8849
f 9712 8916 9710
f 8918 9711 8851
f 8918 9713 9711
f 9712 8986 8916
f 9714 8986 9712
f 8918 8987 9715
f 9716 8918 9715
f 9713 8918 9716
f 8988 9715 8987
f 9714 9055 8986
f 9717 9055 9714
f 9716 9715 9718
f 9716 9718 9719
f 9057 9718 8988
f 8988 9718 9715
f 9717 9123 9055
f 9720 9123 9717
f 9719 9718 9721
f 9719 9721 9722
f 9125 9721 9057
f 9057 9721 9718
f 9720 9192 9123
f 9723 9192 9720
f 9722 9721 9724
f 9722 9724 9725
f 9194 9724 9125
f 9125 9724 9721
f 9726 9258 9259
f 9727 9726 9259
f 9192 9727 9259
f 9723 9727 9192
f 9725 9724 9728
f 9725 9728 9729
f 9261 9728 9194
f 9194 9728 9724
f 9730 9310 9726
f 9726 9310 9258
f 9726 9727 9731
f 9726 9731 9730
f 9729 9728 9732
f 9729 9732 9733
f 9312 9732 9261
f 9261 9732 9728
f 9734 9369 9370
f 9310 9730 9370
f 9730 9734 9370
f 9730 9735 9734
f 9730 9731 9736
f 9730 9736 9735
f 9733 9732 9737
f 9733 9737 9738
f 9372 9737 9312
f 9312 9737 9732
f 9739 9429 9430
f 9369 9734 9430
f 9734 9739 9430
f 9734 9740 9739
f 9741 9734 9735
f 9740 9734 9741
f 9735 9736 9742
f 9735 9742 9741
f 9738 9737 9743
f 9738 9743 9744
f 9432 9743 9372
f 9372 9743 9737
f 9745 9460 9461
f 9462 9746 9461
f 9461 9746 9745
f 9463 9747 9462
f 9462 9747 9746
f 9464 9748 9463
f 9463 9748 9747
f 9465 9749 9464
f 9464 9749 9748
f 9466 9750 9465
f 9465 9750 9749
f 9467 9751 9466
f 9466 9751 9750
f 9468 9752 9467
f 9467 9752 9751
f 9469 9753 9468
f 9468 9753 9752
f 9470 9754 9469
f 9469 9754 9753
f 9471 9755 9470
f 9470 9755 9754
f 9472 9756 9471
f 9471 9756 9755
f 9473 9757 9472
f 9472 9757 9756
f 9474 9758 9473
f 9473 9758 9757
f 9475 9759 9474
f 9474 9759 9758
f 9476 9760 9475
f 9475 9760 9759
f 9477 9761 9476
f 9476 9761 9760
f 9478 9762 9477
f 9477 9762 9761
f 9479 9763 9478
f 9478 9763 9762
f 9480 9764 9479
f 9479 9764 9763
f 9481 9765 9480
f 9480 9765 9764
f 9482 9766 9481
f 9481 9766 9765
f 9483 9767 9482
f 9482 9767 9766
f 9484 9768 9483
f 9483 9768 9767
f 9485 9769 9484
f 9484 9769 9768
f 9486 9770 9485
f 9485 9770 9769
f 9487 9771 9486
f 9486 9771 9770
f 9488 9772 9487
f 9487 9772 9771
f 9489 9773 9488
f 9488 9773 9772
f 9490 9774 9489
f 9489 9774 9773
f 9491 9775 9490
f 9490 9775 9774
f 9492 9776 9491
f 9491 9776 9775
f 9493 9777 9492
f 9492 9777 9776
f 9494 9778 9493
f 9493 9778 9777
f 9495 9779 9494
f 9494 9779 9778
f 9496 9780 9495
f 9495 9780 9779
f 9429 9739 9496
f 9739 9780 9496
f 9739 9781 9780
f 9740 9783 9782
f 9781 9740 9782
f 9739 9740 9781
f 9783 9740 9741
f 9783 9741 9784
f 9784 9741 9742
f 9744 9743 9785
f 9744 9785 9786
f 9498 9785 9432
f 9432 9785 9743
f 9787 9517 9518
f 9519 9788 9518
f 9518 9788 9787
f 9520 9789 9519
f 9519 9789 9788
f 9521 9790 9520
f 9520 9790 9789
f 9522 9791 9521
f 9521 9791 9790
f 9523 9792 9522
f 9522 9792 9791
f 9524 9793 9523
f 9523 9793 9792
f 9525 9794 9524
f 9524 9794 9793
f 9526 9795 9525
f 9525 9795 9794
f 9460 9745 9526
f 9745 9795 9526
f 9745 9796 9795
f 9746 9798 9797
f 9796 9746 9797
f 9745 9746 9796
f 9798 9746 9747
f 9798 9747 9799
f 9799 9747 9748
f 9799 9748 9800
f 9800 9748 9749
f 9800 9749 9801
f 9801 9749 9750
f 9801 9750 9802
f 9802 9750 9751
f 9802 9751 9803
f 9803 9751 9752
f 9803 9752 9804
f 9804 9752 9753
f 9804 9753 9805
f 9805 9753 9754
f 9805 9754 9806
f 9806 9754 9755
f 9806 9755 9807
f 9807 9755 9756
f 9807 9756 9808
f 9808 9756 9757
f 9808 9757 9809
f 9809 9757 9758
f 9809 9758 9810
f 9810 9758 9759
f 9810 9759 9811
f 9811 9759 9760
f 9811 9760 9812
f 9812 9760 9761
f 9812 9761 9813
f 9813 9761 9762
f 9813 9762 9814
f 9814 9762 9763
f 9814 9763 9815
f 9815 9763 9764
f 9815 9764 9816
f 9816 9764 9765
f 9816 9765 9817
f 9817 9765 9766
f 9817 9766 9818
f 9818 9766 9767
f 9818 9767 9819
f 9819 9767 9768
f 9819 9768 9820
f 9820 9768 9769
f 9820 9769 9821
f 9821 9769 9770
f 9821 9770 9822
f 9822 9770 9771
f 9822 9771 9823
f 9823 9771 9772
f 9823 9772 9824
f 9824 9772 9773
f 9824 9773 9825
f 9825 9773 9774
f 9825 9774 9826
f 9826 9774 9775
f 9826 9775 9827
f 9827 9775 9776
f 9827 9776 9828
f 9828 9776 9777
f 9828 9777 9829
f 9829 9777 9778
f 9829 9778 9830
f 9830 9778 9779
f 9830 9779 9831
f 9831 9779 9780
f 9831 9780 9832
f 9832 9780 9781
f 9832 9781 9833
f 9833 9781 9782
f 9786 9785 9834
f 9786 9834 9835
f 9528 9834 9498
f 9498 9834 9785
f 9836 9545 9546
f 9547 9837 9546
f 9546 9837 9836
f 9517 9787 9547
f 9787 9837 9547
f 9787 9838 9837
f 9839 9787 9788
f 9838 9787 9839
f 9840 9788 9789
f 9839 9788 9840
f 9841 9789 9790
f 9840 9789 9841
f 9791 9843 9842
f 9841 9791 9842
f 9790 9791 9841
f 9843 9791 9792
f 9843 9792 9844
f 9844 9792 9793
f 9844 9793 9845
f 9845 9793 9794
f 9845 9794 9846
f 9846 9794 9795
f 9846 9795 9847
f 9847 9795 9796
f 9847 9796 9848
f 9848 9796 9797
f 9835 9834 9849
f 9835 9849 9850
f 9549 9849 9528
f 9528 9849 9834
f 9851 9564 9565
f 9566 9852 9565
f 9565 9852 9851
f 9545 9836 9566
f 9836 9852 9566
f 9836 9853 9852
f 9854 9836 9837
f 9853 9836 9854
f 9855 9837 9838
f 9854 9837 9855
f 9839 9857 9856
f 9855 9839 9856
f 9838 9839 9855
f 9857 9839 9840
f 9857 9840 9858
f 9858 9840 9841
f 9858 9841 9859
f 9859 9841 9842
f 9860 9850 9849
f 9862 9860 9861
f 9861 9860 9567
f 9860 9849 9567
f 9849 9549 9567
f 9568 9861 9567
f 9863 9579 9580
f 9564 9851 9580
f 9851 9863 9580
f 9851 9864 9863
f 9865 9851 9852
f 9864 9851 9865
f 9853 9867 9866
f 9865 9853 9866
f 9852 9853 9865
f 9867 9853 9854
f 9867 9854 9868
f 9868 9854 9855
f 9868 9855 9869
f 9869 9855 9856
f 9862 9861 9870
f 9862 9870 9871
f 9581 9872 9568
f 9872 9861 9568
f 9872 9870 9861
f 9582 9872 9581
f 9873 9592 9593
f 9579 9863 9593
f 9863 9873 9593
f 9863 9874 9873
f 9875 9863 9864
f 9874 9863 9875
f 9865 9877 9876
f 9875 9865 9876
f 9864 9865 9875
f 9877 9865 9866
f 9878 9871 9870
f 9880 9879 9878
f 9870 9880 9878
f 9872 9880 9870
f 9594 9881 9582
f 9881 9872 9582
f 9881 9880 9872
f 9595 9882 9594
f 9594 9882 9881
f 9596 9883 9595
f 9595 9883 9882
f 9597 9883 9596
f 9884 9604 9605
f 9606 9885 9605
f 9605 9885 9884
f 9592 9873 9606
f 9873 9885 9606
f 9873 9886 9885
f 9874 9888 9887
f 9886 9874 9887
f 9873 9874 9886
f 9888 9874 9875
f 9888 9875 9889
f 9889 9875 9876
f 9890 9879 9880
f 9892 9891 9890
f 9880 9892 9890
f 9881 9892 9880
f 9893 9881 9882
f 9892 9881 9893
f 9894 9882 9883
f 9893 9882 9894
f 9607 9895 9597
f 9895 9883 9597
f 9895 9894 9883
f 9608 9895 9607
f 9896 9612 9613
f 9614 9897 9613
f 9613 9897 9896
f 9604 9884 9614
f 9884 9897 9614
f 9884 9898 9897
f 9885 9900 9899
f 9898 9885 9899
f 9884 9885 9898
f 9900 9885 9886
f 9900 9886 9901
f 9901 9886 9887
f 9902 9891 9892
f 9902 9892 9893
f 9902 9893 9903
f 9905 9904 9903
f 9893 9905 9903
f 9894 9905 9893
f 9906 9894 9895
f 9905 9894 9906
f 9615 9907 9608
f 9907 9895 9608
f 9907 9906 9895
f 9616 9908 9615
f 9615 9908 9907
f 9617 9909 9616
f 9616 9909 9908
f 9612 9896 9617
f 9896 9909 9617
f 9896 9910 9909
f 9911 9896 9897
f 9910 9896 9911
f 9898 9913 9912
f 9911 9898 9912
f 9897 9898 9911
f 9913 9898 9899
f 9914 9904 9905
f 9914 9905 9906
f 9914 9906 9915
f 9915 9906 9907
f 9915 9907 9916
f 9916 9907 9908
f 9916 9908 9917
f 9917 9908 9909
f 9917 9909 9918
f 9918 9909 9910
f 9918 9910 9919
f 9919 9910 9911
f 9919 9911 9920
f 9920 9911 9912
f 9922 9921 9619
f 9922 9619 9620
f 9619 9923 9622
f 9921 9923 9619
f 9622 9924 9624
f 9923 9924 9622
f 9624 9925 9625
f 9924 9925 9624
f 9625 9926 9626
f 9925 9926 9625
f 9626 9927 9627
f 9926 9927 9626
f 9627 9928 9628
f 9927 9928 9627
f 9628 9929 9629
f 9928 9929 9628
f 9629 9930 9630
f 9929 9930 9629
f 9630 9931 9631
f 9930 9931 9630
f 9631 9932 9632
f 9931 9932 9631
f 9632 9933 9633
f 9932 9933 9632
f 9633 9934 9634
f 9933 9934 9633
f 9634 9935 9635
f 9934 9935 9634
f 9635 9936 9636
f 9935 9936 9635
f 9636 9937 9637
f 9936 9937 9636
f 9637 9938 9638
f 9937 9938 9637
f 9638 9939 9639
f 9938 9939 9638
f 9639 9940 9640
f 9939 9940 9639
f 9640 9941 9641
f 9940 9941 9640
f 9641 9942 9642
f 9941 9942 9641
f 9642 9943 9643
f 9942 9943 9642
f 9643 9944 9644
f 9943 9944 9643
f 9644 9945 9645
f 9944 9945 9644
f 9645 9946 9646
f 9945 9946 9645
f 9646 9947 9647
f 9946 9947 9646
f 9647 9948 9648
f 9947 9948 9647
f 9648 9949 9649
f 9948 9949 9648
f 9649 9950 9650
f 9949 9950 9649
f 9650 9951 9651
f 9950 9951 9650
f 9651 9952 9652
f 9951 9952 9651
f 9652 9953 9653
f 9952 9953 9652
f 9653 9954 9654
f 9953 9954 9653
f 9654 9955 9655
f 9954 9955 9654
f 9655 9956 9656
f 9955 9956 9655
f 9656 9957 9657
f 9956 9957 9656
f 9657 9958 9658
f 9957 9958 9657
f 9658 9959 9659
f 9958 9959 9658
f 9659 9960 9660
f 9959 9960 9659
f 9660 9961 9661
f 9960 9961 9660
f 9661 9962 9662
f 9961 9962 9661
f 9662 9963 9663
f 9962 9963 9662
f 9663 9964 9664
f 9963 9964 9663
f 9664 9965 9665
f 9964 9965 9664
f 9665 9966 9666
f 9965 9966 9665
f 9666 9967 9667
f 9966 9967 9666
f 9667 9968 9668
f 9967 9968 9667
f 9668 9969 9669
f 9968 9969 9668
f 9669 9970 9670
f 9969 9970 9669
f 9670 9971 9671
f 9970 9971 9670
f 9671 9972 9672
f 9971 9972 9671
f 9672 9973 9673
f 9972 9973 9672
f 9673 9974 9674
f 9973 9974 9673
f 9674 9975 9676
f 9974 9975 9674
f 9676 9976 9678
f 9975 9976 9676
f 9678 9977 9680
f 9976 9977 9678
f 9680 9978 9682
f 9977 9978 9680
f 9682 9979 9684
f 9978 9979 9682
f 9684 9980 9686
f 9979 9980 9684
f 9686 9981 9688
f 9980 9981 9686
f 9688 9982 9689
f 9981 9982 9688
f 9689 9983 9690
f 9982 9983 9689
f 9690 9984 9691
f 9983 9984 9690
f 9691 9985 9693
f 9984 9985 9691
f 9693 9986 9695
f 9985 9986 9693
f 9695 9987 9697
f 9986 9987 9695
f 9697 9988 9699
f 9987 9988 9697
f 9699 9989 9701
f 9988 9989 9699
f 9702 9701 9989
f 9702 9989 9990
f 9703 9922 9620
f 9703 9991 9922
f 9990 9704 9702
f 9992 9704 9990
f 9705 9991 9703
f 9705 9993 9991
f 9992 9706 9704
f 9994 9706 9992
f 9707 9993 9705
f 9707 9995 9993
f 9994 9708 9706
f 9996 9708 9994
f 9709 9995 9707
f 9709 9997 9995
f 9996 9710 9708
f 9998 9710 9996
f 9711 9997 9709
f 9711 9999 9997
f 9998 9712 9710
f 10000 9712 9998
f 9713 9999 9711
f 9713 10001 9999
f 10000 9714 9712
f 10002 9714 10000
f 9716 10001 9713
f 9716 10003 10001
f 10002 9717 9714
f 10004 9717 10002
f 9719 10003 9716
f 9719 10005 10003
f 10004 9720 9717
f 10006 9720 10004
f 9722 10005 9719
f 9722 10007 10005
f 10006 9723 9720
f 10008 9723 10006
f 9725 10007 9722
f 9725 10009 10007
f 10008 9727 9723
f 10010 9727 10008
f 9729 10009 9725
f 9729 10011 10009
f 10010 9731 9727
f 10012 9731 10010
f 9733 10011 9729
f 9733 10013 10011
f 10012 9736 9731
f 10014 9736 10012
f 9738 10013 9733
f 9738 10015 10013
f 10014 9742 9736
f 10016 9742 10014
f 9744 10015 9738
f 9744 10017 10015
f 10018 9782 9783
f 10018 9783 10019
f 9783 10020 10019
f 9783 9784 10020
f 9784 9742 10016
f 9784 10016 10020
f 9786 10017 9744
f 9786 10021 10017
f 10022 9797 9798
f 9799 10023 9798
f 9798 10023 10022
f 9800 10024 9799
f 9799 10024 10023
f 9801 10025 9800
f 9800 10025 10024
f 9802 10026 9801
f 9801 10026 10025
f 10026 9802 10027
f 9802 10028 10027
f 9802 9803 10028
f 10029 9803 9804
f 10029 10028 9803
f 10030 9804 9805
f 10030 10029 9804
f 10031 9805 9806
f 10031 10030 9805
f 10032 9806 9807
f 10032 10031 9806
f 10033 9807 9808
f 10033 10032 9807
f 10034 9808 9809
f 10034 10033 9808
f 10035 9809 9810
f 10035 10034 9809
f 10036 9810 9811
f 10036 10035 9810
f 10037 9811 9812
f 10037 10036 9811
f 10038 9812 9813
f 10038 10037 9812
f 10039 9813 9814
f 10039 10038 9813
f 10040 9814 9815
f 10040 10039 9814
f 10041 9815 9816
f 10041 10040 9815
f 10042 9816 9817
f 10042 10041 9816
f 10043 9817 9818
f 10043 10042 9817
f 10044 9818 9819
f 10044 10043 9818
f 10045 9819 9820
f 10045 10044 9819
f 10046 9820 9821
f 10046 10045 9820
f 10047 9821 9822
f 10047 10046 9821
f 10048 9822 9823
f 10048 10047 9822
f 10049 9823 9824
f 10049 10048 9823
f 10050 9824 9825
f 10050 10049 9824
f 10051 9825 9826
f 10051 10050 9825
f 10052 9826 9827
f 10052 10051 9826
f 10053 9827 9828
f 10053 10052 9827
f 10054 9828 9829
f 10054 10053 9828
f 10055 9829 9830
f 10055 10054 9829
f 10056 9830 9831
f 10056 10055 9830
f 10057 9831 9832
f 10057 10056 9831
f 10058 9832 9833
f 10058 10057 9832
f 9833 9782 10018
f 10059 9833 10018
f 10058 9833 10059
f 10059 10018 10019
f 9835 10021 9786
f 9835 10060 10021
f 10061 9842 9843
f 10061 9843 10062
f 9843 10063 10062
f 9843 9844 10063
f 10064 9844 9845
f 10064 10063 9844
f 10065 9845 9846
f 10065 10064 9845
f 10066 9846 9847
f 10066 10065 9846
f 10067 9847 9848
f 10067 10066 9847
f 9848 9797 10022
f 10068 9848 10022
f 10067 9848 10068
f 10068 10022 10023
f 10068 10023 10069
f 10069 10023 10024
f 10069 10024 10070
f 10070 10024 10025
f 10070 10025 10071
f 10071 10025 10026
f 10071 10026 10072
f 10072 10026 10027
f 9850 10060 9835
f 9850 10073 10060
f 10074 9856 9857
f 10074 9857 10075
f 9857 10076 10075
f 9857 9858 10076
f 10077 9858 9859
f 10077 10076 9858
f 9859 9842 10061
f 10078 9859 10061
f 10077 9859 10078
f 10078 10061 10062
f 10079 10073 9850
f 10079 9850 9860
f 9860 9862 10079
f 10079 9862 10080
f 10081 9866 9867
f 10081 9867 10082
f 9867 10083 10082
f 9867 9868 10083
f 10084 9868 9869
f 10084 10083 9868
f 9869 9856 10074
f 10085 9869 10074
f 10084 9869 10085
f 10085 10074 10075
f 9871 10080 9862
f 9871 10086 10080
f 10088 10087 9877
f 9877 10087 9876
f 9877 9866 10081
f 10089 9877 10081
f 10088 9877 10089
f 10089 10081 10082
f 9871 9878 10090
f 10091 9871 10090
f 10086 9871 10091
f 9879 10090 9878
f 10092 9887 9888
f 10092 9888 10093
f 9888 10094 10093
f 9888 9889 10094
f 9889 9876 10087
f 9889 10087 10094
f 10095 10091 10090
f 10097 10095 10096
f 10096 10095 9890
f 10095 10090 9890
f 10090 9879 9890
f 9891 10096 9890
f 10098 9899 9900
f 9901 10099 9900
f 9900 10099 10098
f 10100 10099 9901
f 10100 9901 9887
f 10101 10100 9887
f 10092 10101 9887
f 10101 10092 10093
f 10102 10097 10096
f 10102 10096 9891
f 9902 10102 9891
f 10103 10102 9902
f 10104 9902 9903
f 10104 10103 9902
f 9903 9904 10104
f 10104 9904 10105
f 10106 9912 9913
f 10107 10106 9913
f 10107 9913 9899
f 10108 10107 9899
f 10098 10108 9899
f 10108 10098 10099
f 10108 10099 10109
f 10109 10099 10100
f 10110 10105 9904
f 10110 9904 9914
f 10112 10110 10111
f 10110 9915 10111
f 10110 9914 9915
f 9916 10113 9915
f 9915 10113 10111
f 9917 10114 9916
f 9916 10114 10113
f 9918 10115 9917
f 9917 10115 10114
f 10115 9918 10116
f 9918 10117 10116
f 9918 9919 10117
f 10118 9919 9920
f 10118 10117 9919
f 9920 9912 10106
f 10119 9920 10106
f 10118 9920 10119
f 10119 10106 10107
f 10120 10112 10111
f 10120 10111 10113
f 10120 10113 10121
f 10121 10113 10114
f 10121 10114 10122
f 10122 10114 10115
f 10122 10115 10123
f 10123 10115 10116
f 10125 10124 9921
f 10125 9921 9922
f 9921 10126 9923
f 10124 10126 9921
f 9923 10127 9924
f 10126 10127 9923
f 9924 10128 9925
f 10127 10128 9924
f 9925 10129 9926
f 10128 10129 9925
f 9926 10130 9927
f 10129 10130 9926
f 9927 10131 9928
f 10130 10131 9927
f 9928 10132 9929
f 10131 10132 9928
f 9929 10133 9930
f 10132 10133 9929
f 9930 10134 9931
f 10133 10134 9930
f 9931 10135 9932
f 10134 10135 9931
f 9932 10136 9933
f 10135 10136 9932
f 9933 10137 9934
f 10136 10137 9933
f 9934 10138 9935
f 10137 10138 9934
f 9935 10139 9936
f 10138 10139 9935
f 9936 10140 9937
f 10139 10140 9936
f 9937 10141 9938
f 10140 10141 9937
f 9938 10142 9939
f 10141 10142 9938
f 9939 10143 9940
f 10142 10143 9939
f 9940 10144 9941
f 10143 10144 9940
f 9941 10145 9942
f 10144 10145 9941
f 9942 10146 9943
f 10145 10146 9942
f 9943 10147 9944
f 10146 10147 9943
f 9944 10148 9945
f 10147 10148 9944
f 9945 10149 9946
f 10148 10149 9945
f 9946 10150 9947
f 10149 10150 9946
f 9947 10151 9948
f 10150 10151 9947
f 9948 10152 9949
f 10151 10152 9948
f 9949 10153 9950
f 10152 10153 9949
f 9950 10154 9951
f 10153 10154 9950
f 9951 10155 9952
f 10154 10155 9951
f 9952 10156 9953
f 10155 10156 9952
f 9953 10157 9954
f 10156 10157 9953
f 9954 10158 9955
f 10157 10158 9954
f 9955 10159 9956
f 10158 10159 9955
f 9956 10160 9957
f 10159 10160 9956
f 9957 10161 9958
f 10160 10161 9957
f 9958 10162 9959
f 10161 10162 9958
f 9959 10163 9960
f 10162 10163 9959
f 9960 10164 9961
f 10163 10164 9960
f 9961 10165 9962
f 10164 10165 9961
f 9962 10166 9963
f 10165 10166 9962
f 9963 10167 9964
f 10166 10167 9963
f 9964 10168 9965
f 10167 10168 9964
f 9965 10169 9966
f 10168 10169 9965
f 9966 10170 9967
f 10169 10170 9966
f 9967 10171 9968
f 10170 10171 9967
f 9968 10172 9969
f 10171 10172 9968
f 9969 10173 9970
f 10172 10173 9969
f 9970 10174 9971
f 10173 10174 9970
f 9971 10175 9972
f 10174 10175 9971
f 9972 10176 9973
f 10175 10176 9972
f 9973 10177 9974
f 10176 10177 9973
f 9974 10178 9975
f 10177 10178 9974
f 9975 10179 9976
f 10178 10179 9975
f 9976 10180 9977
f 10179 10180 9976
f 9977 10181 9978
f 10180 10181 9977
f 9978 10182 9979
f 10181 10182 9978
f 9979 10183 9980
f 10182 10183 9979
f 9980 10184 9981
f 10183 10184 9980
f 9981 10185 9982
f 10184 10185 9981
f 9982 10186 9983
f 10185 10186 9982
f 9983 10187 9984
f 10186 10187 9983
f 9984 10188 9985
f 10187 10188 9984
f 9985 10189 9986
f 10188 10189 9985
f 9986 10190 9987
f 10189 10190 9986
f 9987 10191 9988
f 10190 10191 9987
f 9988 10192 9989
f 10191 10192 9988
f 9990 9989 10192
f 9990 10192 10193
f 9991 10125 9922
f 9991 10194 10125
f 10193 9992 9990
f 10195 9992 10193
f 9993 10194 9991
f 9993 10196 10194
f 10195 9994 9992
f 10197 9994 10195
f 9995 10196 9993
f 9995 10198 10196
f 10197 9996 9994
f 10199 9996 10197
f 9997 10198 9995
f 9997 10200 10198
f 10199 9998 9996
f 10201 9998 10199
f 9999 10200 9997
f 9999 10202 10200
f 10201 10000 9998
f 10203 10000 10201
f 10001 10202 9999
f 10001 10204 10202
f 10203 10002 10000
f 10205 10002 10203
f 10003 10204 10001
f 10003 10206 10204
f 10205 10004 10002
f 10207 10004 10205
f 10005 10206 10003
f 10005 10208 10206
f 10207 10006 10004
f 10209 10006 10207
f 10007 10208 10005
f 10007 10210 10208
f 10209 10008 10006
f 10211 10008 10209
f 10009 10210 10007
f 10009 10212 10210
f 10211 10010 10008
f 10213 10010 10211
f 10011 10212 10009
f 10011 10214 10212
f 10213 10012 10010
f 10215 10012 10213
f 10013 10214 10011
f 10013 10216 10214
f 10215 10014 10012
f 10217 10014 10215
f 10015 10216 10013
f 10015 10218 10216
f 10217 10016 10014
f 10219 10016 10217
f 10017 10218 10015
f 10017 10220 10218
f 10221 10019 10020
f 10222 10221 10020
f 10016 10222 10020
f 10219 10222 10016
f 10021 10220 10017
f 10021 10223 10220
f 10224 10027 10028
f 10029 10225 10028
f 10028 10225 10224
f 10030 10226 10029
f 10029 10226 10225
f 10031 10227 10030
f 10030 10227 10226
f 10032 10228 10031
f 10031 10228 10227
f 10033 10229 10032
f 10032 10229 10228
f 10034 10230 10033
f 10033 10230 10229
f 10035 10231 10034
f 10034 10231 10230
f 10036 10232 10035
f 10035 10232 10231
f 10037 10233 10036
f 10036 10233 10232
f 10038 10234 10037
f 10037 10234 10233
f 10234 10038 10235
f 10038 10236 10235
f 10038 10039 10236
f 10237 10039 10040
f 10237 10236 10039
f 10238 10040 10041
f 10238 10237 10040
f 10239 10041 10042
f 10239 10238 10041
f 10240 10042 10043
f 10240 10239 10042
f 10241 10043 10044
f 10241 10240 10043
f 10242 10044 10045
f 10242 10241 10044
f 10243 10045 10046
f 10243 10242 10045
f 10244 10046 10047
f 10244 10243 10046
f 10245 10047 10048
f 10245 10244 10047
f 10246 10048 10049
f 10246 10245 10048
f 10247 10049 10050
f 10247 10246 10049
f 10248 10050 10051
f 10248 10247 10050
f 10249 10051 10052
f 10249 10248 10051
f 10250 10052 10053
f 10250 10249 10052
f 10251 10053 10054
f 10251 10250 10053
f 10252 10054 10055
f 10252 10251 10054
f 10253 10055 10056
f 10253 10252 10055
f 10254 10056 10057
f 10254 10253 10056
f 10255 10057 10058
f 10255 10254 10057
f 10256 10058 10059
f 10256 10255 10058
f 10059 10019 10221
f 10257 10059 10221
f 10256 10059 10257
f 10257 10221 10222
f 10060 10223 10021
f 10060 10258 10223
f 10259 10062 10063
f 10064 10260 10063
f 10063 10260 10259
f 10260 10064 10261
f 10064 10262 10261
f 10064 10065 10262
f 10263 10065 10066
f 10263 10262 10065
f 10264 10066 10067
f 10264 10263 10066
f 10265 10067 10068
f 10265 10264 10067
f 10266 10068 10069
f 10266 10265 10068
f 10267 10069 10070
f 10267 10266 10069
f 10268 10070 10071
f 10268 10267 10070
f 10269 10071 10072
f 10269 10268 10071
f 10072 10027 10224
f 10270 10072 10224
f 10269 10072 10270
f 10270 10224 10225
f 10270 10225 10271
f 10271 10225 10226
f 10271 10226 10272
f 10272 10226 10227
f 10272 10227 10273
f 10273 10227 10228
f 10273 10228 10274
f 10274 10228 10229
f 10274 10229 10275
f 10275 10229 10230
f 10275 10230 10276
f 10276 10230 10231
f 10276 10231 10277
f 10277 10231 10232
f 10277 10232 10278
f 10278 10232 10233
f 10278 10233 10279
f 10279 10233 10234
f 10279 10234 10280
f 10280 10234 10235
f 10073 10258 10060
f 10073 10281 10258
f 10282 10075 10076
f 10282 10076 10283
f 10076 10284 10283
f 10076 10077 10284
f 10285 10077 10078
f 10285 10284 10077
f 10078 10062 10259
f 10286 10078 10259
f 10285 10078 10286
f 10286 10259 10260
f 10286 10260 10287
f 10287 10260 10261
f 10073 10079 10288
f 10289 10073 10288
f 10281 10073 10289
f 10080 10288 10079
f 10291 10290 10083
f 10083 10290 10082
f 10292 10083 10084
f 10292 10291 10083
f 10293 10084 10085
f 10293 10292 10084
f 10085 10075 10282
f 10294 10085 10282
f 10293 10085 10294
f 10294 10282 10283
f 10295 10289 10288
f 10288 10080 10295
f 10080 10296 10295
f 10080 10086 10296
f 10298 10297 10088
f 10088 10297 10087
f 10299 10088 10089
f 10299 10298 10088
f 10089 10082 10290
f 10089 10290 10299
f 10091 10296 10086
f 10091 10300 10296
f 10302 10301 10094
f 10094 10301 10093
f 10094 10087 10297
f 10094 10297 10302
f 10303 10300 10091
f 10303 10091 10095
f 10095 10097 10303
f 10303 10097 10304
f 10306 10305 10101
f 10101 10305 10100
f 10101 10093 10301
f 10101 10301 10306
f 10307 10304 10097
f 10307 10097 10102
f 10309 10307 10308
f 10307 10103 10308
f 10307 10102 10103
f 10104 10310 10103
f 10103 10310 10308
f 10105 10310 10104
f 10312 10311 10108
f 10108 10311 10107
f 10313 10108 10109
f 10313 10312 10108
f 10109 10100 10305
f 10109 10305 10313
f 10314 10309 10308
f 10314 10308 10310
f 10314 10310 10315
f 10315 10310 10105
f 10110 10315 10105
f 10316 10315 10110
f 10110 10112 10316
f 10316 10112 10317
f 10319 10318 10117
f 10117 10318 10116
f 10320 10117 10118
f 10320 10319 10117
f 10321 10118 10119
f 10321 10320 10118
f 10119 10107 10311
f 10119 10311 10321
f 10322 10317 10112
f 10322 10112 10120
f 10323 10120 10121
f 10323 10322 10120
f 10324 10121 10122
f 10324 10323 10121
f 10325 10122 10123
f 10325 10324 10122
f 10123 10116 10318
f 10123 10318 10325
f 10327 10326 10124
f 10327 10124 10125
f 10124 10328 10126
f 10326 10328 10124
f 10126 10329 10127
f 10328 10329 10126
f 10127 10330 10128
f 10329 10330 10127
f 10128 10331 10129
f 10330 10331 10128
f 10129 10332 10130
f 10331 10332 10129
f 10130 10333 10131
f 10332 10333 10130
f 10131 10334 10132
f 10333 10334 10131
f 10132 10335 10133
f 10334 10335 10132
f 10133 10336 10134
f 10335 10336 10133
f 10134 10337 10135
f 10336 10337 10134
f 10135 10338 10136
f 10337 10338 10135
f 10136 10339 10137
f 10338 10339 10136
f 10137 10340 10138
f 10339 10340 10137
f 10138 10341 10139
f 10340 10341 10138
f 10139 10342 10140
f 10341 10342 10139
f 10140 10343 10141
f 10342 10343 10140
f 10141 10344 10142
f 10343 10344 10141
f 10142 10345 10143
f 10344 10345 10142
f 10143 10346 10144
f 10345 10346 10143
f 10144 10347 10145
f 10346 10347 10144
f 10145 10348 10146
f 10347 10348 10145
f 10146 10349 10147
f 10348 10349 10146
f 10147 10350 10148
f 10349 10350 10147
f 10148 10351 10149
f 10350 10351 10148
f 10149 10352 10150
f 10351 10352 10149
f 10150 10353 10151
f 10352 10353 10150
f 10151 10354 10152
f 10353 10354 10151
f 10152 10355 10153
f 10354 10355 10152
f 10153 10356 10154
f 10355 10356 10153
f 10154 10357 10155
f 10356 10357 10154
f 10155 10358 10156
f 10357 10358 10155
f 10156 10359 10157
f 10358 10359 10156
f 10157 10360 10158
f 10359 10360 10157
f 10158 10361 10159
f 10360 10361 10158
f 10159 10362 10160
f 10361 10362 10159
f 10160 10363 10161
f 10362 10363 10160
f 10161 10364 10162
f 10363 10364 10161
f 10162 10365 10163
f 10364 10365 10162
f 10163 10366 10164
f 10365 10366 10163
f 10164 10367 10165
f 10366 10367 10164
f 10165 10368 10166
f 10367 10368 10165
f 10166 10369 10167
f 10368 10369 10166
f 10167 10370 10168
f 10369 10370 10167
f 10168 10371 10169
f 10370 10371 10168
f 10169 10372 10170
f 10371 10372 10169
f 10170 10373 10171
f 10372 10373 10170
f 10171 10374 10172
f 10373 10374 10171
f 10172 10375 10173
f 10374 10375 10172
f 10173 10376 10174
f 10375 10376 10173
f 10174 10377 10175
f 10376 10377 10174
f 10175 10378 10176
f 10377 10378 10175
f 10176 10379 10177
f 10378 10379 10176
f 10177 10380 10178
f 10379 10380 10177
f 10178 10381 10179
f 10380 10381 10178
f 10179 10382 10180
f 10381 10382 10179
f 10180 10383 10181
f 10382 10383 10180
f 10181 10384 10182
f 10383 10384 10181
f 10182 10385 10183
f 10384 10385 10182
f 10183 10386 10184
f 10385 10386 10183
f 10184 10387 10185
f 10386 10387 10184
f 10185 10388 10186
f 10387 10388 10185
f 10186 10389 10187
f 10388 10389 10186
f 10187 10390 10188
f 10389 10390 10187
f 10188 10391 10189
f 10390 10391 10188
f 10189 10392 10190
f 10391 10392 10189
f 10190 10393 10191
f 10392 10393 10190
f 10191 10394 10192
f 10393 10394 10191
f 10193 10192 10394
f 10193 10394 10395
f 10194 10327 10125
f 10194 10396 10327
f 10395 10195 10193
f 10397 10195 10395
f 10196 10396 10194
f 10196 10398 10396
f 10397 10197 10195
f 10399 10197 10397
f 10198 10398 10196
f 10198 10400 10398
f 10399 10199 10197
f 10401 10199 10399
f 10200 10400 10198
f 10200 10402 10400
f 10401 10201 10199
f 10403 10201 10401
f 10202 10402 10200
f 10202 10404 10402
f 10403 10203 10201
f 10405 10203 10403
f 10204 10404 10202
f 10204 10406 10404
f 10405 10205 10203
f 10407 10205 10405
f 10206 10406 10204
f 10206 10408 10406
f 10407 10207 10205
f 10409 10207 10407
f 10208 10408 10206
f 10208 10410 10408
f 10409 10209 10207
f 10411 10209 10409
f 10210 10410 10208
f 10210 10412 10410
f 10411 10211 10209
f 10413 10211 10411
f 10212 10412 10210
f 10212 10414 10412
f 10413 10213 10211
f 10415 10213 10413
f 10214 10414 10212
f 10214 10416 10414
f 10415 10215 10213
f 10417 10215 10415
f 10216 10416 10214
f 10216 10418 10416
f 10417 10217 10215
f 10419 10217 10417
f 10218 10418 10216
f 10218 10420 10418
f 10419 10219 10217
f 10421 10219 10419
f 10220 10420 10218
f 10220 10422 10420
f 10421 10222 10219
f 10423 10222 10421
f 10223 10422 10220
f 10223 10424 10422
f 10425 10235 10236
f 10237 10426 10236
f 10236 10426 10425
f 10238 10427 10237
f 10237 10427 10426
f 10427 10238 10428
f 10238 10429 10428
f 10238 10239 10429
f 10430 10239 10240
f 10430 10429 10239
f 10431 10240 10241
f 10431 10430 10240
f 10432 10241 10242
f 10432 10431 10241
f 10433 10242 10243
f 10433 10432 10242
f 10434 10243 10244
f 10434 10433 10243
f 10435 10244 10245
f 10435 10434 10244
f 10437 10435 10436
f 10435 10246 10436
f 10435 10245 10246
f 10247 10438 10246
f 10246 10438 10436
f 10438 10247 10439
f 10247 10440 10439
f 10247 10248 10440
f 10441 10248 10249
f 10441 10440 10248
f 10442 10249 10250
f 10442 10441 10249
f 10443 10250 10251
f 10443 10442 10250
f 10444 10251 10252
f 10444 10443 10251
f 10445 10252 10253
f 10445 10444 10252
f 10446 10253 10254
f 10446 10445 10253
f 10447 10254 10255
f 10447 10446 10254
f 10448 10255 10256
f 10448 10447 10255
f 10449 10256 10257
f 10449 10448 10256
f 10257 10222 10423
f 10257 10423 10449
f 10258 10424 10223
f 10258 10450 10424
f 10452 10451 10262
f 10262 10451 10261
f 10453 10262 10263
f 10453 10452 10262
f 10454 10263 10264
f 10454 10453 10263
f 10455 10264 10265
f 10455 10454 10264
f 10456 10265 10266
f 10456 10455 10265
f 10457 10266 10267
f 10457 10456 10266
f 10458 10267 10268
f 10458 10457 10267
f 10459 10268 10269
f 10459 10458 10268
f 10460 10269 10270
f 10460 10459 10269
f 10461 10270 10271
f 10461 10460 10270
f 10462 10271 10272
f 10462 10461 10271
f 10463 10272 10273
f 10463 10462 10272
f 10464 10273 10274
f 10464 10463 10273
f 10465 10274 10275
f 10465 10464 10274
f 10466 10275 10276
f 10466 10465 10275
f 10467 10276 10277
f 10467 10466 10276
f 10468 10277 10278
f 10468 10467 10277
f 10469 10278 10279
f 10469 10468 10278
f 10470 10279 10280
f 10470 10469 10279
f 10280 10235 10425
f 10471 10280 10425
f 10470 10280 10471
f 10471 10425 10426
f 10471 10426 10472
f 10472 10426 10427
f 10472 10427 10473
f 10473 10427 10428
f 10474 10437 10436
f 10474 10436 10438
f 10474 10438 10475
f 10475 10438 10439
f 10281 10450 10258
f 10281 10476 10450
f 10478 10477 10284
f 10284 10477 10283
f 10479 10284 10285
f 10479 10478 10284
f 10480 10285 10286
f 10480 10479 10285
f 10481 10286 10287
f 10481 10480 10286
f 10287 10261 10451
f 10287 10451 10481
f 10289 10476 10281
f 10289 10482 10476
f 10484 10483 10291
f 10291 10483 10290
f 10485 10291 10292
f 10485 10484 10291
f 10486 10292 10293
f 10486 10485 10292
f 10487 10293 10294
f 10487 10486 10293
f 10294 10283 10477
f 10294 10477 10487
f 10488 10482 10289
f 10488 10289 10295
f 10295 10296 10488
f 10488 10296 10489
f 10491 10490 10298
f 10298 10490 10297
f 10492 10298 10299
f 10492 10491 10298
f 10299 10290 10483
f 10299 10483 10492
f 10300 10489 10296
f 10300 10493 10489
f 10495 10494 10302
f 10302 10494 10301
f 10302 10297 10490
f 10302 10490 10495
f 10300 10303 10496
f 10497 10300 10496
f 10493 10300 10497
f 10304 10496 10303
f 10499 10498 10306
f 10306 10498 10305
f 10306 10301 10494
f 10306 10494 10499
f 10500 10497 10496
f 10500 10496 10304
f 10307 10500 10304
f 10501 10500 10307
f 10307 10309 10501
f 10501 10309 10502
f 10503 10311 10312
f 10503 10312 10504
f 10312 10505 10504
f 10312 10313 10505
f 10313 10305 10498
f 10313 10498 10505
f 10506 10502 10309
f 10506 10309 10314
f 10507 10314 10315
f 10507 10506 10314
f 10509 10507 10508
f 10507 10316 10508
f 10507 10315 10316
f 10317 10508 10316
f 10510 10318 10319
f 10510 10319 10511
f 10319 10512 10511
f 10319 10320 10512
f 10513 10320 10321
f 10513 10512 10320
f 10321 10311 10503
f 10514 10321 10503
f 10513 10321 10514
f 10514 10503 10504
f 10515 10509 10508
f 10515 10508 10317
f 10322 10515 10317
f 10516 10515 10322
f 10517 10322 10323
f 10517 10516 10322
f 10518 10323 10324
f 10518 10517 10323
f 10519 10324 10325
f 10519 10518 10324
f 10325 10318 10510
f 10520 10325 10510
f 10519 10325 10520
f 10520 10510 10511
f 10522 10521 10326
f 10522 10326 10327
f 10326 10523 10328
f 10521 10523 10326
f 10328 10524 10329
f 10523 10524 10328
f 10329 10525 10330
f 10524 10525 10329
f 10330 10526 10331
f 10525 10526 10330
f 10331 10527 10332
f 10526 10527 10331
f 10332 10528 10333
f 10527 10528 10332
f 10333 10529 10334
f 10528 10529 10333
f 10334 10530 10335
f 10529 10530 10334
f 10335 10531 10336
f 10530 10531 10335
f 10336 10532 10337
f 10531 10532 10336
f 10337 10533 10338
f 10532 10533 10337
f 10338 10534 10339
f 10533 10534 10338
f 10339 10535 10340
f 10534 10535 10339
f 10340 10536 10341
f 10535 10536 10340
f 10341 10537 10342
f 10536 10537 10341
f 10342 10538 10343
f 10537 10538 10342
f 10343 10539 10344
f 10538 10539 10343
f 10344 10540 10345
f 10539 10540 10344
f 10345 10541 10346
f 10540 10541 10345
f 10346 10542 10347
f 10541 10542 10346
f 10347 10543 10348
f 10542 10543 10347
f 10348 10544 10349
f 10543 10544 10348
f 10349 10545 10350
f 10544 10545 10349
f 10350 10546 10351
f 10545 10546 10350
f 10351 10547 10352
f 10546 10547 10351
f 10352 10548 10353
f 10547 10548 10352
f 10353 10549 10354
f 10548 10549 10353
f 10354 10550 10355
f 10549 10550 10354
f 10355 10551 10356
f 10550 10551 10355
f 10356 10552 10357
f 10551 10552 10356
f 10357 10553 10358
f 10552 10553 10357
f 10358 10554 10359
f 10553 10554 10358
f 10359 10555 10360
f 10554 10555 10359
f 10360 10556 10361
f 10555 10556 10360
f 10361 10557 10362
f 10556 10557 10361
f 10362 10558 10363
f 10557 10558 10362
f 10363 10559 10364
f 10558 10559 10363
f 10364 10560 10365
f 10559 10560 10364
f 10365 10561 10366
f 10560 10561 10365
f 10366 10562 10367
f 10561 10562 10366
f 10367 10563 10368
f 10562 10563 10367
f 10368 10564 10369
f 10563 10564 10368
f 10369 10565 10370
f 10564 10565 10369
f 10370 10566 10371
f 10565 10566 10370
f 10371 10567 10372
f 10566 10567 10371
f 10372 10568 10373
f 10567 10568 10372
f 10373 10569 10374
f 10568 10569 10373
f 10374 10570 10375
f 10569 10570 10374
f 10375 10571 10376
f 10570 10571 10375
f 10376 10572 10377
f 10571 10572 10376
f 10377 10573 10378
f 10572 10573 10377
f 10378 10574 10379
f 10573 10574 10378
f 10379 10575 10380
f 10574 10575 10379
f 10380 10576 10381
f 10575 10576 10380
f 10381 10577 10382
f 10576 10577 10381
f 10382 10578 10383
f 10577 10578 10382
f 10383 10579 10384
f 10578 10579 10383
f 10384 10580 10385
f 10579 10580 10384
f 10385 10581 10386
f 10580 10581 10385
f 10386 10582 10387
f 10581 10582 10386
f 10387 10583 10388
f 10582 10583 10387
f 10388 10584 10389
f 10583 10584 10388
f 10389 10585 10390
f 10584 10585 10389
f 10390 10586 10391
f 10585 10586 10390
f 10391 10587 10392
f 10586 10587 10391
f 10392 10588 10393
f 10587 10588 10392
f 10393 10589 10394
f 10588 10589 10393
f 10395 10394 10589
f 10395 10589 10590
f 10396 10522 10327
f 10396 10591 10522
f 10590 10397 10395
f 10592 10397 10590
f 10398 10591 10396
f 10398 10593 10591
f 10592 10399 10397
f 10594 10399 10592
f 10400 10593 10398
f 10400 10595 10593
f 10594 10401 10399
f 10596 10401 10594
f 10402 10595 10400
f 10402 10597 10595
f 10596 10403 10401
f 10598 10403 10596
f 10404 10597 10402
f 10404 10599 10597
f 10598 10405 10403
f 10600 10405 10598
f 10406 10599 10404
f 10406 10601 10599
f 10600 10407 10405
f 10602 10407 10600
f 10408 10601 10406
f 10408 10603 10601
f 10602 10409 10407
f 10604 10409 10602
f 10410 10603 10408
f 10410 10605 10603
f 10604 10411 10409
f 10606 10411 10604
f 10412 10605 10410
f 10412 10607 10605
f 10606 10413 10411
f 10608 10413 10606
f 10414 10607 10412
f 10414 10609 10607
f 10608 10415 10413
f 10610 10415 10608
f 10416 10609 10414
f 10416 10611 10609
f 10610 10417 10415
f 10612 10417 10610
f 10418 10611 10416
f 10418 10613 10611
f 10612 10419 10417
f 10614 10419 10612
f 10420 10613 10418
f 10420 10615 10613
f 10614 10421 10419
f 10616 10421 10614
f 10422 10615 10420
f 10422 10617 10615
f 10620 10619 10618
f 10616 10620 10618
f 10423 10616 10618
f 10421 10616 10423
f 10424 10617 10422
f 10424 10621 10617
f 10624 10623 10622
f 10626 10625 10622
f 10622 10625 10624
f 10628 10627 10626
f 10626 10627 10625
f 10630 10629 10628
f 10628 10629 10627
f 10632 10631 10630
f 10630 10631 10629
f 10634 10633 10632
f 10632 10633 10631
f 10636 10635 10634
f 10634 10635 10633
f 10638 10637 10636
f 10636 10637 10635
f 10640 10639 10638
f 10638 10639 10637
f 10642 10641 10640
f 10640 10641 10639
f 10644 10643 10642
f 10642 10643 10641
f 10646 10645 10644
f 10644 10645 10643
f 10648 10647 10646
f 10646 10647 10645
f 10650 10649 10648
f 10648 10649 10647
f 10652 10651 10650
f 10650 10651 10649
f 10654 10653 10652
f 10652 10653 10651
f 10656 10655 10654
f 10654 10655 10653
f 10658 10657 10656
f 10656 10657 10655
f 10428 10429 10658
f 10429 10657 10658
f 10429 10659 10657
f 10660 10429 10430
f 10660 10659 10429
f 10661 10430 10431
f 10661 10660 10430
f 10662 10431 10432
f 10662 10661 10431
f 10663 10432 10433
f 10663 10662 10432
f 10664 10433 10434
f 10664 10663 10433
f 10665 10434 10435
f 10665 10664 10434
f 10667 10666 10437
f 10666 10435 10437
f 10666 10665 10435
f 10669 10668 10667
f 10667 10668 10666
f 10439 10440 10669
f 10440 10668 10669
f 10440 10670 10668
f 10671 10440 10441
f 10671 10670 10440
f 10672 10441 10442
f 10672 10671 10441
f 10673 10442 10443
f 10673 10672 10442
f 10674 10443 10444
f 10674 10673 10443
f 10675 10444 10445
f 10675 10674 10444
f 10676 10445 10446
f 10676 10675 10445
f 10677 10446 10447
f 10677 10676 10446
f 10678 10447 10448
f 10678 10677 10447
f 10449 10618 10619
f 10678 10449 10619
f 10448 10449 10678
f 10618 10449 10423
f 10450 10621 10424
f 10450 10679 10621
f 10682 10681 10680
f 10684 10683 10680
f 10680 10683 10682
f 10451 10452 10684
f 10452 10683 10684
f 10452 10685 10683
f 10686 10452 10453
f 10686 10685 10452
f 10687 10453 10454
f 10687 10686 10453
f 10688 10454 10455
f 10688 10687 10454
f 10456 10622 10623
f 10688 10456 10623
f 10455 10456 10688
f 10622 10456 10457
f 10622 10457 10626
f 10626 10457 10458
f 10626 10458 10628
f 10628 10458 10459
f 10628 10459 10630
f 10630 10459 10460
f 10630 10460 10632
f 10632 10460 10461
f 10632 10461 10634
f 10634 10461 10462
f 10634 10462 10636
f 10636 10462 10463
f 10636 10463 10638
f 10638 10463 10464
f 10638 10464 10640
f 10640 10464 10465
f 10640 10465 10642
f 10642 10465 10466
f 10642 10466 10644
f 10644 10466 10467
f 10644 10467 10646
f 10646 10467 10468
f 10646 10468 10648
f 10648 10468 10469
f 10648 10469 10650
f 10650 10469 10470
f 10650 10470 10652
f 10652 10470 10471
f 10652 10471 10654
f 10654 10471 10472
f 10654 10472 10656
f 10656 10472 10473
f 10656 10473 10658
f 10658 10473 10428
f 10474 10667 10437
f 10667 10474 10475
f 10667 10475 10669
f 10669 10475 10439
f 10476 10679 10450
f 10476 10689 10679
f 10692 10691 10690
f 10694 10693 10690
f 10690 10693 10692
f 10477 10478 10694
f 10478 10693 10694
f 10478 10695 10693
f 10696 10478 10479
f 10696 10695 10478
f 10480 10680 10681
f 10696 10480 10681
f 10479 10480 10696
f 10680 10480 10481
f 10680 10481 10684
f 10684 10481 10451
f 10482 10689 10476
f 10482 10697 10689
f 10699 10698 10484
f 10484 10698 10483
f 10700 10484 10485
f 10700 10699 10484
f 10486 10690 10691
f 10700 10486 10691
f 10485 10486 10700
f 10690 10486 10487
f 10690 10487 10694
f 10694 10487 10477
f 10701 10697 10482
f 10701 10482 10488
f 10488 10489 10701
f 10701 10489 10702
f 10704 10703 10491
f 10491 10703 10490
f 10705 10491 10492
f 10705 10704 10491
f 10492 10483 10698
f 10492 10698 10705
f 10493 10702 10489
f 10493 10706 10702
f 10708 10707 10495
f 10495 10707 10494
f 10495 10490 10703
f 10495 10703 10708
f 10497 10706 10493
f 10497 10709 10706
f 10711 10710 10499
f 10499 10710 10498
f 10499 10494 10707
f 10499 10707 10711
f 10712 10709 10497
f 10712 10497 10500
f 10713 10500 10501
f 10713 10712 10500
f 10501 10502 10713
f 10713 10502 10714
f 10717 10716 10715
f 10504 10505 10715
f 10505 10717 10715
f 10505 10718 10717
f 10505 10498 10710
f 10505 10710 10718
f 10719 10714 10502
f 10719 10502 10506
f 10720 10506 10507
f 10720 10719 10506
f 10507 10509 10720
f 10720 10509 10721
f 10724 10723 10722
f 10511 10512 10722
f 10512 10724 10722
f 10512 10725 10724
f 10726 10512 10513
f 10726 10725 10512
f 10514 10715 10716
f 10726 10514 10716
f 10513 10514 10726
f 10715 10514 10504
f 10727 10721 10509
f 10727 10509 10515
f 10728 10515 10516
f 10728 10727 10515
f 10729 10516 10517
f 10729 10728 10516
f 10730 10517 10518
f 10730 10729 10517
f 10731 10518 10519
f 10731 10730 10518
f 10520 10722 10723
f 10731 10520 10723
f 10519 10520 10731
f 10722 10520 10511
f 10522 10732 10521
f 10733 10523 10521
f 10733 10521 10732
f 10734 10524 10523
f 10734 10523 10733
f 10735 10525 10524
f 10735 10524 10734
f 10736 10526 10525
f 10736 10525 10735
f 10737 10527 10526
f 10737 10526 10736
f 10738 10528 10527
f 10738 10527 10737
f 10739 10529 10528
f 10739 10528 10738
f 10740 10530 10529
f 10740 10529 10739
f 10741 10531 10530
f 10741 10530 10740
f 10742 10532 10531
f 10742 10531 10741
f 10743 10533 10532
f 10743 10532 10742
f 10744 10534 10533
f 10744 10533 10743
f 10745 10535 10534
f 10745 10534 10744
f 10746 10536 10535
f 10746 10535 10745
f 10747 10537 10536
f 10747 10536 10746
f 10748 10538 10537
f 10748 10537 10747
f 10749 10539 10538
f 10749 10538 10748
f 10750 10540 10539
f 10750 10539 10749
f 10751 10541 10540
f 10751 10540 10750
f 10752 10542 10541
f 10752 10541 10751
f 10753 10543 10542
f 10753 10542 10752
f 10754 10544 10543
f 10754 10543 10753
f 10755 10545 10544
f 10755 10544 10754
f 10756 10546 10545
f 10756 10545 10755
f 10757 10547 10546
f 10757 10546 10756
f 10758 10548 10547
f 10758 10547 10757
f 10759 10549 10548
f 10759 10548 10758
f 10760 10550 10549
f 10760 10549 10759
f 10761 10551 10550
f 10761 10550 10760
f 10762 10552 10551
f 10762 10551 10761
f 10763 10553 10552
f 10763 10552 10762
f 10764 10554 10553
f 10764 10553 10763
f 10765 10555 10554
f 10765 10554 10764
f 10766 10556 10555
f 10766 10555 10765
f 10767 10557 10556
f 10767 10556 10766
f 10768 10558 10557
f 10768 10557 10767
f 10769 10559 10558
f 10769 10558 10768
f 10770 10560 10559
f 10770 10559 10769
f 10771 10561 10560
f 10771 10560 10770
f 10772 10562 10561
f 10772 10561 10771
f 10773 10563 10562
f 10773 10562 10772
f 10774 10564 10563
f 10774 10563 10773
f 10775 10565 10564
f 10775 10564 10774
f 10776 10566 10565
f 10776 10565 10775
f 10777 10567 10566
f 10777 10566 10776
f 10778 10568 10567
f 10778 10567 10777
f 10779 10569 10568
f 10779 10568 10778
f 10780 10570 10569
f 10780 10569 10779
f 10781 10571 10570
f 10781 10570 10780
f 10782 10572 10571
f 10782 10571 10781
f 10783 10573 10572
f 10783 10572 10782
f 10784 10574 10573
f 10784 10573 10783
f 10785 10575 10574
f 10785 10574 10784
f 10786 10576 10575
f 10786 10575 10785
f 10787 10577 10576
f 10787 10576 10786
f 10788 10578 10577
f 10788 10577 10787
f 10789 10579 10578
f 10789 10578 10788
f 10790 10580 10579
f 10790 10579 10789
f 10791 10581 10580
f 10791 10580 10790
f 10792 10582 10581
f 10792 10581 10791
f 10793 10583 10582
f 10793 10582 10792
f 10794 10584 10583
f 10794 10583 10793
f 10795 10585 10584
f 10795 10584 10794
f 10796 10586 10585
f 10796 10585 10795
f 10797 10587 10586
f 10797 10586 10796
f 10798 10588 10587
f 10798 10587 10797
f 10799 10589 10588
f 10799 10588 10798
f 10799 10590 10589
f 10591 10800 10732
f 10591 10732 10522
f 10732 10801 10733
f 10732 10800 10801
f 10733 10802 10734
f 10733 10801 10802
f 10734 10803 10735
f 10734 10802 10803
f 10735 10804 10736
f 10735 10803 10804
f 10736 10805 10737
f 10736 10804 10805
f 10737 10806 10738
f 10737 10805 10806
f 10738 10807 10739
f 10738 10806 10807
f 10739 10808 10740
f 10739 10807 10808
f 10740 10809 10741
f 10740 10808 10809
f 10741 10810 10742
f 10741 10809 10810
f 10742 10811 10743
f 10742 10810 10811
f 10743 10812 10744
f 10743 10811 10812
f 10744 10813 10745
f 10744 10812 10813
f 10745 10814 10746
f 10745 10813 10814
f 10746 10815 10747
f 10746 10814 10815
f 10747 10816 10748
f 10747 10815 10816
f 10748 10817 10749
f 10748 10816 10817
f 10749 10818 10750
f 10749 10817 10818
f 10750 10819 10751
f 10750 10818 10819
f 10751 10820 10752
f 10751 10819 10820
f 10752 10821 10753
f 10752 10820 10821
f 10753 10822 10754
f 10753 10821 10822
f 10754 10823 10755
f 10754 10822 10823
f 10755 10824 10756
f 10755 10823 10824
f 10756 10825 10757
f 10756 10824 10825
f 10757 10826 10758
f 10757 10825 10826
f 10758 10827 10759
f 10758 10826 10827
f 10759 10828 10760
f 10759 10827 10828
f 10760 10829 10761
f 10760 10828 10829
f 10761 10830 10762
f 10761 10829 10830
f 10762 10831 10763
f 10762 10830 10831
f 10763 10832 10764
f 10763 10831 10832
f 10764 10833 10765
f 10764 10832 10833
f 10765 10834 10766
f 10765 10833 10834
f 10766 10835 10767
f 10766 10834 10835
f 10767 10836 10768
f 10767 10835 10836
f 10768 10837 10769
f 10768 10836 10837
f 10769 10838 10770
f 10769 10837 10838
f 10770 10839 10771
f 10770 10838 10839
f 10771 10840 10772
f 10771 10839 10840
f 10772 10841 10773
f 10772 10840 10841
f 10773 10842 10774
f 10773 10841 10842
f 10774 10843 10775
f 10774 10842 10843
f 10775 10844 10776
f 10775 10843 10844
f 10776 10845 10777
f 10776 10844 10845
f 10777 10846 10778
f 10777 10845 10846
f 10778 10847 10779
f 10778 10846 10847
f 10779 10848 10780
f 10779 10847 10848
f 10780 10849 10781
f 10780 10848 10849
f 10781 10850 10782
f 10781 10849 10850
f 10782 10851 10783
f 10782 10850 10851
f 10783 10852 10784
f 10783 10851 10852
f 10784 10853 10785
f 10784 10852 10853
f 10785 10854 10786
f 10785 10853 10854
f 10786 10855 10787
f 10786 10854 10855
f 10787 10856 10788
f 10787 10855 10856
f 10788 10857 10789
f 10788 10856 10857
f 10789 10858 10790
f 10789 10857 10858
f 10790 10859 10791
f 10790 10858 10859
f 10791 10860 10792
f 10791 10859 10860
f 10792 10861 10793
f 10792 10860 10861
f 10793 10862 10794
f 10793 10861 10862
f 10794 10863 10795
f 10794 10862 10863
f 10795 10864 10796
f 10795 10863 10864
f 10796 10865 10797
f 10796 10864 10865
f 10797 10866 10798
f 10797 10865 10866
f 10798 10867 10799
f 10798 10866 10867
f 10867 10592 10590
f 10867 10590 10799
f 10593 10868 10800
f 10593 10800 10591
f 10800 10869 10801
f 10800 10868 10869
f 10801 10870 10802
f 10801 10869 10870
f 10802 10871 10803
f 10802 10870 10871
f 10803 10872 10804
f 10803 10871 10872
f 10804 10873 10805
f 10804 10872 10873
f 10805 10874 10806
f 10805 10873 10874
f 10806 10875 10807
f 10806 10874 10875
f 10807 10876 10808
f 10807 10875 10876
f 10808 10877 10809
f 10808 10876 10877
f 10809 10878 10810
f 10809 10877 10878
f 10810 10879 10811
f 10810 10878 10879
f 10811 10880 10812
f 10811 10879 10880
f 10812 10881 10813
f 10812 10880 10881
f 10813 10882 10814
f 10813 10881 10882
f 10814 10883 10815
f 10814 10882 10883
f 10815 10884 10816
f 10815 10883 10884
f 10816 10885 10817
f 10816 10884 10885
f 10817 10886 10818
f 10817 10885 10886
f 10818 10887 10819
f 10818 10886 10887
f 10819 10888 10820
f 10819 10887 10888
f 10820 10889 10821
f 10820 10888 10889
f 10821 10890 10822
f 10821 10889 10890
f 10822 10891 10823
f 10822 10890 10891
f 10823 10892 10824
f 10823 10891 10892
f 10824 10893 10825
f 10824 10892 10893
f 10825 10894 10826
f 10825 10893 10894
f 10826 10895 10827
f 10826 10894 10895
f 10827 10896 10828
f 10827 10895 10896
f 10828 10897 10829
f 10828 10896 10897
f 10829 10898 10830
f 10829 10897 10898
f 10830 10899 10831
f 10830 10898 10899
f 10831 10900 10832
f 10831 10899 10900
f 10832 10901 10833
f 10832 10900 10901
f 10833 10902 10834
f 10833 10901 10902
f 10834 10903 10835
f 10834 10902 10903
f 10835 10904 10836
f 10835 10903 10904
f 10836 10905 10837
f 10836 10904 10905
f 10837 10906 10838
f 10837 10905 10906
f 10838 10907 10839
f 10838 10906 10907
f 10839 10908 10840
f 10839 10907 10908
f 10840 10909 10841
f 10840 10908 10909
f 10841 10910 10842
f 10841 10909 10910
f 10842 10911 10843
f 10842 10910 10911
f 10843 10912 10844
f 10843 10911 10912
f 10844 10913 10845
f 10844 10912 10913
f 10845 10914 10846
f 10845 10913 10914
f 10846 10915 10847
f 10846 10914 10915
f 10847 10916 10848
f 10847 10915 10916
f 10848 10917 10849
f 10848 10916 10917
f 10849 10918 10850
f 10849 10917 10918
f 10850 10919 10851
f 10850 10918 10919
f 10851 10920 10852
f 10851 10919 10920
f 10852 10921 10853
f 10852 10920 10921
f 10853 10922 10854
f 10853 10921 10922
f 10854 10923 10855
f 10854 10922 10923
f 10855 10924 10856
f 10855 10923 10924
f 10856 10925 10857
f 10856 10924 10925
f 10857 10926 10858
f 10857 10925 10926
f 10858 10927 10859
f 10858 10926 10927
f 10859 10928 10860
f 10859 10927 10928
f 10860 10929 10861
f 10860 10928 10929
f 10861 10930 10862
f 10861 10929 10930
f 10862 10931 10863
f 10862 10930 10931
f 10863 10932 10864
f 10863 10931 10932
f 10864 10933 10865
f 10864 10932 10933
f 10865 10934 10866
f 10865 10933 10934
f 10866 10935 10867
f 10866 10934 10935
f 10935 10594 10592
f 10935 10592 10867
f 10595 10936 10868
f 10595 10868 10593
f 10868 10937 10869
f 10868 10936 10937
f 10869 10938 10870
f 10869 10937 10938
f 10870 10939 10871
f 10870 10938 10939
f 10871 10940 10872
f 10871 10939 10940
f 10872 10941 10873
f 10872 10940 10941
f 10873 10942 10874
f 10873 10941 10942
f 10874 10943 10875
f 10874 10942 10943
f 10875 10944 10876
f 10875 10943 10944
f 10876 10945 10877
f 10876 10944 10945
f 10877 10946 10878
f 10877 10945 10946
f 10878 10947 10879
f 10878 10946 10947
f 10879 10948 10880
f 10879 10947 10948
f 10880 10949 10881
f 10880 10948 10949
f 10881 10950 10882
f 10881 10949 10950
f 10882 10951 10883
f 10882 10950 10951
f 10883 10952 10884
f 10883 10951 10952
f 10884 10953 10885
f 10884 10952 10953
f 10885 10954 10886
f 10885 10953 10954
f 10886 10955 10887
f 10886 10954 10955
f 10887 10956 10888
f 10887 10955 10956
f 10888 10957 10889
f 10888 10956 10957
f 10889 10958 10890
f 10889 10957 10958
f 10890 10959 10891
f 10890 10958 10959
f 10891 10960 10892
f 10891 10959 10960
f 10892 10961 10893
f 10892 10960 10961
f 10893 10962 10894
f 10893 10961 10962
f 10894 10963 10895
f 10894 10962 10963
f 10895 10964 10896
f 10895 10963 10964
f 10896 10965 10897
f 10896 10964 10965
f 10897 10966 10898
f 10897 10965 10966
f 10898 10967 10899
f 10898 10966 10967
f 10899 10968 10900
f 10899 10967 10968
f 10900 10969 10901
f 10900 10968 10969
f 10901 10970 10902
f 10901 10969 10970
f 10902 10971 10903
f 10902 10970 10971
f 10903 10972 10904
f 10903 10971 10972
f 10904 10973 10905
f 10904 10972 10973
f 10905 10974 10906
f 10905 10973 10974
f 10906 10975 10907
f 10906 10974 10975
f 10907 10976 10908
f 10907 10975 10976
f 10908 10977 10909
f 10908 10976 10977
f 10909 10978 10910
f 10909 10977 10978
f 10910 10979 10911
f 10910 10978 10979
f 10911 10980 10912
f 10911 10979 10980
f 10912 10981 10913
f 10912 10980 10981
f 10913 10982 10914
f 10913 10981 10982
f 10914 10983 10915
f 10914 10982 10983
f 10915 10984 10916
f 10915 10983 10984
f 10916 10985 10917
f 10916 10984 10985
f 10917 10986 10918
f 10917 10985 10986
f 10918 10987 10919
f 10918 10986 10987
f 10919 10988 10920
f 10919 10987 10988
f 10920 10989 10921
f 10920 10988 10989
f 10921 10990 10922
f 10921 10989 10990
f 10922 10991 10923
f 10922 10990 10991
f 10923 10992 10924
f 10923 10991 10992
f 10924 10993 10925
f 10924 10992 10993
f 10925 10994 10926
f 10925 10993 10994
f 10926 10995 10927
f 10926 10994 10995
f 10927 10996 10928
f 10927 10995 10996
f 10928 10997 10929
f 10928 10996 10997
f 10929 10998 10930
f 10929 10997 10998
f 10930 10999 10931
f 10930 10998 10999
f 10931 11000 10932
f 10931 10999 11000
f 10932 11001 10933
f 10932 11000 11001
f 10933 11002 10934
f 10933 11001 11002
f 10934 11003 10935
f 10934 11002 11003
f 11003 10596 10594
f 11003 10594 10935
f 10597 11004 10936
f 10597 10936 10595
f 10936 11005 10937
f 10936 11004 11005
f 10937 11006 10938
f 10937 11005 11006
f 10938 11007 10939
f 10938 11006 11007
f 10939 11008 10940
f 10939 11007 11008
f 10940 11009 10941
f 10940 11008 11009
f 10941 11010 10942
f 10941 11009 11010
f 10942 11011 10943
f 10942 11010 11011
f 10943 11012 10944
f 10943 11011 11012
f 10944 11013 10945
f 10944 11012 11013
f 10945 11014 10946
f 10945 11013 11014
f 10946 11015 10947
f 10946 11014 11015
f 10947 11016 10948
f 10947 11015 11016
f 10948 11017 10949
f 10948 11016 11017
f 10949 11018 10950
f 10949 11017 11018
f 10950 11019 10951
f 10950 11018 11019
f 10951 11020 10952
f 10951 11019 11020
f 10952 11021 10953
f 10952 11020 11021
f 10953 11022 10954
f 10953 11021 11022
f 10954 11023 10955
f 10954 11022 11023
f 10955 11024 10956
f 10955 11023 11024
f 10956 11025 10957
f 10956 11024 11025
f 10957 11026 10958
f 10957 11025 11026
f 10958 11027 10959
f 10958 11026 11027
f 10959 11028 10960
f 10959 11027 11028
f 10960 11029 10961
f 10960 11028 11029
f 10961 11030 10962
f 10961 11029 11030
f 10962 11031 10963
f 10962 11030 11031
f 10963 11032 10964
f 10963 11031 11032
f 10964 11033 10965
f 10964 11032 11033
f 10965 11034 10966
f 10965 11033 11034
f 10966 11035 10967
f 10966 11034 11035
f 10967 11036 10968
f 10967 11035 11036
f 10968 11037 10969
f 10968 11036 11037
f 10969 11038 10970
f 10969 11037 11038
f 10970 11039 10971
f 10970 11038 11039
f 10971 11040 10972
f 10971 11039 11040
f 10972 11041 10973
f 10972 11040 11041
f 10973 11042 10974
f 10973 11041 11042
f 10974 11043 10975
f 10974 11042 11043
f 10975 11044 10976
f 10975 11043 11044
f 10976 11045 10977
f 10976 11044 11045
f 10977 11046 10978
f 10977 11045 11046
f 10978 11047 10979
f 10978 11046 11047
f 10979 11048 10980
f 10979 11047 11048
f 10980 11049 10981
f 10980 11048 11049
f 10981 11050 10982
f 10981 11049 11050
f 10982 11051 10983
f 10982 11050 11051
f 10983 11052 10984
f 10983 11051 11052
f 10984 11053 10985
f 10984 11052 11053
f 10985 11054 10986
f 10985 11053 11054
f 10986 11055 10987
f 10986 11054 11055
f 10987 11056 10988
f 10987 11055 11056
f 10988 11057 10989
f 10988 11056 11057
f 10989 11058 10990
f 10989 11057 11058
f 10990 11059 10991
f 10990 11058 11059
f 10991 11060 10992
f 10991 11059 11060
f 10992 11061 10993
f 10992 11060 11061
f 10993 11062 10994
f 10993 11061 11062
f 10994 11063 10995
f 10994 11062 11063
f 10995 11064 10996
f 10995 11063 11064
f 10996 11065 10997
f 10996 11064 11065
f 10997 11066 10998
f 10997 11065 11066
f 10998 11067 10999
f 10998 11066 11067
f 10999 11068 11000
f 10999 11067 11068
f 11000 11069 11001
f 11000 11068 11069
f 11001 11070 11002
f 11001 11069 11070
f 11002 11071 11003
f 11002 11070 11071
f 11071 10598 10596
f 11071 10596 11003
f 10599 11072 11004
f 10599 11004 10597
f 11004 11073 11005
f 11004 11072 11073
f 11005 11074 11006
f 11005 11073 11074
f 11006 11075 11007
f 11006 11074 11075
f 11007 11076 11008
f 11007 11075 11076
f 11008 11077 11009
f 11008 11076 11077
f 11009 11078 11010
f 11009 11077 11078
f 11010 11079 11011
f 11010 11078 11079
f 11011 11080 11012
f 11011 11079 11080
f 11012 11081 11013
f 11012 11080 11081
f 11013 11082 11014
f 11013 11081 11082
f 11014 11083 11015
f 11014 11082 11083
f 11015 11084 11016
f 11015 11083 11084
f 11016 11085 11017
f 11016 11084 11085
f 11017 11086 11018
f 11017 11085 11086
f 11018 11087 11019
f 11018 11086 11087
f 11019 11088 11020
f 11019 11087 11088
f 11020 11089 11021
f 11020 11088 11089
f 11021 11090 11022
f 11021 11089 11090
f 11022 11091 11023
f 11022 11090 11091
f 11023 11092 11024
f 11023 11091 11092
f 11024 11093 11025
f 11024 11092 11093
f 11025 11094 11026
f 11025 11093 11094
f 11026 11095 11027
f 11026 11094 11095
f 11027 11096 11028
f 11027 11095 11096
f 11028 11097 11029
f 11028 11096 11097
f 11029 11098 11030
f 11029 11097 11098
f 11030 11099 11031
f 11030 11098 11099
f 11031 11100 11032
f 11031 11099 11100
f 11032 11101 11033
f 11032 11100 11101
f 11033 11102 11034
f 11033 11101 11102
f 11034 11103 11035
f 11034 11102 11103
f 11035 11104 11036
f 11035 11103 11104
f 11036 11105 11037
f 11036 11104 11105
f 11037 11106 11038
f 11037 11105 11106
f 11038 11107 11039
f 11038 11106 11107
f 11039 11108 11040
f 11039 11107 11108
f 11040 11109 11041
f 11040 11108 11109
f 11041 11110 11042
f 11041 11109 11110
f 11042 11111 11043
f 11042 11110 11111
f 11043 11112 11044
f 11043 11111 11112
f 11044 11113 11045
f 11044 11112 11113
f 11045 11114 11046
f 11045 11113 11114
f 11046 11115 11047
f 11046 11114 11115
f 11047 11116 11048
f 11047 11115 11116
f 11048 11117 11049
f 11048 11116 11117
f 11049 11118 11050
f 11049 11117 11118
f 11050 11119 11051
f 11050 11118 11119
f 11051 11120 11052
f 11051 11119 11120
f 11052 11121 11053
f 11052 11120 11121
f 11053 11122 11054
f 11053 11121 11122
f 11054 11123 11055
f 11054 11122 11123
f 11055 11124 11056
f 11055 11123 11124
f 11056 11125 11057
f 11056 11124 11125
f 11057 11126 11058
f 11057 11125 11126
f 11058 11127 11059
f 11058 11126 11127
f 11059 11128 11060
f 11059 11127 11128
f 11060 11129 11061
f 11060 11128 11129
f 11061 11130 11062
f 11061 11129 11130
f 11062 11131 11063
f 11062 11130 11131
f 11063 11132 11064
f 11063 11131 11132
f 11064 11133 11065
f 11064 11132 11133
f 11065 11134 11066
f 11065 11133 11134
f 11066 11135 11067
f 11066 11134 11135
f 11067 11136 11068
f 11067 11135 11136
f 11068 11137 11069
f 11068 11136 11137
f 11069 11138 11070
f 11069 11137 11138
f 11070 11139 11071
f 11070 11138 11139
f 11139 10600 10598
f 11139 10598 11071
f 10601 11140 11072
f 10601 11072 10599
f 11072 11141 11073
f 11072 11140 11141
f 11073 11142 11074
f 11073 11141 11142
f 11074 11143 11075
f 11074 11142 11143
f 11075 11144 11076
f 11075 11143 11144
f 11076 11145 11077
f 11076 11144 11145
f 11077 11146 11078
f 11077 11145 11146
f 11078 11147 11079
f 11078 11146 11147
f 11079 11148 11080
f 11079 11147 11148
f 11080 11149 11081
f 11080 11148 11149
f 11081 11150 11082
f 11081 11149 11150
f 11082 11151 11083
f 11082 11150 11151
f 11083 11152 11084
f 11083 11151 11152
f 11084 11153 11085
f 11084 11152 11153
f 11085 11154 11086
f 11085 11153 11154
f 11086 11155 11087
f 11086 11154 11155
f 11087 11156 11088
f 11087 11155 11156
f 11088 11157 11089
f 11088 11156 11157
f 11089 11158 11090
f 11089 11157 11158
f 11090 11159 11091
f 11090 11158 11159
f 11091 11160 11092
f 11091 11159 11160
f 11092 11161 11093
f 11092 11160 11161
f 11093 11162 11094
f 11093 11161 11162
f 11094 11163 11095
f 11094 11162 11163
f 11095 11164 11096
f 11095 11163 11164
f 11096 11165 11097
f 11096 11164 11165
f 11097 11166 11098
f 11097 11165 11166
f 11098 11167 11099
f 11098 11166 11167
f 11099 11168 11100
f 11099 11167 11168
f 11100 11169 11101
f 11100 11168 11169
f 11101 11170 11102
f 11101 11169 11170
f 11102 11171 11103
f 11102 11170 11171
f 11103 11172 11104
f 11103 11171 11172
f 11104 11173 11105
f 11104 11172 11173
f 11105 11174 11106
f 11105 11173 11174
f 11106 11175 11107
f 11106 11174 11175
f 11107 11176 11108
f 11107 11175 11176
f 11108 11177 11109
f 11108 11176 11177
f 11109 11178 11110
f 11109 11177 11178
f 11110 11179 11111
f 11110 11178 11179
f 11111 11180 11112
f 11111 11179 11180
f 11112 11181 11113
f 11112 11180 11181
f 11113 11182 11114
f 11113 11181 11182
f 11114 11183 11115
f 11114 11182 11183
f 11115 11184 11116
f 11115 11183 11184
f 11116 11185 11117
f 11116 11184 11185
f 11117 11186 11118
f 11117 11185 11186
f 11118 11187 11119
f 11118 11186 11187
f 11119 11188 11120
f 11119 11187 11188
f 11120 11189 11121
f 11120 11188 11189
f 11121 11190 11122
f 11121 11189 11190
f 11122 11191 11123
f 11122 11190 11191
f 11123 11192 11124
f 11123 11191 11192
f 11124 11193 11125
f 11124 11192 11193
f 11125 11194 11126
f 11125 11193 11194
f 11126 11195 11127
f 11126 11194 11195
f 11127 11196 11128
f 11127 11195 11196
f 11128 11197 11129
f 11128 11196 11197
f 11129 11198 11130
f 11129 11197 11198
f 11130 11199 11131
f 11130 11198 11199
f 11131 11200 11132
f 11131 11199 11200
f 11132 11201 11133
f 11132 11200 11201
f 11133 11202 11134
f 11133 11201 11202
f 11134 11203 11135
f 11134 11202 11203
f 11135 11204 11136
f 11135 11203 11204
f 11136 11205 11137
f 11136 11204 11205
f 11137 11206 11138
f 11137 11205 11206
f 11138 11207 11139
f 11138 11206 11207
f 11207 10602 10600
f 11207 10600 11139
f 10603 11208 11140
f 10603 11140 10601
f 11140 11209 11141
f 11140 11208 11209
f 11141 11210 11142
f 11141 11209 11210
f 11142 11211 11143
f 11142 11210 11211
f 11143 11212 11144
f 11143 11211 11212
f 11144 11213 11145
f 11144 11212 11213
f 11145 11214 11146
f 11145 11213 11214
f 11146 11215 11147
f 11146 11214 11215
f 11147 11216 11148
f 11147 11215 11216
f 11148 11217 11149
f 11148 11216 11217
f 11149 11218 11150
f 11149 11217 11218
f 11150 11219 11151
f 11150 11218 11219
f 11151 11220 11152
f 11151 11219 11220
f 11152 11221 11153
f 11152 11220 11221
f 11153 11222 11154
f 11153 11221 11222
f 11154 11223 11155
f 11154 11222 11223
f 11155 11224 11156
f 11155 11223 11224
f 11156 11225 11157
f 11156 11224 11225
f 11157 11226 11158
f 11157 11225 11226
f 11158 11227 11159
f 11158 11226 11227
f 11159 11228 11160
f 11159 11227 11228
f 11160 11229 11161
f 11160 11228 11229
f 11161 11230 11162
f 11161 11229 11230
f 11162 11231 11163
f 11162 11230 11231
f 11163 11232 11164
f 11163 11231 11232
f 11164 11233 11165
f 11164 11232 11233
f 11165 11234 11166
f 11165 11233 11234
f 11166 11235 11167
f 11166 11234 11235
f 11167 11236 11168
f 11167 11235 11236
f 11168 11237 11169
f 11168 11236 11237
f 11169 11238 11170
f 11169 11237 11238
f 11170 11239 11171
f 11170 11238 11239
f 11171 11240 11172
f 11171 11239 11240
f 11172 11241 11173
f 11172 11240 11241
f 11173 11242 11174
f 11173 11241 11242
f 11174 11243 11175
f 11174 11242 11243
f 11175 11244 11176
f 11175 11243 11244
f 11176 11245 11177
f 11176 11244 11245
f 11177 11246 11178
f 11177 11245 11246
f 11178 11247 11179
f 11178 11246 11247
f 11179 11248 11180
f 11179 11247 11248
f 11180 11249 11181
f 11180 11248 11249
f 11181 11250 11182
f 11181 11249 11250
f 11182 11251 11183
f 11182 11250 11251
f 11183 11252 11184
f 11183 11251 11252
f 11184 11253 11185
f 11184 11252 11253
f 11185 11254 11186
f 11185 11253 11254
f 11186 11255 11187
f 11186 11254 11255
f 11187 11256 11188
f 11187 11255 11256
f 11188 11257 11189
f 11188 11256 11257
f 11189 11258 11190
f 11189 11257 11258
f 11190 11259 11191
f 11190 11258 11259
f 11191 11260 11192
f 11191 11259 11260
f 11192 11261 11193
f 11192 11260 11261
f 11193 11262 11194
f 11193 11261 11262
f 11194 11263 11195
f 11194 11262 11263
f 11195 11264 11196
f 11195 11263 11264
f 11196 11265 11197
f 11196 11264 11265
f 11197 11266 11198
f 11197 11265 11266
f 11198 11267 11199
f 11198 11266 11267
f 11199 11268 11200
f 11199 11267 11268
f 11200 11269 11201
f 11200 11268 11269
f 11201 11270 11202
f 11201 11269 11270
f 11202 11271 11203
f 11202 11270 11271
f 11203 11272 11204
f 11203 11271 11272
f 11204 11273 11205
f 11204 11272 11273
f 11205 11274 11206
f 11205 11273 11274
f 11206 11275 11207
f 11206 11274 11275
f 11275 10604 10602
f 11275 10602 11207
f 10605 11276 11208
f 10605 11208 10603
f 11208 11277 11209
f 11208 11276 11277
f 11209 11278 11210
f 11209 11277 11278
f 11210 11279 11211
f 11210 11278 11279
f 11211 11280 11212
f 11211 11279 11280
f 11212 11281 11213
f 11212 11280 11281
f 11213 11282 11214
f 11213 11281 11282
f 11214 11283 11215
f 11214 11282 11283
f 11215 11284 11216
f 11215 11283 11284
f 11216 11285 11217
f 11216 11284 11285
f 11217 11286 11218
f 11217 11285 11286
f 11218 11287 11219
f 11218 11286 11287
f 11219 11288 11220
f 11219 11287 11288
f 11220 11289 11221
f 11220 11288 11289
f 11221 11290 11222
f 11221 11289 11290
f 11222 11291 11223
f 11222 11290 11291
f 11223 11292 11224
f 11223 11291 11292
f 11224 11293 11225
f 11224 11292 11293
f 11225 11294 11226
f 11225 11293 11294
f 11226 11295 11227
f 11226 11294 11295
f 11227 11296 11228
f 11227 11295 11296
f 11228 11297 11229
f 11228 11296 11297
f 11229 11298 11230
f 11229 11297 11298
f 11230 11299 11231
f 11230 11298 11299
f 11231 11300 11232
f 11231 11299 11300
f 11232 11301 11233
f 11232 11300 11301
f 11233 11302 11234
f 11233 11301 11302
f 11234 11303 11235
f 11234 11302 11303
f 11235 11304 11236
f 11235 11303 11304
f 11236 11305 11237
f 11236 11304 11305
f 11237 11306 11238
f 11237 11305 11306
f 11238 11307 11239
f 11238 11306 11307
f 11239 11308 11240
f 11239 11307 11308
f 11240 11309 11241
f 11240 11308 11309
f 11241 11310 11242
f 11241 11309 11310
f 11242 11311 11243
f 11242 11310 11311
f 11243 11312 11244
f 11243 11311 11312
f 11244 11313 11245
f 11244 11312 11313
f 11245 11314 11246
f 11245 11313 11314
f 11246 11315 11247
f 11246 11314 11315
f 11247 11316 11248
f 11247 11315 11316
f 11248 11317 11249
f 11248 11316 11317
f 11249 11318 11250
f 11249 11317 11318
f 11250 11319 11251
f 11250 11318 11319
f 11251 11320 11252
f 11251 11319 11320
f 11252 11321 11253
f 11252 11320 11321
f 11253 11322 11254
f 11253 11321 11322
f 11254 11323 11255
f 11254 11322 11323
f 11255 11324 11256
f 11255 11323 11324
f 11256 11325 11257
f 11256 11324 11325
f 11257 11326 11258
f 11257 11325 11326
f 11258 11327 11259
f 11258 11326 11327
f 11259 11328 11260
f 11259 11327 11328
f 11260 11329 11261
f 11260 11328 11329
f 11261 11330 11262
f 11261 11329 11330
f 11262 11331 11263
f 11262 11330 11331
f 11263 11332 11264
f 11263 11331 11332
f 11264 11333 11265
f 11264 11332 11333
f 11265 11334 11266
f 11265 11333 11334
f 11266 11335 11267
f 11266 11334 11335
f 11267 11336 11268
f 11267 11335 11336
f 11268 11337 11269
f 11268 11336 11337
f 11269 11338 11270
f 11269 11337 11338
f 11270 11339 11271
f 11270 11338 11339
f 11271 11340 11272
f 11271 11339 11340
f 11272 11341 11273
f 11272 11340 11341
f 11273 11342 11274
f 11273 11341 11342
f 11274 11343 11275
f 11274 11342 11343
f 11343 10606 10604
f 11343 10604 11275
f 10607 11344 11276
f 10607 11276 10605
f 11276 11345 11277
f 11276 11344 11345
f 11277 11346 11278
f 11277 11345 11346
f 11278 11347 11279
f 11278 11346 11347
f 11279 11348 11280
f 11279 11347 11348
f 11280 11349 11281
f 11280 11348 11349
f 11281 11350 11282
f 11281 11349 11350
f 11282 11351 11283
f 11282 11350 11351
f 11283 11352 11284
f 11283 11351 11352
f 11284 11353 11285
f 11284 11352 11353
f 11285 11354 11286
f 11285 11353 11354
f 11286 11355 11287
f 11286 11354 11355
f 11287 11356 11288
f 11287 11355 11356
f 11288 11357 11289
f 11288 11356 11357
f 11289 11358 11290
f 11289 11357 11358
f 11290 11359 11291
f 11290 11358 11359
f 11291 11360 11292
f 11291 11359 11360
f 11292 11361 11293
f 11292 11360 11361
f 11293 11362 11294
f 11293 11361 11362
f 11294 11363 11295
f 11294 11362 11363
f 11295 11364 11296
f 11295 11363 11364
f 11296 11365 11297
f 11296 11364 11365
f 11297 11366 11298
f 11297 11365 11366
f 11298 11367 11299
f 11298 11366 11367
f 11299 11368 11300
f 11299 11367 11368
f 11300 11369 11301
f 11300 11368 11369
f 11301 11370 11302
f 11301 11369 11370
f 11302 11371 11303
f 11302 11370 11371
f 11303 11372 11304
f 11303 11371 11372
f 11304 11373 11305
f 11304 11372 11373
f 11305 11374 11306
f 11305 11373 11374
f 11306 11375 11307
f 11306 11374 11375
f 11307 11376 11308
f 11307 11375 11376
f 11308 11377 11309
f 11308 11376 11377
f 11309 11378 11310
f 11309 11377 11378
f 11310 11379 11311
f 11310 11378 11379
f 11311 11380 11312
f 11311 11379 11380
f 11312 11381 11313
f 11312 11380 11381
f 11313 11382 11314
f 11313 11381 11382
f 11314 11383 11315
f 11314 11382 11383
f 11315 11384 11316
f 11315 11383 11384
f 11316 11385 11317
f 11316 11384 11385
f 11317 11386 11318
f 11317 11385 11386
f 11318 11387 11319
f 11318 11386 11387
f 11319 11388 11320
f 11319 11387 11388
f 11320 11389 11321
f 11320 11388 11389
f 11321 11390 11322
f 11321 11389 11390
f 11322 11391 11323
f 11322 11390 11391
f 11323 11392 11324
f 11323 11391 11392
f 11324 11393 11325
f 11324 11392 11393
f 11325 11394 11326
f 11325 11393 11394
f 11326 11395 11327
f 11326 11394 11395
f 11327 11396 11328
f 11327 11395 11396
f 11328 11397 11329
f 11328 11396 11397
f 11329 11398 11330
f 11329 11397 11398
f 11330 11399 11331
f 11330 11398 11399
f 11331 11400 11332
f 11331 11399 11400
f 11332 11401 11333
f 11332 11400 11401
f 11333 11402 11334
f 11333 11401 11402
f 11334 11403 11335
f 11334 11402 11403
f 11335 11404 11336
f 11335 11403 11404
f 11336 11405 11337
f 11336 11404 11405
f 11337 11406 11338
f 11337 11405 11406
f 11338 11407 11339
f 11338 11406 11407
f 11339 11408 11340
f 11339 11407 11408
f 11340 11409 11341
f 11340 11408 11409
f 11341 11410 11342
f 11341 11409 11410
f 11342 11411 11343
f 11342 11410 11411
f 11411 10608 10606
f 11411 10606 11343
f 10609 11412 11344
f 10609 11344 10607
f 11344 11413 11345
f 11344 11412 11413
f 11345 11414 11346
f 11345 11413 11414
f 11346 11415 11347
f 11346 11414 11415
f 11347 11416 11348
f 11347 11415 11416
f 11348 11417 11349
f 11348 11416 11417
f 11349 11418 11350
f 11349 11417 11418
f 11350 11419 11351
f 11350 11418 11419
f 11351 11420 11352
f 11351 11419 11420
f 11352 11421 11353
f 11352 11420 11421
f 11353 11422 11354
f 11353 11421 11422
f 11354 11423 11355
f 11354 11422 11423
f 11355 11424 11356
f 11355 11423 11424
f 11356 11425 11357
f 11356 11424 11425
f 11357 11426 11358
f 11357 11425 11426
f 11358 11427 11359
f 11358 11426 11427
f 11359 11428 11360
f 11359 11427 11428
f 11360 11429 11361
f 11360 11428 11429
f 11361 11430 11362
f 11361 11429 11430
f 11362 11431 11363
f 11362 11430 11431
f 11363 11432 11364
f 11363 11431 11432
f 11364 11433 11365
f 11364 11432 11433
f 11365 11434 11366
f 11365 11433 11434
f 11366 11435 11367
f 11366 11434 11435
f 11367 11436 11368
f 11367 11435 11436
f 11368 11437 11369
f 11368 11436 11437
f 11369 11438 11370
f 11369 11437 11438
f 11370 11439 11371
f 11370 11438 11439
f 11371 11440 11372
f 11371 11439 11440
f 11372 11441 11373
f 11372 11440 11441
f 11373 11442 11374
f 11373 11441 11442
f 11374 11443 11375
f 11374 11442 11443
f 11375 11444 11376
f 11375 11443 11444
f 11376 11445 11377
f 11376 11444 11445
f 11377 11446 11378
f 11377 11445 11446
f 11378 11447 11379
f 11378 11446 11447
f 11379 11448 11380
f 11379 11447 11448
f 11380 11449 11381
f 11380 11448 11449
f 11381 11450 11382
f 11381 11449 11450
f 11382 11451 11383
f 11382 11450 11451
f 11383 11452 11384
f 11383 11451 11452
f 11384 11453 11385
f 11384 11452 11453
f 11385 11454 11386
f 11385 11453 11454
f 11386 11455 11387
f 11386 11454 11455
f 11387 11456 11388
f 11387 11455 11456
f 11388 11457 11389
f 11388 11456 11457
f 11389 11458 11390
f 11389 11457 11458
f 11390 11459 11391
f 11390 11458 11459
f 11391 11460 11392
f 11391 11459 11460
f 11392 11461 11393
f 11392 11460 11461
f 11393 11462 11394
f 11393 11461 11462
f 11394 11463 11395
f 11394 11462 11463
f 11395 11464 11396
f 11395 11463 11464
f 11396 11465 11397
f 11396 11464 11465
f 11397 11466 11398
f 11397 11465 11466
f 11398 11467 11399
f 11398 11466 11467
f 11399 11468 11400
f 11399 11467 11468
f 11400 11469 11401
f 11400 11468 11469
f 11401 11470 11402
f 11401 11469 11470
f 11402 11471 11403
f 11402 11470 11471
f 11403 11472 11404
f 11403 11471 11472
f 11404 11473 11405
f 11404 11472 11473
f 11405 11474 11406
f 11405 11473 11474
f 11406 11475 11407
f 11406 11474 11475
f 11407 11476 11408
f 11407 11475 11476
f 11408 11477 11409
f 11408 11476 11477
f 11409 11478 11410
f 11409 11477 11478
f 11410 11479 11411
f 11410 11478 11479
f 11479 10610 10608
f 11479 10608 11411
f 10611 11480 11412
f 10611 11412 10609
f 11412 11481 11413
f 11412 11480 11481
f 11413 11482 11414
f 11413 11481 11482
f 11414 11483 11415
f 11414 11482 11483
f 11415 11484 11416
f 11415 11483 11484
f 11416 11485 11417
f 11416 11484 11485
f 11417 11486 11418
f 11417 11485 11486
f 11418 11487 11419
f 11418 11486 11487
f 11419 11488 11420
f 11419 11487 11488
f 11420 11489 11421
f 11420 11488 11489
f 11421 11490 11422
f 11421 11489 11490
f 11422 11491 11423
f 11422 11490 11491
f 11423 11492 11424
f 11423 11491 11492
f 11424 11493 11425
f 11424 11492 11493
f 11425 11494 11426
f 11425 11493 11494
f 11426 11495 11427
f 11426 11494 11495
f 11427 11496 11428
f 11427 11495 11496
f 11428 11497 11429
f 11428 11496 11497
f 11429 11498 11430
f 11429 11497 11498
f 11430 11499 11431
f 11430 11498 11499
f 11431 11500 11432
f 11431 11499 11500
f 11432 11501 11433
f 11432 11500 11501
f 11433 11502 11434
f 11433 11501 11502
f 11434 11503 11435
f 11434 11502 11503
f 11435 11504 11436
f 11435 11503 11504
f 11436 11505 11437
f 11436 11504 11505
f 11437 11506 11438
f 11437 11505 11506
f 11438 11507 11439
f 11438 11506 11507
f 11439 11508 11440
f 11439 11507 11508
f 11440 11509 11441
f 11440 11508 11509
f 11441 11510 11442
f 11441 11509 11510
f 11442 11511 11443
f 11442 11510 11511
f 11443 11512 11444
f 11443 11511 11512
f 11444 11513 11445
f 11444 11512 11513
f 11445 11514 11446
f 11445 11513 11514
f 11446 11515 11447
f 11446 11514 11515
f 11447 11516 11448
f 11447 11515 11516
f 11448 11517 11449
f 11448 11516 11517
f 11449 11518 11450
f 11449 11517 11518
f 11450 11519 11451
f 11450 11518 11519
f 11451 11520 11452
f 11451 11519 11520
f 11452 11521 11453
f 11452 11520 11521
f 11453 11522 11454
f 11453 11521 11522
f 11454 11523 11455
f 11454 11522 11523
f 11455 11524 11456
f 11455 11523 11524
f 11456 11525 11457
f 11456 11524 11525
f 11457 11526 11458
f 11457 11525 11526
f 11458 11527 11459
f 11458 11526 11527
f 11459 11528 11460
f 11459 11527 11528
f 11460 11529 11461
f 11460 11528 11529
f 11461 11530 11462
f 11461 11529 11530
f 11462 11531 11463
f 11462 11530 11531
f 11463 11532 11464
f 11463 11531 11532
f 11464 11533 11465
f 11464 11532 11533
f 11465 11534 11466
f 11465 11533 11534
f 11466 11535 11467
f 11466 11534 11535
f 11467 11536 11468
f 11467 11535 11536
f 11468 11537 11469
f 11468 11536 11537
f 11469 11538 11470
f 11469 11537 11538
f 11470 11539 11471
f 11470 11538 11539
f 11471 11540 11472
f 11471 11539 11540
f 11472 11541 11473
f 11472 11540 11541
f 11473 11542 11474
f 11473 11541 11542
f 11474 11543 11475
f 11474 11542 11543
f 11475 11544 11476
f 11475 11543 11544
f 11476 11545 11477
f 11476 11544 11545
f 11477 11546 11478
f 11477 11545 11546
f 11478 11547 11479
f 11478 11546 11547
f 11547 10612 10610
f 11547 10610 11479
f 10613 11548 11480
f 10613 11480 10611
f 11480 11549 11481
f 11480 11548 11549
f 11481 11550 11482
f 11481 11549 11550
f 11482 11551 11483
f 11482 11550 11551
f 11483 11552 11484
f 11483 11551 11552
f 11484 11553 11485
f 11484 11552 11553
f 11485 11554 11486
f 11485 11553 11554
f 11486 11555 11487
f 11486 11554 11555
f 11487 11556 11488
f 11487 11555 11556
f 11488 11557 11489
f 11488 11556 11557
f 11489 11558 11490
f 11489 11557 11558
f 11490 11559 11491
f 11490 11558 11559
f 11491 11560 11492
f 11491 11559 11560
f 11492 11561 11493
f 11492 11560 11561
f 11493 11562 11494
f 11493 11561 11562
f 11494 11563 11495
f 11494 11562 11563
f 11495 11564 11496
f 11495 11563 11564
f 11496 11565 11497
f 11496 11564 11565
f 11497 11566 11498
f 11497 11565 11566
f 11498 11567 11499
f 11498 11566 11567
f 11499 11568 11500
f 11499 11567 11568
f 11500 11569 11501
f 11500 11568 11569
f 11501 11570 11502
f 11501 11569 11570
f 11502 11571 11503
f 11502 11570 11571
f 11503 11572 11504
f 11503 11571 11572
f 11504 11573 11505
f 11504 11572 11573
f 11505 11574 11506
f 11505 11573 11574
f 11506 11575 11507
f 11506 11574 11575
f 11507 11576 11508
f 11507 11575 11576
f 11508 11577 11509
f 11508 11576 11577
f 11509 11578 11510
f 11509 11577 11578
f 11510 11579 11511
f 11510 11578 11579
f 11511 11580 11512
f 11511 11579 11580
f 11512 11581 11513
f 11512 11580 11581
f 11513 11582 11514
f 11513 11581 11582
f 11514 11583 11515
f 11514 11582 11583
f 11515 11584 11516
f 11515 11583 11584
f 11516 11585 11517
f 11516 11584 11585
f 11517 11586 11518
f 11517 11585 11586
f 11518 11587 11519
f 11518 11586 11587
f 11519 11588 11520
f 11519 11587 11588
f 11520 11589 11521
f 11520 11588 11589
f 11521 11590 11522
f 11521 11589 11590
f 11522 11591 11523
f 11522 11590 11591
f 11523 11592 11524
f 11523 11591 11592
f 11524 11593 11525
f 11524 11592 11593
f 11525 11594 11526
f 11525 11593 11594
f 11526 11595 11527
f 11526 11594 11595
f 11527 11596 11528
f 11527 11595 11596
f 11528 11597 11529
f 11528 11596 11597
f 11529 11598 11530
f 11529 11597 11598
f 11530 11599 11531
f 11530 11598 11599
f 11531 11600 11532
f 11531 11599 11600
f 11532 11601 11533
f 11532 11600 11601
f 11533 11602 11534
f 11533 11601 11602
f 11534 11603 11535
f 11534 11602 11603
f 11535 11604 11536
f 11535 11603 11604
f 11536 11605 11537
f 11536 11604 11605
f 11537 11606 11538
f 11537 11605 11606
f 11538 11607 11539
f 11538 11606 11607
f 11539 11608 11540
f 11539 11607 11608
f 11540 11609 11541
f 11540 11608 11609
f 11541 11610 11542
f 11541 11609 11610
f 11542 11611 11543
f 11542 11610 11611
f 11543 11612 11544
f 11543 11611 11612
f 11544 11613 11545
f 11544 11612 11613
f 11545 11614 11546
f 11545 11613 11614
f 11546 11615 11547
f 11546 11614 11615
f 11615 10614 10612
f 11615 10612 11547
f 10615 11616 11548
f 10615 11548 10613
f 11548 11617 11549
f 11548 11616 11617
f 11549 11618 11550
f 11549 11617 11618
f 11550 11619 11551
f 11550 11618 11619
f 11551 11620 11552
f 11551 11619 11620
f 11552 11621 11553
f 11552 11620 11621
f 11553 11622 11554
f 11553 11621 11622
f 11554 11623 11555
f 11554 11622 11623
f 11555 11624 11556
f 11555 11623 11624
f 11556 11625 11557
f 11556 11624 11625
f 11557 11626 11558
f 11557 11625 11626
f 11558 11627 11559
f 11558 11626 11627
f 11559 11628 11560
f 11559 11627 11628
f 11560 11629 11561
f 11560 11628 11629
f 11561 11630 11562
f 11561 11629 11630
f 11562 11631 11563
f 11562 11630 11631
f 11563 11632 11564
f 11563 11631 11632
f 11564 11633 11565
f 11564 11632 11633
f 11565 11634 11566
f 11565 11633 11634
f 11566 11635 11567
f 11566 11634 11635
f 11567 11636 11568
f 11567 11635 11636
f 11568 11637 11569
f 11568 11636 11637
f 11569 11638 11570
f 11569 11637 11638
f 11570 11639 11571
f 11570 11638 11639
f 11571 11640 11572
f 11571 11639 11640
f 11572 11641 11573
f 11572 11640 11641
f 11573 11642 11574
f 11573 11641 11642
f 11574 11643 11575
f 11574 11642 11643
f 11575 11644 11576
f 11575 11643 11644
f 11576 11645 11577
f 11576 11644 11645
f 11577 11646 11578
f 11577 11645 11646
f 11578 11647 11579
f 11578 11646 11647
f 11579 11648 11580
f 11579 11647 11648
f 11580 11649 11581
f 11580 11648 11649
f 11581 11650 11582
f 11581 11649 11650
f 11582 11651 11583
f 11582 11650 11651
f 11583 11652 11584
f 11583 11651 11652
f 11584 11653 11585
f 11584 11652 11653
f 11585 11654 11586
f 11585 11653 11654
f 11586 11655 11587
f 11586 11654 11655
f 11587 11656 11588
f 11587 11655 11656
f 11588 11657 11589
f 11588 11656 11657
f 11589 11658 11590
f 11589 11657 11658
f 11590 11659 11591
f 11590 11658 11659
f 11591 11660 11592
f 11591 11659 11660
f 11592 11661 11593
f 11592 11660 11661
f 11593 11662 11594
f 11593 11661 11662
f 11594 11663 11595
f 11594 11662 11663
f 11595 11664 11596
f 11595 11663 11664
f 11596 11665 11597
f 11596 11664 11665
f 11597 11666 11598
f 11597 11665 11666
f 11598 11667 11599
f 11598 11666 11667
f 11599 11668 11600
f 11599 11667 11668
f 11600 11669 11601
f 11600 11668 11669
f 11601 11670 11602
f 11601 11669 11670
f 11602 11671 11603
f 11602 11670 11671
f 11603 11672 11604
f 11603 11671 11672
f 11604 11673 11605
f 11604 11672 11673
f 11605 11674 11606
f 11605 11673 11674
f 11606 11675 11607
f 11606 11674 11675
f 11607 11676 11608
f 11607 11675 11676
f 11608 11677 11609
f 11608 11676 11677
f 11609 11678 11610
f 11609 11677 11678
f 11610 11679 11611
f 11610 11678 11679
f 11611 11680 11612
f 11611 11679 11680
f 11612 11681 11613
f 11612 11680 11681
f 11613 11682 11614
f 11613 11681 11682
f 11614 11683 11615
f 11614 11682 11683
f 11683 10616 10614
f 11683 10614 11615
f 10617 11684 11616
f 10617 11616 10615
f 11616 11685 11617
f 11616 11684 11685
f 11617 11686 11618
f 11617 11685 11686
f 11618 11687 11619
f 11618 11686 11687
f 11619 11688 11620
f 11619 11687 11688
f 11620 11689 11621
f 11620 11688 11689
f 11621 11690 11622
f 11621 11689 11690
f 11622 11691 11623
f 11622 11690 11691
f 11623 11692 11624
f 11623 11691 11692
f 11624 11693 11625
f 11624 11692 11693
f 11625 11694 11626
f 11625 11693 11694
f 11626 11695 11627
f 11626 11694 11695
f 11627 11696 11628
f 11627 11695 11696
f 11628 11697 11629
f 11628 11696 11697
f 11629 11698 11630
f 11629 11697 11698
f 11630 11699 11631
f 11630 11698 11699
f 11631 11700 11632
f 11631 11699 11700
f 11632 11701 11633
f 11632 11700 11701
f 11633 11702 11634
f 11633 11701 11702
f 11634 11703 11635
f 11634 11702 11703
f 11635 11704 11636
f 11635 11703 11704
f 11636 11705 11637
f 11636 11704 11705
f 11637 11706 11638
f 11637 11705 11706
f 11638 11707 11639
f 11638 11706 11707
f 11639 11708 11640
f 11639 11707 11708
f 11640 11709 11641
f 11640 11708 11709
f 11641 11710 11642
f 11641 11709 11710
f 11642 11711 11643
f 11642 11710 11711
f 11643 11712 11644
f 11643 11711 11712
f 11644 11713 11645
f 11644 11712 11713
f 11645 11714 11646
f 11645 11713 11714
f 11646 11715 11647
f 11646 11714 11715
f 11647 11716 11648
f 11647 11715 11716
f 11648 11717 11649
f 11648 11716 11717
f 11649 11718 11650
f 11649 11717 11718
f 11650 11719 11651
f 11650 11718 11719
f 11651 11720 11652
f 11651 11719 11720
f 11652 11721 11653
f 11652 11720 11721
f 11653 11722 11654
f 11653 11721 11722
f 11654 11723 11655
f 11654 11722 11723
f 11655 11724 11656
f 11655 11723 11724
f 11656 11725 11657
f 11656 11724 11725
f 11657 11726 11658
f 11657 11725 11726
f 11658 11727 11659
f 11658 11726 11727
f 11659 11728 11660
f 11659 11727 11728
f 11660 11729 11661
f 11660 11728 11729
f 11661 11730 11662
f 11661 11729 11730
f 11662 11731 11663
f 11662 11730 11731
f 11663 11732 11664
f 11663 11731 11732
f 11664 11733 11665
f 11664 11732 11733
f 11665 11734 11666
f 11665 11733 11734
f 11666 11735 11667
f 11666 11734 11735
f 11667 11736 11668
f 11667 11735 11736
f 11668 11737 11669
f 11668 11736 11737
f 11669 11738 11670
f 11669 11737 11738
f 11670 11739 11671
f 11670 11738 11739
f 11671 11740 11672
f 11671 11739 11740
f 11672 11741 11673
f 11672 11740 11741
f 11673 11742 11674
f 11673 11741 11742
f 11674 11743 11675
f 11674 11742 11743
f 11675 11744 11676
f 11675 11743 11744
f 11676 11745 11677
f 11676 11744 11745
f 11677 11746 11678
f 11677 11745 11746
f 11678 11747 11679
f 11678 11746 11747
f 11679 11748 11680
f 11679 11747 11748
f 11680 11749 11681
f 11680 11748 11749
f 11681 11750 11682
f 11681 11749 11750
f 11750 10619 10620
f 11683 11750 10620
f 11682 11750 11683
f 11683 10620 10616
f 10621 11751 11684
f 10621 11684 10617
f 11684 11752 11685
f 11684 11751 11752
f 11685 11753 11686
f 11685 11752 11753
f 11686 11754 11687
f 11686 11753 11754
f 11687 11755 11688
f 11687 11754 11755
f 11688 11756 11689
f 11688 11755 11756
f 11689 11757 11690
f 11689 11756 11757
f 11690 11758 11691
f 11690 11757 11758
f 11691 11759 11692
f 11691 11758 11759
f 11692 11760 11693
f 11692 11759 11760
f 11693 11761 11694
f 11693 11760 11761
f 11694 11762 11695
f 11694 11761 11762
f 11695 11763 11696
f 11695 11762 11763
f 11696 11764 11697
f 11696 11763 11764
f 11697 11765 11698
f 11697 11764 11765
f 11698 11766 11699
f 11698 11765 11766
f 11699 11767 11700
f 11699 11766 11767
f 11700 11768 11701
f 11700 11767 11768
f 11701 11769 11702
f 11701 11768 11769
f 11702 11770 11703
f 11702 11769 11770
f 11703 11771 11704
f 11703 11770 11771
f 11704 11772 11705
f 11704 11771 11772
f 11705 11773 11706
f 11705 11772 11773
f 11706 11774 11707
f 11706 11773 11774
f 11707 11775 11708
f 11707 11774 11775
f 11708 11776 11709
f 11708 11775 11776
f 11709 11777 11710
f 11709 11776 11777
f 11710 11778 11711
f 11710 11777 11778
f 11711 11779 11712
f 11711 11778 11779
f 11712 11780 11713
f 11712 11779 11780
f 11713 11781 11714
f 11713 11780 11781
f 11781 10623 10624
f 11715 11781 10624
f 11714 11781 11715
f 11715 10624 10625
f 11715 10625 11716
f 11716 10625 10627
f 11716 10627 11717
f 11717 10627 10629
f 11717 10629 11718
f 11718 10629 10631
f 11718 10631 11719
f 11719 10631 10633
f 11719 10633 11720
f 11720 10633 10635
f 11720 10635 11721
f 11721 10635 10637
f 11721 10637 11722
f 11722 10637 10639
f 11722 10639 11723
f 11723 10639 10641
f 11723 10641 11724
f 11724 10641 10643
f 11724 10643 11725
f 11725 10643 10645
f 11725 10645 11726
f 11726 10645 10647
f 11726 10647 11727
f 11727 10647 10649
f 11727 10649 11728
f 11728 10649 10651
f 11728 10651 11729
f 11729 10651 10653
f 11729 10653 11730
f 11730 10653 10655
f 11730 10655 11731
f 11731 10655 10657
f 11731 10657 11732
f 11732 10657 10659
f 11732 10659 11733
f 11733 10659 10660
f 11733 10660 11734
f 11734 10660 10661
f 11734 10661 11735
f 11735 10661 10662
f 11735 10662 11736
f 11736 10662 10663
f 11736 10663 11737
f 11737 10663 10664
f 11737 10664 11738
f 11738 10664 10665
f 11738 10665 11739
f 11739 10665 10666
f 11739 10666 11740
f 11740 10666 10668
f 11740 10668 11741
f 11741 10668 10670
f 11741 10670 11742
f 11742 10670 10671
f 11742 10671 11743
f 11743 10671 10672
f 11743 10672 11744
f 11744 10672 10673
f 11744 10673 11745
f 11745 10673 10674
f 11745 10674 11746
f 11746 10674 10675
f 11746 10675 11747
f 11747 10675 10676
f 11747 10676 11748
f 11748 10676 10677
f 11748 10677 11749
f 11749 10677 10678
f 11749 10678 11750
f 11750 10678 10619
f 10679 11782 11751
f 10679 11751 10621
f 11751 11783 11752
f 11751 11782 11783
f 11752 11784 11753
f 11752 11783 11784
f 11753 11785 11754
f 11753 11784 11785
f 11754 11786 11755
f 11754 11785 11786
f 11755 11787 11756
f 11755 11786 11787
f 11756 11788 11757
f 11756 11787 11788
f 11757 11789 11758
f 11757 11788 11789
f 11758 11790 11759
f 11758 11789 11790
f 11759 11791 11760
f 11759 11790 11791
f 11760 11792 11761
f 11760 11791 11792
f 11761 11793 11762
f 11761 11792 11793
f 11762 11794 11763
f 11762 11793 11794
f 11763 11795 11764
f 11763 11794 11795
f 11764 11796 11765
f 11764 11795 11796
f 11765 11797 11766
f 11765 11796 11797
f 11766 11798 11767
f 11766 11797 11798
f 11767 11799 11768
f 11767 11798 11799
f 11768 11800 11769
f 11768 11799 11800
f 11769 11801 11770
f 11769 11800 11801
f 11770 11802 11771
f 11770 11801 11802
f 11771 11803 11772
f 11771 11802 11803
f 11772 11804 11773
f 11772 11803 11804
f 11773 11805 11774
f 11773 11804 11805
f 11774 11806 11775
f 11774 11805 11806
f 11806 10681 10682
f 11776 11806 10682
f 11775 11806 11776
f 11776 10682 10683
f 11776 10683 11777
f 11777 10683 10685
f 11777 10685 11778
f 11778 10685 10686
f 11778 10686 11779
f 11779 10686 10687
f 11779 10687 11780
f 11780 10687 10688
f 11780 10688 11781
f 11781 10688 10623
f 10689 11807 11782
f 10689 11782 10679
f 11782 11808 11783
f 11782 11807 11808
f 11783 11809 11784
f 11783 11808 11809
f 11784 11810 11785
f 11784 11809 11810
f 11785 11811 11786
f 11785 11810 11811
f 11786 11812 11787
f 11786 11811 11812
f 11787 11813 11788
f 11787 11812 11813
f 11788 11814 11789
f 11788 11813 11814
f 11789 11815 11790
f 11789 11814 11815
f 11790 11816 11791
f 11790 11815 11816
f 11791 11817 11792
f 11791 11816 11817
f 11792 11818 11793
f 11792 11817 11818
f 11793 11819 11794
f 11793 11818 11819
f 11794 11820 11795
f 11794 11819 11820
f 11795 11821 11796
f 11795 11820 11821
f 11796 11822 11797
f 11796 11821 11822
f 11797 11823 11798
f 11797 11822 11823
f 11798 11824 11799
f 11798 11823 11824
f 11799 11825 11800
f 11799 11824 11825
f 11800 11826 11801
f 11800 11825 11826
f 11801 11827 11802
f 11801 11826 11827
f 11827 10691 10692
f 11803 11827 10692
f 11802 11827 11803
f 11803 10692 10693
f 11803 10693 11804
f 11804 10693 10695
f 11804 10695 11805
f 11805 10695 10696
f 11805 10696 11806
f 11806 10696 10681
f 10697 11828 11807
f 10697 11807 10689
f 11807 11829 11808
f 11807 11828 11829
f 11808 11830 11809
f 11808 11829 11830
f 11809 11831 11810
f 11809 11830 11831
f 11810 11832 11811
f 11810 11831 11832
f 11811 11833 11812
f 11811 11832 11833
f 11812 11834 11813
f 11812 11833 11834
f 11813 11835 11814
f 11813 11834 11835
f 11814 11836 11815
f 11814 11835 11836
f 11815 11837 11816
f 11815 11836 11837
f 11816 11838 11817
f 11816 11837 11838
f 11817 11839 11818
f 11817 11838 11839
f 11818 11840 11819
f 11818 11839 11840
f 11819 11841 11820
f 11819 11840 11841
f 11820 11842 11821
f 11820 11841 11842
f 11821 11843 11822
f 11821 11842 11843
f 11822 11844 11823
f 11822 11843 11844
f 11823 11845 11824
f 11823 11844 11845
f 11824 11846 11825
f 11824 11845 11846
f 11846 10698 10699
f 11826 11846 10699
f 11825 11846 11826
f 11826 10699 10700
f 11826 10700 11827
f 11827 10700 10691
f 10701 11828 10697
f 11828 10701 10702
f 11847 11828 10702
f 11829 11828 11847
f 11829 11848 11830
f 11829 11847 11848
f 11830 11849 11831
f 11830 11848 11849
f 11831 11850 11832
f 11831 11849 11850
f 11832 11851 11833
f 11832 11850 11851
f 11833 11852 11834
f 11833 11851 11852
f 11834 11853 11835
f 11834 11852 11853
f 11835 11854 11836
f 11835 11853 11854
f 11836 11855 11837
f 11836 11854 11855
f 11837 11856 11838
f 11837 11855 11856
f 11838 11857 11839
f 11838 11856 11857
f 11839 11858 11840
f 11839 11857 11858
f 11840 11859 11841
f 11840 11858 11859
f 11841 11860 11842
f 11841 11859 11860
f 11842 11861 11843
f 11842 11860 11861
f 11843 11862 11844
f 11843 11861 11862
f 11862 10703 10704
f 11845 11862 10704
f 11844 11862 11845
f 11845 10704 10705
f 11845 10705 11846
f 11846 10705 10698
f 10706 11863 11847
f 10706 11847 10702
f 11847 11864 11848
f 11847 11863 11864
f 11848 11865 11849
f 11848 11864 11865
f 11849 11866 11850
f 11849 11865 11866
f 11850 11867 11851
f 11850 11866 11867
f 11851 11868 11852
f 11851 11867 11868
f 11852 11869 11853
f 11852 11868 11869
f 11853 11870 11854
f 11853 11869 11870
f 11854 11871 11855
f 11854 11870 11871
f 11855 11872 11856
f 11855 11871 11872
f 11856 11873 11857
f 11856 11872 11873
f 11857 11874 11858
f 11857 11873 11874
f 11858 11875 11859
f 11858 11874 11875
f 11859 11876 11860
f 11859 11875 11876
f 11860 11877 11861
f 11860 11876 11877
f 11877 10707 10708
f 11862 11877 10708
f 11861 11877 11862
f 11862 10708 10703
f 10709 11878 11863
f 10709 11863 10706
f 11863 11879 11864
f 11863 11878 11879
f 11864 11880 11865
f 11864 11879 11880
f 11865 11881 11866
f 11865 11880 11881
f 11866 11882 11867
f 11866 11881 11882
f 11867 11883 11868
f 11867 11882 11883
f 11868 11884 11869
f 11868 11883 11884
f 11869 11885 11870
f 11869 11884 11885
f 11870 11886 11871
f 11870 11885 11886
f 11871 11887 11872
f 11871 11886 11887
f 11872 11888 11873
f 11872 11887 11888
f 11873 11889 11874
f 11873 11888 11889
f 11874 11890 11875
f 11874 11889 11890
f 11875 11891 11876
f 11875 11890 11891
f 11891 10710 10711
f 11877 11891 10711
f 11876 11891 11877
f 11877 10711 10707
f 10712 11878 10709
f 11878 10712 10713
f 11878 10713 11879
f 11879 10713 10714
f 11892 11879 10714
f 11880 11879 11892
f 11880 11893 11881
f 11880 11892 11893
f 11881 11894 11882
f 11881 11893 11894
f 11882 11895 11883
f 11882 11894 11895
f 11883 11896 11884
f 11883 11895 11896
f 11884 11897 11885
f 11884 11896 11897
f 11885 11898 11886
f 11885 11897 11898
f 11886 11899 11887
f 11886 11898 11899
f 11887 11900 11888
f 11887 11899 11900
f 11888 11901 11889
f 11888 11900 11901
f 11901 10716 10717
f 11890 11901 10717
f 11889 11901 11890
f 11890 10717 10718
f 11890 10718 11891
f 11891 10718 10710
f 10719 11892 10714
f 11892 10719 10720
f 11892 10720 11893
f 11893 10720 10721
f 11902 11893 10721
f 11894 11893 11902
f 11894 11903 11895
f 11894 11902 11903
f 11895 11904 11896
f 11895 11903 11904
f 11896 11905 11897
f 11896 11904 11905
f 11897 11906 11898
f 11897 11905 11906
f 11906 10723 10724
f 11899 11906 10724
f 11898 11906 11899
f 11899 10724 10725
f 11899 10725 11900
f 11900 10725 10726
f 11900 10726 11901
f 11901 10726 10716
f 10727 11902 10721
f 11902 10727 10728
f 11902 10728 11903
f 11903 10728 10729
f 11903 10729 11904
f 11904 10729 10730
f 11904 10730 11905
f 11905 10730 10731
f 11905 10731 11906
f 11906 10731 10723

